{"providers":[{"type":"bitmap","file":"happyhud:font/assets/sword/outline.png","height":23,"ascent":-130500,"chars":[""]},{"type":"bitmap","file":"happyhud:font/assets/sword/fill_mana/horizontal/15/1.png","height":5,"ascent":-131500,"chars":[""]},{"type":"bitmap","file":"happyhud:font/assets/sword/fill_mana/horizontal/15/2.png","height":5,"ascent":-131500,"chars":[""]},{"type":"bitmap","file":"happyhud:font/assets/sword/fill_mana/horizontal/15/3.png","height":5,"ascent":-131500,"chars":[""]},{"type":"bitmap","file":"happyhud:font/assets/sword/fill_mana/horizontal/15/4.png","height":5,"ascent":-131500,"chars":[""]},{"type":"bitmap","file":"happyhud:font/assets/sword/fill_mana/horizontal/15/5.png","height":5,"ascent":-131500,"chars":[""]},{"type":"bitmap","file":"happyhud:font/assets/sword/fill_mana/horizontal/15/6.png","height":5,"ascent":-131500,"chars":[""]},{"type":"bitmap","file":"happyhud:font/assets/sword/fill_mana/horizontal/15/7.png","height":5,"ascent":-131500,"chars":[""]},{"type":"bitmap","file":"happyhud:font/assets/sword/fill_mana/horizontal/15/8.png","height":5,"ascent":-131500,"chars":[""]},{"type":"bitmap","file":"happyhud:font/assets/sword/fill_mana/horizontal/15/9.png","height":5,"ascent":-131500,"chars":[""]},{"type":"bitmap","file":"happyhud:font/assets/sword/fill_mana/horizontal/15/10.png","height":5,"ascent":-131500,"chars":[""]},{"type":"bitmap","file":"happyhud:font/assets/sword/fill_mana/horizontal/15/11.png","height":5,"ascent":-131500,"chars":[""]},{"type":"bitmap","file":"happyhud:font/assets/sword/fill_mana/horizontal/15/12.png","height":5,"ascent":-131500,"chars":[""]},{"type":"bitmap","file":"happyhud:font/assets/sword/fill_mana/horizontal/15/13.png","height":5,"ascent":-131500,"chars":[""]},{"type":"bitmap","file":"happyhud:font/assets/sword/fill_mana/horizontal/15/14.png","height":5,"ascent":-131500,"chars":[""]},{"type":"bitmap","file":"happyhud:font/assets/sword/fill_mana/horizontal/15/15.png","height":5,"ascent":-131500,"chars":[""]},{"type":"bitmap","file":"happyhud:font/assets/sword/fill_health/horizontal/15/1.png","height":5,"ascent":-134500,"chars":[""]},{"type":"bitmap","file":"happyhud:font/assets/sword/fill_health/horizontal/15/2.png","height":5,"ascent":-134500,"chars":[""]},{"type":"bitmap","file":"happyhud:font/assets/sword/fill_health/horizontal/15/3.png","height":5,"ascent":-134500,"chars":[""]},{"type":"bitmap","file":"happyhud:font/assets/sword/fill_health/horizontal/15/4.png","height":5,"ascent":-134500,"chars":[""]},{"type":"bitmap","file":"happyhud:font/assets/sword/fill_health/horizontal/15/5.png","height":5,"ascent":-134500,"chars":[""]},{"type":"bitmap","file":"happyhud:font/assets/sword/fill_health/horizontal/15/6.png","height":5,"ascent":-134500,"chars":[""]},{"type":"bitmap","file":"happyhud:font/assets/sword/fill_health/horizontal/15/7.png","height":5,"ascent":-134500,"chars":[""]},{"type":"bitmap","file":"happyhud:font/assets/sword/fill_health/horizontal/15/8.png","height":5,"ascent":-134500,"chars":[""]},{"type":"bitmap","file":"happyhud:font/assets/sword/fill_health/horizontal/15/9.png","height":5,"ascent":-134500,"chars":[""]},{"type":"bitmap","file":"happyhud:font/assets/sword/fill_health/horizontal/15/10.png","height":5,"ascent":-134500,"chars":[""]},{"type":"bitmap","file":"happyhud:font/assets/sword/fill_health/horizontal/15/11.png","height":5,"ascent":-134500,"chars":[""]},{"type":"bitmap","file":"happyhud:font/assets/sword/fill_health/horizontal/15/12.png","height":5,"ascent":-134500,"chars":[""]},{"type":"bitmap","file":"happyhud:font/assets/sword/fill_health/horizontal/15/13.png","height":5,"ascent":-134500,"chars":[""]},{"type":"bitmap","file":"happyhud:font/assets/sword/fill_health/horizontal/15/14.png","height":5,"ascent":-134500,"chars":[""]},{"type":"bitmap","file":"happyhud:font/assets/sword/fill_health/horizontal/15/15.png","height":5,"ascent":-134500,"chars":[""]}]}