{"credit":"Made with Blockbench","textures":{"0":"tac:items/raythean","3":"tac:items/acog_4x_uv","particle":"tac:items/raythean"},"elements":[{"from":[7.81878,10,9.1875],"to":[8.18122,10.5,10.0625],"rotation":{"angle":45,"axis":"y","origin":[8,10,9.625]},"faces":{"north":{"uv":[6.25,5,6.3125,5.0625],"texture":"#3"},"south":{"uv":[5.25,6.25,5.3125,6.3125],"texture":"#3"},"up":{"uv":[4.1875,2.375,4.125,2.25],"texture":"#3"}}},{"from":[7.81878,10,9.1875],"to":[8.18122,10.5,10.0625],"rotation":{"angle":0,"axis":"y","origin":[8,10,9.625]},"faces":{"north":{"uv":[6.25,5.25,6.3125,5.3125],"texture":"#3"},"south":{"uv":[5.5,6.25,5.5625,6.3125],"texture":"#3"},"up":{"uv":[3.1875,4.25,3.125,4.125],"texture":"#3"}}},{"from":[7.5625,10,9.44378],"to":[8.4375,10.5,9.80622],"rotation":{"angle":45,"axis":"y","origin":[8,10,9.625]},"faces":{"east":{"uv":[6.25,5.5,6.3125,5.5625],"texture":"#3"},"west":{"uv":[5.75,6.25,5.8125,6.3125],"texture":"#3"},"up":{"uv":[0.125,4.3125,0,4.25],"texture":"#3"}}},{"from":[7.5625,10,9.44378],"to":[8.4375,10.5,9.80622],"rotation":{"angle":0,"axis":"y","origin":[8,10,9.625]},"faces":{"east":{"uv":[6.25,5.75,6.3125,5.8125],"texture":"#3"},"west":{"uv":[6,6.25,6.0625,6.3125],"texture":"#3"},"up":{"uv":[4.375,0.8125,4.25,0.75],"texture":"#3"}}},{"from":[7.79289,10.1875,9.125],"to":[8.20711,10.4375,10.125],"rotation":{"angle":45,"axis":"y","origin":[8,10.3125,9.625]},"faces":{"north":{"uv":[6.25,6,6.3125,6.0625],"texture":"#3"},"south":{"uv":[6.25,6.25,6.3125,6.3125],"texture":"#3"},"up":{"uv":[4.3125,1.625,4.25,1.5],"texture":"#3"},"down":{"uv":[4.3125,1.75,4.25,1.875],"texture":"#3"}}},{"from":[7.79289,10.1875,9.125],"to":[8.20711,10.4375,10.125],"rotation":{"angle":0,"axis":"y","origin":[8,10.3125,9.625]},"faces":{"north":{"uv":[0.75,6.375,0.8125,6.4375],"texture":"#3"},"south":{"uv":[1.5,6.375,1.5625,6.4375],"texture":"#3"},"up":{"uv":[3.6875,4.375,3.625,4.25],"texture":"#3"},"down":{"uv":[4.3125,3.75,4.25,3.875],"texture":"#3"}}},{"from":[7.5,10.1875,9.41789],"to":[8.5,10.4375,9.83211],"rotation":{"angle":45,"axis":"y","origin":[8,10.3125,9.625]},"faces":{"east":{"uv":[1.75,6.375,1.8125,6.4375],"texture":"#3"},"west":{"uv":[2,6.375,2.0625,6.4375],"texture":"#3"},"up":{"uv":[1.625,4.4375,1.5,4.375],"texture":"#3"},"down":{"uv":[1.875,4.375,1.75,4.4375],"texture":"#3"}}},{"from":[7.5,10.1875,9.41789],"to":[8.5,10.4375,9.83211],"rotation":{"angle":0,"axis":"y","origin":[8,10.3125,9.625]},"faces":{"east":{"uv":[2.25,6.375,2.3125,6.4375],"texture":"#3"},"west":{"uv":[6.375,2.25,6.4375,2.3125],"texture":"#3"},"up":{"uv":[4.5,2.3125,4.375,2.25],"texture":"#3"},"down":{"uv":[2.625,4.375,2.5,4.4375],"texture":"#3"}}},{"from":[9.09375,8.88664,9.125],"to":[9.34375,9.30086,10.125],"rotation":{"angle":-45,"axis":"x","origin":[9,9.09375,9.625]},"faces":{"north":{"uv":[2.5,6.375,2.5625,6.4375],"texture":"#3"},"east":{"uv":[4.375,2.5,4.5,2.5625],"texture":"#3"},"south":{"uv":[6.375,2.5,6.4375,2.5625],"texture":"#3"},"west":{"uv":[2.75,4.375,2.875,4.4375],"texture":"#3"}}},{"from":[9.09375,8.88664,9.125],"to":[9.34375,9.30086,10.125],"rotation":{"angle":0,"axis":"y","origin":[9,9.09375,9.625]},"faces":{"north":{"uv":[2.75,6.375,2.8125,6.4375],"texture":"#3"},"east":{"uv":[4.375,3,4.5,3.0625],"texture":"#3"},"south":{"uv":[6.375,2.75,6.4375,2.8125],"texture":"#3"},"west":{"uv":[4.375,3.25,4.5,3.3125],"texture":"#3"}}},{"from":[9.09375,8.59375,9.41789],"to":[9.34375,9.59375,9.83211],"rotation":{"angle":-45,"axis":"x","origin":[9,9.09375,9.625]},"faces":{"east":{"uv":[4.375,4.25,4.4375,4.375],"texture":"#3"},"west":{"uv":[4.5,0,4.5625,0.125],"texture":"#3"},"up":{"uv":[3.0625,6.4375,3,6.375],"texture":"#3"},"down":{"uv":[6.4375,3,6.375,3.0625],"texture":"#3"}}},{"from":[9.09375,8.59375,9.41789],"to":[9.34375,9.59375,9.83211],"rotation":{"angle":0,"axis":"y","origin":[9,9.09375,9.625]},"faces":{"east":{"uv":[4.5,0.25,4.5625,0.375],"texture":"#3"},"west":{"uv":[4.5,0.5,4.5625,0.625],"texture":"#3"},"up":{"uv":[6.4375,3.3125,6.375,3.25],"texture":"#3"},"down":{"uv":[6.4375,3.5,6.375,3.5625],"texture":"#3"}}},{"from":[8.90625,8.91253,9.1875],"to":[9.40625,9.27497,10.0625],"rotation":{"angle":-45,"axis":"x","origin":[9,9.09375,9.625]},"faces":{"north":{"uv":[3.75,6.375,3.8125,6.4375],"texture":"#3"},"east":{"uv":[4.5,0.75,4.625,0.8125],"texture":"#3"},"south":{"uv":[6.375,4,6.4375,4.0625],"texture":"#3"}}},{"from":[8.90625,8.91253,9.1875],"to":[9.40625,9.27497,10.0625],"rotation":{"angle":0,"axis":"y","origin":[9,9.09375,9.625]},"faces":{"north":{"uv":[6.375,4.25,6.4375,4.3125],"texture":"#3"},"east":{"uv":[4.5,1.25,4.625,1.3125],"texture":"#3"},"south":{"uv":[6.375,4.5,6.4375,4.5625],"texture":"#3"}}},{"from":[8.90625,8.65625,9.44378],"to":[9.40625,9.53125,9.80622],"rotation":{"angle":-45,"axis":"x","origin":[9,9.09375,9.625]},"faces":{"east":{"uv":[3.5,4.5,3.5625,4.625],"texture":"#3"},"up":{"uv":[0.0625,6.5625,0,6.5],"texture":"#3"},"down":{"uv":[6.5625,0,6.5,0.0625],"texture":"#3"}}},{"from":[8.90625,8.65625,9.44378],"to":[9.40625,9.53125,9.80622],"rotation":{"angle":0,"axis":"y","origin":[9,9.09375,9.625]},"faces":{"east":{"uv":[0.75,4.625,0.8125,4.75],"texture":"#3"},"up":{"uv":[0.3125,6.5625,0.25,6.5],"texture":"#3"},"down":{"uv":[6.5625,0.25,6.5,0.3125],"texture":"#3"}}},{"from":[7.24112,9.8545,10.3125],"to":[8.75888,10.12012,11],"rotation":{"angle":0,"axis":"y","origin":[8,10.37012,10.5]},"faces":{"north":{"uv":[3.75,3.5,3.9375,3.5625],"texture":"#3","tintindex":0},"east":{"uv":[0.5,6.5,0.5625,6.5625],"texture":"#3","tintindex":0},"south":{"uv":[3.875,0,4.0625,0.0625],"texture":"#3","tintindex":0},"west":{"uv":[6.5,0.5,6.5625,0.5625],"texture":"#3","tintindex":0},"up":{"uv":[4.0625,0.8125,3.875,0.75],"texture":"#3","tintindex":0},"down":{"uv":[4.0625,1.25,3.875,1.3125],"texture":"#3","tintindex":0}}},{"from":[7.24111,8.12012,10.3125],"to":[8.75888,8.38571,11],"rotation":{"angle":0,"axis":"y","origin":[8,10.24512,10.5]},"faces":{"north":{"uv":[3.875,1.5,4.0625,1.5625],"texture":"#3","tintindex":0},"south":{"uv":[3.875,1.75,4.0625,1.8125],"texture":"#3","tintindex":0},"up":{"uv":[2.1875,3.9375,2,3.875],"texture":"#3","tintindex":0},"down":{"uv":[4.0625,2,3.875,2.0625],"texture":"#3","tintindex":0}}},{"from":[8.64887,9.85451,10.3125],"to":[8.75888,9.91701,11],"rotation":{"angle":45,"axis":"z","origin":[8.70388,9.98732,10.8125]},"faces":{"north":{"uv":[6.5,1,6.5625,1.0625],"texture":"#3","tintindex":0},"south":{"uv":[6.5,1.25,6.5625,1.3125],"texture":"#3","tintindex":0},"down":{"uv":[6.5625,2,6.5,2.0625],"texture":"#3","tintindex":0}}},{"from":[7.24111,8.38571,10.625],"to":[8.75888,8.44821,11],"rotation":{"angle":0,"axis":"y","origin":[8,10.30762,10.5625]},"faces":{"north":{"uv":[2.375,3.875,2.5625,3.9375],"texture":"#3","tintindex":0},"east":{"uv":[3.25,6.5,3.3125,6.5625],"texture":"#3","tintindex":0},"south":{"uv":[2.75,3.875,2.9375,3.9375],"texture":"#3","tintindex":0},"west":{"uv":[3.5,6.5,3.5625,6.5625],"texture":"#3","tintindex":0}}},{"from":[8.77418,9.93231,10.3125],"to":[8.83668,10.04233,11],"rotation":{"angle":45,"axis":"z","origin":[8.70388,9.98732,10.8125]},"faces":{"north":{"uv":[6.5,3.75,6.5625,3.8125],"texture":"#3","tintindex":0},"east":{"uv":[4,6.5,4.0625,6.5625],"texture":"#3","tintindex":0},"south":{"uv":[4.25,6.5,4.3125,6.5625],"texture":"#3","tintindex":0}}},{"from":[6.7853,8.90402,10.625],"to":[6.99111,9.33615,11],"rotation":{"angle":0,"axis":"y","origin":[8,10.30762,10.5625]},"faces":{"north":{"uv":[5,6.5,5.0625,6.5625],"texture":"#3","tintindex":0},"south":{"uv":[5.25,6.5,5.3125,6.5625],"texture":"#3","tintindex":0},"west":{"uv":[6.5,5.25,6.5625,5.3125],"texture":"#3","tintindex":0}}},{"from":[6.99111,8.76071,10.625],"to":[7.24111,9.47946,11],"rotation":{"angle":0,"axis":"y","origin":[8.25,10.30762,10.5625]},"faces":{"north":{"uv":[5.75,6.5,5.8125,6.5625],"texture":"#3","tintindex":0}}},{"from":[7.04139,8.76071,10.94027],"to":[7.16639,9.47946,11.50277],"rotation":{"angle":22.5,"axis":"y","origin":[7.16639,9.12008,11.09652]},"faces":{"east":{"uv":[0.75,6.625,0.8125,6.6875],"texture":"#3","tintindex":0},"south":{"uv":[1.5,6.625,1.5625,6.6875],"texture":"#3","tintindex":0},"west":{"uv":[1.75,6.625,1.8125,6.6875],"texture":"#3","tintindex":0},"up":{"uv":[2.0625,6.6875,2,6.625],"texture":"#3","tintindex":0},"down":{"uv":[2.3125,6.625,2.25,6.6875],"texture":"#3","tintindex":0}}},{"from":[7.15687,8.76071,10.90806],"to":[7.28187,9.47946,11.15806],"rotation":{"angle":22.5,"axis":"y","origin":[7.28187,9.12008,11.04869]},"faces":{"east":{"uv":[2.5,6.625,2.5625,6.6875],"texture":"#3","tintindex":0},"south":{"uv":[6.625,2.5,6.6875,2.5625],"texture":"#3","tintindex":0},"up":{"uv":[6.6875,2.8125,6.625,2.75],"texture":"#3","tintindex":0},"down":{"uv":[3.0625,6.625,3,6.6875],"texture":"#3","tintindex":0}}},{"from":[8.83361,8.76071,10.94027],"to":[8.95861,9.47946,11.50277],"rotation":{"angle":-22.5,"axis":"y","origin":[8.83361,9.12008,11.09652]},"faces":{"east":{"uv":[6.625,3.25,6.6875,3.3125],"texture":"#3","tintindex":0},"south":{"uv":[6.625,3.5,6.6875,3.5625],"texture":"#3","tintindex":0},"west":{"uv":[3.75,6.625,3.8125,6.6875],"texture":"#3","tintindex":0},"up":{"uv":[6.6875,4.0625,6.625,4],"texture":"#3","tintindex":0},"down":{"uv":[6.6875,4.25,6.625,4.3125],"texture":"#3","tintindex":0}}},{"from":[8.71813,8.76071,10.90806],"to":[8.84313,9.47946,11.15806],"rotation":{"angle":-22.5,"axis":"y","origin":[8.71813,9.12008,11.04869]},"faces":{"south":{"uv":[6.75,0,6.8125,0.0625],"texture":"#3","tintindex":0},"west":{"uv":[0.25,6.75,0.3125,6.8125],"texture":"#3","tintindex":0},"up":{"uv":[6.8125,0.3125,6.75,0.25],"texture":"#3","tintindex":0},"down":{"uv":[0.5625,6.75,0.5,6.8125],"texture":"#3","tintindex":0}}},{"from":[9.00889,8.90402,10.625],"to":[9.2147,9.33615,11],"rotation":{"angle":0,"axis":"y","origin":[8,10.30762,10.5625]},"faces":{"north":{"uv":[6.75,0.5,6.8125,0.5625],"texture":"#3","tintindex":0},"east":{"uv":[6.75,0.75,6.8125,0.8125],"texture":"#3","tintindex":0},"south":{"uv":[1,6.75,1.0625,6.8125],"texture":"#3","tintindex":0}}},{"from":[8.75889,8.76071,10.625],"to":[9.00889,9.47946,11],"rotation":{"angle":0,"axis":"y","origin":[7.75,10.30762,10.5625]},"faces":{"north":{"uv":[6.75,1.5,6.8125,1.5625],"texture":"#3","tintindex":0}}},{"from":[7.56263,8.82001,10.625],"to":[7.78138,9.77529,11],"rotation":{"angle":-45,"axis":"z","origin":[7.797,10.0164,10.75]},"faces":{"north":{"uv":[2,4.625,2.0625,4.75],"texture":"#3","tintindex":0},"south":{"uv":[4.625,2.25,4.6875,2.375],"texture":"#3","tintindex":0},"west":{"uv":[2.5,4.625,2.5625,4.75],"texture":"#3","tintindex":0}}},{"from":[6.95842,8.11106,10.625],"to":[7.17717,9.06633,11],"rotation":{"angle":45,"axis":"z","origin":[7.0678,8.7762,10.75]},"faces":{"north":{"uv":[4.625,2.5,4.6875,2.625],"texture":"#3","tintindex":0},"south":{"uv":[4.625,2.75,4.6875,2.875],"texture":"#3","tintindex":0},"west":{"uv":[3,4.625,3.0625,4.75],"texture":"#3","tintindex":0}}},{"from":[8.21862,8.82001,10.625],"to":[8.43737,9.77529,11],"rotation":{"angle":45,"axis":"z","origin":[8.203,10.0164,10.75]},"faces":{"north":{"uv":[4.625,3,4.6875,3.125],"texture":"#3","tintindex":0},"east":{"uv":[4.625,3.25,4.6875,3.375],"texture":"#3","tintindex":0},"south":{"uv":[4.625,3.5,4.6875,3.625],"texture":"#3","tintindex":0}}},{"from":[8.82283,8.11106,10.625],"to":[9.04158,9.06633,11],"rotation":{"angle":-45,"axis":"z","origin":[8.9322,8.7762,10.75]},"faces":{"north":{"uv":[4.625,4,4.6875,4.125],"texture":"#3","tintindex":0},"east":{"uv":[4.625,4.25,4.6875,4.375],"texture":"#3","tintindex":0},"south":{"uv":[4.625,4.5,4.6875,4.625],"texture":"#3","tintindex":0}}},{"from":[7.24111,9.79196,10.625],"to":[8.75888,9.85446,11],"rotation":{"angle":0,"axis":"y","origin":[8,11.71387,10.5625]},"faces":{"north":{"uv":[0,4,0.1875,4.0625],"texture":"#3","tintindex":0},"east":{"uv":[6.75,5.25,6.8125,5.3125],"texture":"#3","tintindex":0},"south":{"uv":[0.375,4,0.5625,4.0625],"texture":"#3","tintindex":0},"west":{"uv":[5.5,6.75,5.5625,6.8125],"texture":"#3","tintindex":0},"up":{"uv":[4.1875,2.5625,4,2.5],"texture":"#3","tintindex":0}}},{"from":[7.30361,9.71383,10.3125],"to":[7.57138,9.85446,10.6875],"rotation":{"angle":0,"axis":"y","origin":[8,11.71387,10.25]},"faces":{"north":{"uv":[6.75,5.5,6.8125,5.5625],"texture":"#3","tintindex":0},"south":{"uv":[6.75,5.75,6.8125,5.8125],"texture":"#3","tintindex":0},"west":{"uv":[6,6.75,6.0625,6.8125],"texture":"#3","tintindex":0},"up":{"uv":[6.8125,6.0625,6.75,6],"texture":"#3","tintindex":0}}},{"from":[8.42862,9.71383,10.3125],"to":[8.69639,9.85446,10.6875],"rotation":{"angle":0,"axis":"y","origin":[8,11.71387,10.25]},"faces":{"north":{"uv":[6.75,6.25,6.8125,6.3125],"texture":"#3","tintindex":0},"east":{"uv":[6.5,6.75,6.5625,6.8125],"texture":"#3","tintindex":0},"south":{"uv":[6.75,6.5,6.8125,6.5625],"texture":"#3","tintindex":0},"up":{"uv":[0.8125,6.9375,0.75,6.875],"texture":"#3","tintindex":0}}},{"from":[7.30361,8.38571,10.3125],"to":[7.57138,8.52633,10.6875],"rotation":{"angle":0,"axis":"y","origin":[8,10.38574,10.25]},"faces":{"north":{"uv":[1.75,6.875,1.8125,6.9375],"texture":"#3","tintindex":0},"south":{"uv":[2.25,6.875,2.3125,6.9375],"texture":"#3","tintindex":0},"west":{"uv":[6.875,2.25,6.9375,2.3125],"texture":"#3","tintindex":0}}},{"from":[8.42862,8.38571,10.3125],"to":[8.69639,8.52633,10.6875],"rotation":{"angle":0,"axis":"y","origin":[8,10.38574,10.25]},"faces":{"north":{"uv":[2.75,6.875,2.8125,6.9375],"texture":"#3","tintindex":0},"east":{"uv":[6.875,2.75,6.9375,2.8125],"texture":"#3","tintindex":0},"south":{"uv":[3,6.875,3.0625,6.9375],"texture":"#3","tintindex":0}}},{"from":[8.75855,9.93231,10.3125],"to":[8.83668,10.04233,11],"rotation":{"angle":0,"axis":"y","origin":[8.70388,9.98732,10.8125]},"faces":{"north":{"uv":[3.75,6.875,3.8125,6.9375],"texture":"#3","tintindex":0},"east":{"uv":[6.875,4,6.9375,4.0625],"texture":"#3","tintindex":0},"south":{"uv":[6.875,4.25,6.9375,4.3125],"texture":"#3","tintindex":0}}},{"from":[7.24112,9.85451,10.3125],"to":[7.35113,9.91701,11],"rotation":{"angle":-45,"axis":"z","origin":[7.29612,9.98732,10.8125]},"faces":{"north":{"uv":[0.25,7,0.3125,7.0625],"texture":"#3","tintindex":0},"south":{"uv":[0.5,7,0.5625,7.0625],"texture":"#3","tintindex":0},"down":{"uv":[1.0625,7,1,7.0625],"texture":"#3","tintindex":0}}},{"from":[7.16332,9.93231,10.3125],"to":[7.22582,10.04233,11],"rotation":{"angle":-45,"axis":"z","origin":[7.29612,9.98732,10.8125]},"faces":{"north":{"uv":[7,1,7.0625,1.0625],"texture":"#3","tintindex":0},"south":{"uv":[7,1.25,7.0625,1.3125],"texture":"#3","tintindex":0},"west":{"uv":[7,1.5,7.0625,1.5625],"texture":"#3","tintindex":0}}},{"from":[7.16332,9.93231,10.3125],"to":[7.24145,10.04233,11],"rotation":{"angle":0,"axis":"y","origin":[7.29612,9.98732,10.8125]},"faces":{"north":{"uv":[3.25,7,3.3125,7.0625],"texture":"#3","tintindex":0},"south":{"uv":[7,3.75,7.0625,3.8125],"texture":"#3","tintindex":0},"west":{"uv":[4,7,4.0625,7.0625],"texture":"#3","tintindex":0}}},{"from":[7.24112,8.12012,10.3125],"to":[7.35113,8.18262,11],"rotation":{"angle":-45,"axis":"z","origin":[7.29612,8.25292,10.8125]},"faces":{"north":{"uv":[4.75,7,4.8125,7.0625],"texture":"#3","tintindex":0},"south":{"uv":[5,7,5.0625,7.0625],"texture":"#3","tintindex":0},"down":{"uv":[7.0625,5.25,7,5.3125],"texture":"#3","tintindex":0}}},{"from":[7.16332,8.19791,10.3125],"to":[7.22582,8.30792,11],"rotation":{"angle":-45,"axis":"z","origin":[7.29612,8.25292,10.8125]},"faces":{"north":{"uv":[5.5,7,5.5625,7.0625],"texture":"#3","tintindex":0},"south":{"uv":[5.75,7,5.8125,7.0625],"texture":"#3","tintindex":0},"west":{"uv":[7,5.75,7.0625,5.8125],"texture":"#3","tintindex":0}}},{"from":[7.16332,8.19791,10.3125],"to":[7.24145,8.30792,11],"rotation":{"angle":0,"axis":"y","origin":[7.29612,8.25292,10.8125]},"faces":{"north":{"uv":[6.25,7,6.3125,7.0625],"texture":"#3","tintindex":0},"south":{"uv":[6.5,7,6.5625,7.0625],"texture":"#3","tintindex":0},"west":{"uv":[7,6.5,7.0625,6.5625],"texture":"#3","tintindex":0}}},{"from":[8.64887,8.12012,10.3125],"to":[8.75888,8.18262,11],"rotation":{"angle":45,"axis":"z","origin":[8.70388,8.25292,10.8125]},"faces":{"north":{"uv":[7,7,7.0625,7.0625],"texture":"#3","tintindex":0},"south":{"uv":[1.5,7.125,1.5625,7.1875],"texture":"#3","tintindex":0},"down":{"uv":[2.3125,7.125,2.25,7.1875],"texture":"#3","tintindex":0}}},{"from":[8.77418,8.19791,10.3125],"to":[8.83668,8.30792,11],"rotation":{"angle":45,"axis":"z","origin":[8.70388,8.25292,10.8125]},"faces":{"north":{"uv":[7.125,2.25,7.1875,2.3125],"texture":"#3","tintindex":0},"east":{"uv":[2.5,7.125,2.5625,7.1875],"texture":"#3","tintindex":0},"south":{"uv":[7.125,2.5,7.1875,2.5625],"texture":"#3","tintindex":0},"up":{"uv":[7.1875,2.8125,7.125,2.75],"texture":"#3","tintindex":0}}},{"from":[8.75855,8.19791,10.3125],"to":[8.83668,8.30792,11],"rotation":{"angle":0,"axis":"y","origin":[8.70388,8.25292,10.8125]},"faces":{"north":{"uv":[7.125,3,7.1875,3.0625],"texture":"#3","tintindex":0},"east":{"uv":[7.125,3.25,7.1875,3.3125],"texture":"#3","tintindex":0},"south":{"uv":[7.125,3.5,7.1875,3.5625],"texture":"#3","tintindex":0}}},{"from":[7.0625,8.80363,10.125],"to":[7.26563,9.44638,10.6875],"rotation":{"angle":0,"axis":"y","origin":[7.5,9.12501,10.5625]},"faces":{"north":{"uv":[7.125,4.5,7.1875,4.5625],"texture":"#3","tintindex":0}}},{"from":[7.52999,9.7607,10.125],"to":[7.86025,9.94825,10.6875],"rotation":{"angle":22.5,"axis":"z","origin":[7.78887,9.4482,10.53125]},"faces":{"north":{"uv":[7.25,0.5,7.3125,0.5625],"texture":"#3","tintindex":0},"south":{"uv":[1,7.25,1.0625,7.3125],"texture":"#3","tintindex":0},"up":{"uv":[1.3125,7.3125,1.25,7.25],"texture":"#3","tintindex":0}}},{"from":[6.8798,9.47713,10.125],"to":[7.52256,9.66468,10.6875],"rotation":{"angle":45,"axis":"z","origin":[7.26368,9.53965,10.40625]},"faces":{"north":{"uv":[7.25,1.5,7.3125,1.5625],"texture":"#3","tintindex":0},"south":{"uv":[7.25,2,7.3125,2.0625],"texture":"#3","tintindex":0},"up":{"uv":[3.5625,7.3125,3.5,7.25],"texture":"#3","tintindex":0}}},{"from":[7.52999,8.30175,10.125],"to":[7.86025,8.4893,10.6875],"rotation":{"angle":-22.5,"axis":"z","origin":[7.78887,8.8018,10.53125]},"faces":{"north":{"uv":[4,7.25,4.0625,7.3125],"texture":"#3","tintindex":0},"south":{"uv":[4.5,7.25,4.5625,7.3125],"texture":"#3","tintindex":0},"down":{"uv":[5.0625,7.25,5,7.3125],"texture":"#3","tintindex":0}}},{"from":[6.8798,8.58532,10.125],"to":[7.52256,8.77287,10.6875],"rotation":{"angle":-45,"axis":"z","origin":[7.26368,8.71035,10.40625]},"faces":{"north":{"uv":[7.25,5,7.3125,5.0625],"texture":"#3","tintindex":0},"south":{"uv":[7.25,5.25,7.3125,5.3125],"texture":"#3","tintindex":0},"down":{"uv":[5.8125,7.25,5.75,7.3125],"texture":"#3","tintindex":0}}},{"from":[6.90383,8.89338,10.125],"to":[7.0625,9.35662,10.6875],"rotation":{"angle":0,"axis":"y","origin":[7.4375,9.12501,10.5625]},"faces":{"north":{"uv":[7.25,5.75,7.3125,5.8125],"texture":"#3","tintindex":0},"south":{"uv":[7.25,6,7.3125,6.0625],"texture":"#3","tintindex":0},"west":{"uv":[6.25,7.25,6.3125,7.3125],"texture":"#3","tintindex":0}}},{"from":[8.9375,8.89338,10.125],"to":[9.09617,9.35662,10.6875],"rotation":{"angle":0,"axis":"y","origin":[8.5625,9.12501,10.5625]},"faces":{"north":{"uv":[7.25,6.5,7.3125,6.5625],"texture":"#3","tintindex":0},"east":{"uv":[6.75,7.25,6.8125,7.3125],"texture":"#3","tintindex":0},"south":{"uv":[7.25,6.75,7.3125,6.8125],"texture":"#3","tintindex":0}}},{"from":[8.47744,9.47713,10.125],"to":[9.1202,9.66468,10.6875],"rotation":{"angle":-45,"axis":"z","origin":[8.73632,9.53965,10.40625]},"faces":{"north":{"uv":[0.75,7.375,0.8125,7.4375],"texture":"#3","tintindex":0},"south":{"uv":[1.75,7.375,1.8125,7.4375],"texture":"#3","tintindex":0},"up":{"uv":[2.3125,7.4375,2.25,7.375],"texture":"#3","tintindex":0}}},{"from":[8.47744,8.58532,10.125],"to":[9.1202,8.77287,10.6875],"rotation":{"angle":45,"axis":"z","origin":[8.73632,8.71035,10.40625]},"faces":{"north":{"uv":[2.5,7.375,2.5625,7.4375],"texture":"#3","tintindex":0},"south":{"uv":[2.75,7.375,2.8125,7.4375],"texture":"#3","tintindex":0},"down":{"uv":[7.4375,3,7.375,3.0625],"texture":"#3","tintindex":0}}},{"from":[8.13975,8.30175,10.125],"to":[8.47001,8.4893,10.6875],"rotation":{"angle":22.5,"axis":"z","origin":[8.21113,8.8018,10.53125]},"faces":{"north":{"uv":[7.375,3.25,7.4375,3.3125],"texture":"#3","tintindex":0},"south":{"uv":[3.75,7.375,3.8125,7.4375],"texture":"#3","tintindex":0},"down":{"uv":[7.4375,4.5,7.375,4.5625],"texture":"#3","tintindex":0}}},{"from":[8.13975,9.7607,10.125],"to":[8.47001,9.94825,10.6875],"rotation":{"angle":-22.5,"axis":"z","origin":[8.21113,9.4482,10.53125]},"faces":{"north":{"uv":[0,7.5,0.0625,7.5625],"texture":"#3","tintindex":0},"south":{"uv":[0.25,7.5,0.3125,7.5625],"texture":"#3","tintindex":0},"up":{"uv":[0.5625,7.5625,0.5,7.5],"texture":"#3","tintindex":0}}},{"from":[8.73437,8.80363,10.125],"to":[8.9375,9.44638,10.6875],"rotation":{"angle":0,"axis":"y","origin":[8.5,9.12501,10.5625]},"faces":{"north":{"uv":[7.5,0.75,7.5625,0.8125],"texture":"#3","tintindex":0}}},{"from":[7.25,8.17188,10.29688],"to":[7.375,8.29688,11.0625],"rotation":{"angle":-45,"axis":"z","origin":[7.3125,8.23438,10.75]},"faces":{"north":{"uv":[7.5,1.75,7.5625,1.8125],"texture":"#3","tintindex":0},"east":{"uv":[4.75,0,4.875,0.0625],"texture":"#3","tintindex":0},"south":{"uv":[7.5,2,7.5625,2.0625],"texture":"#3","tintindex":0},"west":{"uv":[0.25,4.75,0.375,4.8125],"texture":"#3","tintindex":0},"up":{"uv":[4.8125,0.375,4.75,0.25],"texture":"#3","tintindex":0},"down":{"uv":[0.5625,4.75,0.5,4.875],"texture":"#3","tintindex":0}}},{"from":[8.625,8.17188,10.29688],"to":[8.75,8.29688,11.0625],"rotation":{"angle":45,"axis":"z","origin":[8.6875,8.23438,10.75]},"faces":{"north":{"uv":[3.25,7.5,3.3125,7.5625],"texture":"#3","tintindex":0},"east":{"uv":[4.75,0.5,4.875,0.5625],"texture":"#3","tintindex":0},"south":{"uv":[3.5,7.5,3.5625,7.5625],"texture":"#3","tintindex":0},"west":{"uv":[4.75,0.75,4.875,0.8125],"texture":"#3","tintindex":0},"up":{"uv":[1.0625,4.875,1,4.75],"texture":"#3","tintindex":0},"down":{"uv":[4.8125,1,4.75,1.125],"texture":"#3","tintindex":0}}},{"from":[8.625,9.92188,10.29688],"to":[8.75,10.04688,11.0625],"rotation":{"angle":45,"axis":"z","origin":[8.6875,9.98438,10.75]},"faces":{"north":{"uv":[7.5,3.75,7.5625,3.8125],"texture":"#3","tintindex":0},"east":{"uv":[1.25,4.75,1.375,4.8125],"texture":"#3","tintindex":0},"south":{"uv":[4,7.5,4.0625,7.5625],"texture":"#3","tintindex":0},"west":{"uv":[4.75,1.25,4.875,1.3125],"texture":"#3","tintindex":0},"up":{"uv":[4.8125,1.625,4.75,1.5],"texture":"#3","tintindex":0},"down":{"uv":[4.8125,1.75,4.75,1.875],"texture":"#3","tintindex":0}}},{"from":[7.25,9.92188,10.29688],"to":[7.375,10.04688,11.0625],"rotation":{"angle":-45,"axis":"z","origin":[7.3125,9.98438,10.75]},"faces":{"north":{"uv":[4.25,7.5,4.3125,7.5625],"texture":"#3","tintindex":0},"east":{"uv":[4.75,2,4.875,2.0625],"texture":"#3","tintindex":0},"south":{"uv":[4.5,7.5,4.5625,7.5625],"texture":"#3","tintindex":0},"west":{"uv":[3.25,4.75,3.375,4.8125],"texture":"#3","tintindex":0},"up":{"uv":[3.5625,4.875,3.5,4.75],"texture":"#3","tintindex":0},"down":{"uv":[4.8125,3.75,4.75,3.875],"texture":"#3","tintindex":0}}},{"from":[8.65625,8.88664,9.125],"to":[8.90625,9.30086,10.125],"rotation":{"angle":-45,"axis":"x","origin":[9,9.09375,9.625]},"faces":{"north":{"uv":[4.75,7.5,4.8125,7.5625],"texture":"#3","tintindex":0},"east":{"uv":[4,4.75,4.125,4.8125],"texture":"#3","tintindex":0},"south":{"uv":[7.5,4.75,7.5625,4.8125],"texture":"#3","tintindex":0},"west":{"uv":[4.25,4.75,4.375,4.8125],"texture":"#3","tintindex":0}}},{"from":[8.65625,8.88664,9.125],"to":[8.90625,9.30086,10.125],"rotation":{"angle":0,"axis":"y","origin":[9,9.09375,9.625]},"faces":{"north":{"uv":[5,7.5,5.0625,7.5625],"texture":"#3","tintindex":0},"east":{"uv":[0.75,4.875,0.875,4.9375],"texture":"#3","tintindex":0}}},{"from":[8.65625,8.59375,9.41789],"to":[8.90625,9.59375,9.83211],"rotation":{"angle":-45,"axis":"x","origin":[9,9.09375,9.625]},"faces":{"east":{"uv":[4.875,2.25,4.9375,2.375],"texture":"#3","tintindex":0},"west":{"uv":[4.875,2.5,4.9375,2.625],"texture":"#3","tintindex":0},"up":{"uv":[5.3125,7.5625,5.25,7.5],"texture":"#3","tintindex":0},"down":{"uv":[7.5625,5.25,7.5,5.3125],"texture":"#3","tintindex":0}}},{"from":[8.65625,8.59375,9.41789],"to":[8.90625,9.59375,9.83211],"rotation":{"angle":0,"axis":"y","origin":[9,9.09375,9.625]},"faces":{"east":{"uv":[4.875,2.75,4.9375,2.875],"texture":"#3","tintindex":0},"west":{"uv":[4.875,3,4.9375,3.125],"texture":"#3","tintindex":0},"up":{"uv":[5.5625,7.5625,5.5,7.5],"texture":"#3","tintindex":0},"down":{"uv":[7.5625,5.5,7.5,5.5625],"texture":"#3","tintindex":0}}},{"from":[7.79289,9.75,9.125],"to":[8.20711,10,10.125],"rotation":{"angle":45,"axis":"y","origin":[8,9.875,9.625]},"faces":{"north":{"uv":[5.75,7.5,5.8125,7.5625],"texture":"#3","tintindex":0},"south":{"uv":[7.5,5.75,7.5625,5.8125],"texture":"#3","tintindex":0},"up":{"uv":[3.8125,5,3.75,4.875],"texture":"#3","tintindex":0},"down":{"uv":[4.9375,4,4.875,4.125],"texture":"#3","tintindex":0}}},{"from":[7.79289,9.75,9.125],"to":[8.20711,10,10.125],"rotation":{"angle":0,"axis":"y","origin":[8,9.875,9.625]},"faces":{"north":{"uv":[6,7.5,6.0625,7.5625],"texture":"#3","tintindex":0},"south":{"uv":[7.5,6,7.5625,6.0625],"texture":"#3","tintindex":0},"up":{"uv":[0.0625,5.125,0,5],"texture":"#3","tintindex":0}}},{"from":[7.5,9.75,9.41789],"to":[8.5,10,9.83211],"rotation":{"angle":45,"axis":"y","origin":[8,9.875,9.625]},"faces":{"east":{"uv":[6.25,7.5,6.3125,7.5625],"texture":"#3","tintindex":0},"west":{"uv":[7.5,6.25,7.5625,6.3125],"texture":"#3","tintindex":0},"up":{"uv":[0.625,5.0625,0.5,5],"texture":"#3","tintindex":0},"down":{"uv":[5.125,0.5,5,0.5625],"texture":"#3","tintindex":0}}},{"from":[7.5,9.75,9.41789],"to":[8.5,10,9.83211],"rotation":{"angle":0,"axis":"y","origin":[8,9.875,9.625]},"faces":{"east":{"uv":[6.5,7.5,6.5625,7.5625],"texture":"#3","tintindex":0},"west":{"uv":[7.5,6.5,7.5625,6.5625],"texture":"#3","tintindex":0},"up":{"uv":[5.125,1.0625,5,1],"texture":"#3","tintindex":0}}},{"from":[6.875,8.99556,9.3125],"to":[7.1875,9.25444,9.9375],"rotation":{"angle":45,"axis":"x","origin":[7.3125,9.125,9.625]},"faces":{"north":{"uv":[6.75,7.5,6.8125,7.5625],"texture":"#3","tintindex":0},"south":{"uv":[7,7.5,7.0625,7.5625],"texture":"#3","tintindex":0},"west":{"uv":[7.5,7,7.5625,7.0625],"texture":"#3","tintindex":0}}},{"from":[6.875,8.99556,9.3125],"to":[7.1875,9.25444,9.9375],"rotation":{"angle":0,"axis":"y","origin":[7.3125,9.125,9.625]},"faces":{"north":{"uv":[7.5,7.5,7.5625,7.5625],"texture":"#3","tintindex":0},"south":{"uv":[1.5,7.625,1.5625,7.6875],"texture":"#3","tintindex":0},"west":{"uv":[1.75,7.625,1.8125,7.6875],"texture":"#3","tintindex":0}}},{"from":[6.875,8.8125,9.49556],"to":[7.1875,9.4375,9.75444],"rotation":{"angle":45,"axis":"x","origin":[7.3125,9.125,9.625]},"faces":{"west":{"uv":[2.75,7.625,2.8125,7.6875],"texture":"#3","tintindex":0},"up":{"uv":[7.6875,2.8125,7.625,2.75],"texture":"#3","tintindex":0},"down":{"uv":[3.0625,7.625,3,7.6875],"texture":"#3","tintindex":0}}},{"from":[6.875,8.8125,9.49556],"to":[7.1875,9.4375,9.75444],"rotation":{"angle":0,"axis":"y","origin":[7.3125,9.125,9.625]},"faces":{"west":{"uv":[3.75,7.625,3.8125,7.6875],"texture":"#3","tintindex":0},"up":{"uv":[7.6875,4.0625,7.625,4],"texture":"#3","tintindex":0},"down":{"uv":[7.6875,4.25,7.625,4.3125],"texture":"#3","tintindex":0}}},{"from":[6.9375,9.03125,9.9375],"to":[7.1875,9.21875,10.1875],"rotation":{"angle":0,"axis":"y","origin":[6.5,8.625,9.9375]},"faces":{"west":{"uv":[0.25,7.75,0.3125,7.8125],"texture":"#3","tintindex":0},"up":{"uv":[7.8125,0.3125,7.75,0.25],"texture":"#3","tintindex":0},"down":{"uv":[0.5625,7.75,0.5,7.8125],"texture":"#3","tintindex":0}}},{"from":[7.66345,8.3125,9.3125],"to":[8.33655,8.5,12.5],"rotation":{"angle":45,"axis":"z","origin":[8,9.125,12.375]},"faces":{"north":{"uv":[7.75,0.5,7.8125,0.5625],"texture":"#3","tintindex":0},"south":{"uv":[7.75,0.75,7.8125,0.8125],"texture":"#3","tintindex":0},"up":{"uv":[2.1875,2.25,2.125,1.875],"texture":"#3","tintindex":0},"down":{"uv":[2.3125,0,2.25,0.375],"texture":"#3","tintindex":0}}},{"from":[7.66345,8.3125,9.3125],"to":[8.33655,8.5,12.5],"rotation":{"angle":0,"axis":"y","origin":[8,9.125,12.375]},"faces":{"north":{"uv":[1,7.75,1.0625,7.8125],"texture":"#3","tintindex":0},"south":{"uv":[7.75,1,7.8125,1.0625],"texture":"#3","tintindex":0},"up":{"uv":[1.5625,2.625,1.5,2.25],"texture":"#3","tintindex":0},"down":{"uv":[1.8125,2.25,1.75,2.625],"texture":"#3","tintindex":0}}},{"from":[7.66345,9.75,9.3125],"to":[8.33655,9.9375,12.5],"rotation":{"angle":45,"axis":"z","origin":[8,9.125,12.375]},"faces":{"north":{"uv":[1.25,7.75,1.3125,7.8125],"texture":"#3","tintindex":0},"south":{"uv":[7.75,1.25,7.8125,1.3125],"texture":"#3","tintindex":0},"up":{"uv":[1.0625,2.75,1,2.375],"texture":"#3","tintindex":0},"down":{"uv":[2.0625,2.375,2,2.75],"texture":"#3","tintindex":0}}},{"from":[7.66345,9.75,9.3125],"to":[8.33655,9.9375,12.5],"rotation":{"angle":0,"axis":"y","origin":[8,9.125,12.375]},"faces":{"south":{"uv":[7.75,1.75,7.8125,1.8125],"texture":"#3","tintindex":0},"up":{"uv":[2.5625,0.375,2.5,0],"texture":"#3","tintindex":0},"down":{"uv":[0.5625,2.5,0.5,2.875],"texture":"#3","tintindex":0}}},{"from":[7.1875,8.78845,9.3125],"to":[7.375,9.46155,12.5],"rotation":{"angle":45,"axis":"z","origin":[8,9.125,12.375]},"faces":{"north":{"uv":[7.75,2,7.8125,2.0625],"texture":"#3","tintindex":0},"east":{"uv":[2.5,0.5,2.875,0.5625],"texture":"#3","tintindex":0},"south":{"uv":[3.25,7.75,3.3125,7.8125],"texture":"#3","tintindex":0},"west":{"uv":[2.625,1.25,3,1.3125],"texture":"#3","tintindex":0}}},{"from":[7.1875,8.78845,9.3125],"to":[7.375,9.46155,12.5],"rotation":{"angle":0,"axis":"y","origin":[8,9.125,12.375]},"faces":{"north":{"uv":[3.5,7.75,3.5625,7.8125],"texture":"#3","tintindex":0},"east":{"uv":[2.625,1.5,3,1.5625],"texture":"#3","tintindex":0},"south":{"uv":[7.75,3.75,7.8125,3.8125],"texture":"#3","tintindex":0},"west":{"uv":[2.25,2.625,2.625,2.6875],"texture":"#3","tintindex":0}}},{"from":[8.625,8.78845,9.3125],"to":[8.8125,9.46155,12.5],"rotation":{"angle":45,"axis":"z","origin":[8,9.125,12.375]},"faces":{"north":{"uv":[4,7.75,4.0625,7.8125],"texture":"#3","tintindex":0},"east":{"uv":[2.75,0.75,3.125,0.8125],"texture":"#3","tintindex":0},"south":{"uv":[4.25,7.75,4.3125,7.8125],"texture":"#3","tintindex":0},"west":{"uv":[2.75,1,3.125,1.0625],"texture":"#3","tintindex":0}}},{"from":[8.625,8.78845,9.3125],"to":[8.8125,9.46155,12.5],"rotation":{"angle":0,"axis":"y","origin":[8,9.125,12.375]},"faces":{"north":{"uv":[4.5,7.75,4.5625,7.8125],"texture":"#3","tintindex":0},"east":{"uv":[2.75,2.375,3.125,2.4375],"texture":"#3","tintindex":0},"south":{"uv":[4.75,7.75,4.8125,7.8125],"texture":"#3","tintindex":0},"west":{"uv":[2.75,2.625,3.125,2.6875],"texture":"#3","tintindex":0}}},{"from":[7.85095,8.4375,9.3125],"to":[8.14905,8.5,12.5],"rotation":{"angle":22.5,"axis":"z","origin":[8,9.125,12.375]},"faces":{"north":{"uv":[7.75,4.75,7.8125,4.8125],"texture":"#3","tintindex":0},"south":{"uv":[5,7.75,5.0625,7.8125],"texture":"#3","tintindex":0},"up":{"uv":[2.5625,3.25,2.5,2.875],"texture":"#3","tintindex":0}}},{"from":[7.85095,8.4375,9.3125],"to":[8.14905,8.5,12.5],"rotation":{"angle":-22.5,"axis":"z","origin":[8,9.125,12.375]},"faces":{"north":{"uv":[7.75,5,7.8125,5.0625],"texture":"#3","tintindex":0},"south":{"uv":[5.25,7.75,5.3125,7.8125],"texture":"#3","tintindex":0},"up":{"uv":[3.0625,0.625,3,0.25],"texture":"#3","tintindex":0}}},{"from":[7.85095,9.75,9.3125],"to":[8.14905,9.8125,12.5],"rotation":{"angle":22.5,"axis":"z","origin":[8,9.125,12.375]},"faces":{"north":{"uv":[7.75,5.25,7.8125,5.3125],"texture":"#3","tintindex":0},"south":{"uv":[5.5,7.75,5.5625,7.8125],"texture":"#3","tintindex":0},"down":{"uv":[1.3125,3.125,1.25,3.5],"texture":"#3","tintindex":0}}},{"from":[7.85095,9.75,9.3125],"to":[8.14905,9.8125,12.5],"rotation":{"angle":-22.5,"axis":"z","origin":[8,9.125,12.375]},"faces":{"north":{"uv":[7.75,5.5,7.8125,5.5625],"texture":"#3","tintindex":0},"south":{"uv":[5.75,7.75,5.8125,7.8125],"texture":"#3","tintindex":0},"down":{"uv":[0.0625,3.25,0,3.625],"texture":"#3","tintindex":0}}},{"from":[7.3125,8.97595,9.3125],"to":[7.375,9.27405,12.5],"rotation":{"angle":22.5,"axis":"z","origin":[8,9.125,12.375]},"faces":{"north":{"uv":[7.75,5.75,7.8125,5.8125],"texture":"#3","tintindex":0},"east":{"uv":[3.25,0.25,3.625,0.3125],"texture":"#3","tintindex":0},"south":{"uv":[6,7.75,6.0625,7.8125],"texture":"#3","tintindex":0}}},{"from":[7.3125,8.97595,9.3125],"to":[7.375,9.27405,12.5],"rotation":{"angle":-22.5,"axis":"z","origin":[8,9.125,12.375]},"faces":{"north":{"uv":[7.75,6,7.8125,6.0625],"texture":"#3","tintindex":0},"east":{"uv":[1.5,3.25,1.875,3.3125],"texture":"#3","tintindex":0},"south":{"uv":[6.25,7.75,6.3125,7.8125],"texture":"#3","tintindex":0}}},{"from":[8.625,8.97595,9.3125],"to":[8.6875,9.27405,12.5],"rotation":{"angle":22.5,"axis":"z","origin":[8,9.125,12.375]},"faces":{"north":{"uv":[7.75,6.25,7.8125,6.3125],"texture":"#3","tintindex":0},"south":{"uv":[6.5,7.75,6.5625,7.8125],"texture":"#3","tintindex":0},"west":{"uv":[3.375,1.75,3.75,1.8125],"texture":"#3","tintindex":0}}},{"from":[8.625,8.97595,9.3125],"to":[8.6875,9.27405,12.5],"rotation":{"angle":-22.5,"axis":"z","origin":[8,9.125,12.375]},"faces":{"north":{"uv":[7.75,6.5,7.8125,6.5625],"texture":"#3","tintindex":0},"south":{"uv":[6.75,7.75,6.8125,7.8125],"texture":"#3","tintindex":0},"west":{"uv":[2.5,3.375,2.875,3.4375],"texture":"#3","tintindex":0}}},{"from":[7.71523,8.4375,8.5],"to":[8.28477,8.5,9.3125],"rotation":{"angle":45,"axis":"z","origin":[8,9.125,8.4375]},"faces":{"up":{"uv":[5.0625,1.875,5,1.75],"texture":"#3","tintindex":0},"down":{"uv":[5.0625,2,5,2.125],"texture":"#3","tintindex":0}}},{"from":[7.71523,8.4375,8.5],"to":[8.28477,8.5,9.3125],"rotation":{"angle":0,"axis":"y","origin":[8,9.125,8.4375]},"faces":{"up":{"uv":[5.0625,3.875,5,3.75],"texture":"#3","tintindex":0},"down":{"uv":[4.0625,5,4,5.125],"texture":"#3","tintindex":0}}},{"from":[7.71523,9.75,8.5],"to":[8.28477,9.8125,9.3125],"rotation":{"angle":45,"axis":"z","origin":[8,9.125,8.4375]},"faces":{"up":{"uv":[4.8125,5.125,4.75,5],"texture":"#3","tintindex":0},"down":{"uv":[5.0625,4.75,5,4.875],"texture":"#3","tintindex":0}}},{"from":[7.71523,9.75,8.5],"to":[8.28477,9.8125,9.3125],"rotation":{"angle":0,"axis":"y","origin":[8,9.125,8.4375]},"faces":{"up":{"uv":[1.5625,5.25,1.5,5.125],"texture":"#3","tintindex":0},"down":{"uv":[1.8125,5.125,1.75,5.25],"texture":"#3","tintindex":0}}},{"from":[7.3125,8.84023,8.5],"to":[7.375,9.40977,9.3125],"rotation":{"angle":45,"axis":"z","origin":[8,9.125,8.4375]},"faces":{"east":{"uv":[2,5.125,2.125,5.1875],"texture":"#3","tintindex":0},"west":{"uv":[2.25,5.125,2.375,5.1875],"texture":"#3","tintindex":0}}},{"from":[7.3125,8.84023,8.5],"to":[7.375,9.40977,9.3125],"rotation":{"angle":0,"axis":"y","origin":[8,9.125,8.4375]},"faces":{"east":{"uv":[5.125,2.5,5.25,2.5625],"texture":"#3","tintindex":0},"west":{"uv":[2.75,5.125,2.875,5.1875],"texture":"#3","tintindex":0}}},{"from":[8.625,8.84023,8.5],"to":[8.6875,9.40977,9.3125],"rotation":{"angle":45,"axis":"z","origin":[8,9.125,8.4375]},"faces":{"east":{"uv":[5.125,3,5.25,3.0625],"texture":"#3","tintindex":0},"west":{"uv":[5.125,3.25,5.25,3.3125],"texture":"#3","tintindex":0}}},{"from":[8.625,8.84023,8.5],"to":[8.6875,9.40977,9.3125],"rotation":{"angle":0,"axis":"y","origin":[8,9.125,8.4375]},"faces":{"east":{"uv":[5.125,4,5.25,4.0625],"texture":"#3","tintindex":0},"west":{"uv":[5.125,4.25,5.25,4.3125],"texture":"#3","tintindex":0}}},{"from":[7.68934,8.375,7.6875],"to":[8.31066,8.5,8.5],"rotation":{"angle":45,"axis":"z","origin":[8,9.125,8.25]},"faces":{"north":{"uv":[2.75,7.875,2.8125,7.9375],"texture":"#3","tintindex":0},"south":{"uv":[7.875,2.75,7.9375,2.8125],"texture":"#3","tintindex":0},"up":{"uv":[5.3125,0.375,5.25,0.25],"texture":"#3","tintindex":0},"down":{"uv":[0.5625,5.25,0.5,5.375],"texture":"#3","tintindex":0}}},{"from":[7.68934,8.375,7.6875],"to":[8.31066,8.5,8.5],"rotation":{"angle":0,"axis":"y","origin":[8,9.125,8.25]},"faces":{"north":{"uv":[3,7.875,3.0625,7.9375],"texture":"#3","tintindex":0},"south":{"uv":[7.875,3,7.9375,3.0625],"texture":"#3","tintindex":0},"up":{"uv":[1.0625,5.375,1,5.25],"texture":"#3","tintindex":0},"down":{"uv":[5.3125,1,5.25,1.125],"texture":"#3","tintindex":0}}},{"from":[7.68934,9.75,7.6875],"to":[8.31066,9.875,8.5],"rotation":{"angle":45,"axis":"z","origin":[8,9.125,8.25]},"faces":{"north":{"uv":[7.875,3.25,7.9375,3.3125],"texture":"#3","tintindex":0},"south":{"uv":[7.875,3.5,7.9375,3.5625],"texture":"#3","tintindex":0},"up":{"uv":[5.3125,1.625,5.25,1.5],"texture":"#3","tintindex":0},"down":{"uv":[5.3125,1.75,5.25,1.875],"texture":"#3","tintindex":0}}},{"from":[7.68934,9.75,7.6875],"to":[8.31066,9.875,8.5],"rotation":{"angle":0,"axis":"y","origin":[8,9.125,8.25]},"faces":{"north":{"uv":[3.75,7.875,3.8125,7.9375],"texture":"#3","tintindex":0},"south":{"uv":[7.875,4,7.9375,4.0625],"texture":"#3","tintindex":0},"up":{"uv":[3.5625,5.375,3.5,5.25],"texture":"#3","tintindex":0},"down":{"uv":[5.3125,3.75,5.25,3.875],"texture":"#3","tintindex":0}}},{"from":[7.25,8.81434,7.6875],"to":[7.375,9.43566,8.5],"rotation":{"angle":45,"axis":"z","origin":[8,9.125,8.25]},"faces":{"north":{"uv":[7.875,4.25,7.9375,4.3125],"texture":"#3","tintindex":0},"east":{"uv":[4,5.25,4.125,5.3125],"texture":"#3","tintindex":0},"south":{"uv":[7.875,4.5,7.9375,4.5625],"texture":"#3","tintindex":0},"west":{"uv":[4.25,5.25,4.375,5.3125],"texture":"#3","tintindex":0}}},{"from":[7.25,8.81434,7.6875],"to":[7.375,9.43566,8.5],"rotation":{"angle":0,"axis":"y","origin":[8,9.125,8.25]},"faces":{"north":{"uv":[0,8,0.0625,8.0625],"texture":"#3","tintindex":0},"east":{"uv":[5.25,4.75,5.375,4.8125],"texture":"#3","tintindex":0},"south":{"uv":[8,0,8.0625,0.0625],"texture":"#3","tintindex":0},"west":{"uv":[5,5.25,5.125,5.3125],"texture":"#3","tintindex":0}}},{"from":[8.625,8.81434,7.6875],"to":[8.75,9.43566,8.5],"rotation":{"angle":45,"axis":"z","origin":[8,9.125,8.25]},"faces":{"north":{"uv":[0.25,8,0.3125,8.0625],"texture":"#3","tintindex":0},"east":{"uv":[0.75,5.375,0.875,5.4375],"texture":"#3","tintindex":0},"south":{"uv":[8,0.25,8.0625,0.3125],"texture":"#3","tintindex":0},"west":{"uv":[1.5,5.375,1.625,5.4375],"texture":"#3","tintindex":0}}},{"from":[8.625,8.81434,7.6875],"to":[8.75,9.43566,8.5],"rotation":{"angle":0,"axis":"y","origin":[8,9.125,8.25]},"faces":{"north":{"uv":[0.5,8,0.5625,8.0625],"texture":"#3","tintindex":0},"east":{"uv":[2.25,5.375,2.375,5.4375],"texture":"#3","tintindex":0},"south":{"uv":[8,0.5,8.0625,0.5625],"texture":"#3","tintindex":0},"west":{"uv":[5.375,2.25,5.5,2.3125],"texture":"#3","tintindex":0}}},{"from":[7.61167,9.9375,5.8125],"to":[8.38833,10.0625,6.3125],"rotation":{"angle":0,"axis":"y","origin":[8,9.125,7.0625]},"faces":{"up":{"uv":[3.125,5.4375,3,5.375],"texture":"#3","tintindex":0},"down":{"uv":[5.5,3,5.375,3.0625],"texture":"#3","tintindex":0}}},{"from":[7.63756,8.25,6.5625],"to":[8.36244,8.4375,7.6875],"rotation":{"angle":0,"axis":"y","origin":[8,9.125,7.8125]},"faces":{"north":{"uv":[8,1,8.0625,1.0625],"texture":"#3","tintindex":0},"south":{"uv":[1.25,8,1.3125,8.0625],"texture":"#3","tintindex":0},"up":{"uv":[3.8125,5.5,3.75,5.375],"texture":"#3","tintindex":0},"down":{"uv":[5.4375,4,5.375,4.125],"texture":"#3","tintindex":0}}},{"from":[7.63756,9.8125,6.5625],"to":[8.36244,10,7.6875],"rotation":{"angle":0,"axis":"y","origin":[8,9.125,7.8125]},"faces":{"north":{"uv":[8,1.25,8.0625,1.3125],"texture":"#3","tintindex":0},"south":{"uv":[8,1.5,8.0625,1.5625],"texture":"#3","tintindex":0},"up":{"uv":[0.0625,5.625,0,5.5],"texture":"#3","tintindex":0},"down":{"uv":[5.5625,0,5.5,0.125],"texture":"#3","tintindex":0}}},{"from":[8.6875,8.76256,6.5625],"to":[8.875,9.48744,7.6875],"rotation":{"angle":0,"axis":"y","origin":[8,9.125,7.8125]},"faces":{"north":{"uv":[8,1.75,8.0625,1.8125],"texture":"#3","tintindex":0},"east":{"uv":[0.25,5.5,0.375,5.5625],"texture":"#3","tintindex":0},"south":{"uv":[8,2,8.0625,2.0625],"texture":"#3","tintindex":0},"west":{"uv":[5.5,0.25,5.625,0.3125],"texture":"#3","tintindex":0}}},{"from":[8.6875,8.76256,6.5625],"to":[8.875,9.48744,7.6875],"rotation":{"angle":-45,"axis":"z","origin":[8,9.125,7.8125]},"faces":{"north":{"uv":[3.25,8,3.3125,8.0625],"texture":"#3","tintindex":0},"east":{"uv":[5.5,0.75,5.625,0.8125],"texture":"#3","tintindex":0},"south":{"uv":[3.5,8,3.5625,8.0625],"texture":"#3","tintindex":0},"west":{"uv":[1,5.5,1.125,5.5625],"texture":"#3","tintindex":0}}},{"from":[7.63756,9.8125,6.5625],"to":[8.36244,10,7.6875],"rotation":{"angle":-45,"axis":"z","origin":[8,9.125,7.8125]},"faces":{"north":{"uv":[8,3.75,8.0625,3.8125],"texture":"#3","tintindex":0},"south":{"uv":[4,8,4.0625,8.0625],"texture":"#3","tintindex":0},"up":{"uv":[5.5625,1.875,5.5,1.75],"texture":"#3","tintindex":0},"down":{"uv":[5.5625,2,5.5,2.125],"texture":"#3","tintindex":0}}},{"from":[8.8125,9.14752,6.11612],"to":[8.9375,9.36167,6.3125],"rotation":{"angle":0,"axis":"y","origin":[8.875,9.28585,6.18306]},"faces":{"north":{"uv":[4.25,8,4.3125,8.0625],"texture":"#3","tintindex":0},"east":{"uv":[4.5,8,4.5625,8.0625],"texture":"#3","tintindex":0},"west":{"uv":[8,4.75,8.0625,4.8125],"texture":"#3","tintindex":0}}},{"from":[8.8125,8.81044,6.07376],"to":[8.9375,9.50682,6.22541],"rotation":{"angle":-45,"axis":"x","origin":[8.875,9.19432,6.08709]},"faces":{"east":{"uv":[8,5.25,8.0625,5.3125],"texture":"#3","tintindex":0},"south":{"uv":[5.5,8,5.5625,8.0625],"texture":"#3","tintindex":0},"west":{"uv":[8,5.5,8.0625,5.5625],"texture":"#3","tintindex":0}}},{"from":[8.8125,9.36167,5.8125],"to":[8.9375,9.51333,6.3125],"rotation":{"angle":0,"axis":"y","origin":[8,9.125,7.0625]},"faces":{"east":{"uv":[8,6,8.0625,6.0625],"texture":"#3","tintindex":0},"west":{"uv":[8,6.25,8.0625,6.3125],"texture":"#3","tintindex":0},"down":{"uv":[8.0625,6.5,8,6.5625],"texture":"#3","tintindex":0}}},{"from":[7.58579,9.9375,5.6875],"to":[8.41421,10.125,5.875],"rotation":{"angle":-45,"axis":"z","origin":[8,9.125,6.25]},"faces":{"north":{"uv":[3.25,5.5,3.375,5.5625],"texture":"#3","tintindex":0},"south":{"uv":[3.5,5.5,3.625,5.5625],"texture":"#3","tintindex":0},"up":{"uv":[5.625,3.8125,5.5,3.75],"texture":"#3","tintindex":0},"down":{"uv":[4.125,5.5,4,5.5625],"texture":"#3","tintindex":0}}},{"from":[7.61167,9.9375,5.8125],"to":[8.38833,10.0625,6.3125],"rotation":{"angle":-45,"axis":"z","origin":[8,9.125,7.0625]},"faces":{"up":{"uv":[4.875,5.5625,4.75,5.5],"texture":"#3","tintindex":0},"down":{"uv":[5.625,4.75,5.5,4.8125],"texture":"#3","tintindex":0}}},{"from":[8.8125,9.04083,5.64959],"to":[9,9.22833,6.53347],"rotation":{"angle":45,"axis":"x","origin":[8,9.14254,6.02459]},"faces":{"east":{"uv":[5,5.5,5.125,5.5625],"texture":"#3","tintindex":0},"west":{"uv":[5.5,5,5.625,5.0625],"texture":"#3","tintindex":0},"up":{"uv":[5.3125,5.625,5.25,5.5],"texture":"#3","tintindex":0},"down":{"uv":[5.5625,5.25,5.5,5.375],"texture":"#3","tintindex":0}}},{"from":[8.8125,8.71079,6.3125],"to":[9,9.53921,7.3125],"rotation":{"angle":0,"axis":"y","origin":[8,9.125,6.875]},"faces":{"north":{"uv":[5.5,5.5,5.5625,5.625],"texture":"#3","tintindex":0},"east":{"uv":[3.5,1,3.625,1.125],"texture":"#3","tintindex":0},"south":{"uv":[0.75,5.625,0.8125,5.75],"texture":"#3","tintindex":0},"west":{"uv":[1.5,3.5,1.625,3.625],"texture":"#3","tintindex":0}}},{"from":[8.8125,8.71079,6.3125],"to":[9,9.53921,7.3125],"rotation":{"angle":-45,"axis":"z","origin":[8,9.125,6.875]},"faces":{"north":{"uv":[2,5.625,2.0625,5.75],"texture":"#3","tintindex":0},"east":{"uv":[1.75,3.5,1.875,3.625],"texture":"#3","tintindex":0},"south":{"uv":[2.25,5.625,2.3125,5.75],"texture":"#3","tintindex":0},"west":{"uv":[3.5,2.75,3.625,2.875],"texture":"#3","tintindex":0}}},{"from":[7.58579,9.9375,6.3125],"to":[8.41421,10.125,7.3125],"rotation":{"angle":-45,"axis":"z","origin":[8,9.125,6.875]},"faces":{"north":{"uv":[5.625,2.5,5.75,2.5625],"texture":"#3","tintindex":0},"south":{"uv":[5.625,2.75,5.75,2.8125],"texture":"#3","tintindex":0},"up":{"uv":[3.625,3.125,3.5,3],"texture":"#3","tintindex":0},"down":{"uv":[3.625,3.25,3.5,3.375],"texture":"#3","tintindex":0}}},{"from":[7.125,8.76256,6.5625],"to":[7.3125,9.48744,7.6875],"rotation":{"angle":0,"axis":"y","origin":[8,9.125,7.8125]},"faces":{"north":{"uv":[1.5,8.125,1.5625,8.1875],"texture":"#3","tintindex":0},"east":{"uv":[5.625,3,5.75,3.0625],"texture":"#3","tintindex":0},"south":{"uv":[1.75,8.125,1.8125,8.1875],"texture":"#3","tintindex":0},"west":{"uv":[5.625,3.25,5.75,3.3125],"texture":"#3","tintindex":0}}},{"from":[7.125,8.76256,6.5625],"to":[7.3125,9.48744,7.6875],"rotation":{"angle":45,"axis":"z","origin":[8,9.125,7.8125]},"faces":{"north":{"uv":[2,8.125,2.0625,8.1875],"texture":"#3","tintindex":0},"east":{"uv":[5.625,4,5.75,4.0625],"texture":"#3","tintindex":0},"south":{"uv":[2.25,8.125,2.3125,8.1875],"texture":"#3","tintindex":0},"west":{"uv":[5.625,4.25,5.75,4.3125],"texture":"#3","tintindex":0}}},{"from":[7.63756,9.8125,6.5625],"to":[8.36244,10,7.6875],"rotation":{"angle":45,"axis":"z","origin":[8,9.125,7.8125]},"faces":{"north":{"uv":[8.125,2.25,8.1875,2.3125],"texture":"#3","tintindex":0},"south":{"uv":[2.5,8.125,2.5625,8.1875],"texture":"#3","tintindex":0},"up":{"uv":[5.8125,0.375,5.75,0.25],"texture":"#3","tintindex":0},"down":{"uv":[0.5625,5.75,0.5,5.875],"texture":"#3","tintindex":0}}},{"from":[7.0625,9.14752,6.11612],"to":[7.1875,9.36167,6.3125],"rotation":{"angle":0,"axis":"y","origin":[7.125,9.28585,6.18306]},"faces":{"north":{"uv":[8.125,2.5,8.1875,2.5625],"texture":"#3","tintindex":0},"east":{"uv":[2.75,8.125,2.8125,8.1875],"texture":"#3","tintindex":0},"west":{"uv":[3,8.125,3.0625,8.1875],"texture":"#3","tintindex":0}}},{"from":[7.0625,8.81044,6.07376],"to":[7.1875,9.50682,6.22541],"rotation":{"angle":-45,"axis":"x","origin":[7.125,9.19432,6.08709]},"faces":{"east":{"uv":[3.75,8.125,3.8125,8.1875],"texture":"#3","tintindex":0},"south":{"uv":[8.125,4,8.1875,4.0625],"texture":"#3","tintindex":0},"west":{"uv":[8.125,4.25,8.1875,4.3125],"texture":"#3","tintindex":0}}},{"from":[7.0625,9.36167,5.8125],"to":[7.1875,9.51333,6.3125],"rotation":{"angle":0,"axis":"y","origin":[8,9.125,7.0625]},"faces":{"east":{"uv":[0.25,8.25,0.3125,8.3125],"texture":"#3","tintindex":0},"west":{"uv":[0.5,8.25,0.5625,8.3125],"texture":"#3","tintindex":0},"down":{"uv":[8.3125,0.75,8.25,0.8125],"texture":"#3","tintindex":0}}},{"from":[7.58579,9.9375,5.6875],"to":[8.41421,10.125,5.875],"rotation":{"angle":45,"axis":"z","origin":[8,9.125,6.25]},"faces":{"north":{"uv":[5.75,0.5,5.875,0.5625],"texture":"#3","tintindex":0},"south":{"uv":[5.75,0.75,5.875,0.8125],"texture":"#3","tintindex":0},"up":{"uv":[1.125,5.8125,1,5.75],"texture":"#3","tintindex":0},"down":{"uv":[5.875,1,5.75,1.0625],"texture":"#3","tintindex":0}}},{"from":[7,9.33579,5.6875],"to":[7.1875,9.53921,5.875],"rotation":{"angle":0,"axis":"y","origin":[8,9.125,6.875]},"faces":{"north":{"uv":[1.25,8.25,1.3125,8.3125],"texture":"#3","tintindex":0},"east":{"uv":[8.25,1.25,8.3125,1.3125],"texture":"#3","tintindex":0},"south":{"uv":[8.25,1.5,8.3125,1.5625],"texture":"#3","tintindex":0},"west":{"uv":[8.25,1.75,8.3125,1.8125],"texture":"#3","tintindex":0}}},{"from":[8.8125,9.33579,5.6875],"to":[9,9.53921,5.875],"rotation":{"angle":0,"axis":"y","origin":[8,9.125,6.875]},"faces":{"north":{"uv":[7,8,7.0625,8.0625],"texture":"#3","tintindex":0},"east":{"uv":[8,7,8.0625,7.0625],"texture":"#3","tintindex":0},"south":{"uv":[7.25,8,7.3125,8.0625],"texture":"#3","tintindex":0},"west":{"uv":[8,7.25,8.0625,7.3125],"texture":"#3","tintindex":0}}},{"from":[7.61167,9.9375,5.8125],"to":[8.38833,10.0625,6.3125],"rotation":{"angle":45,"axis":"z","origin":[8,9.125,7.0625]},"faces":{"up":{"uv":[5.875,1.5625,5.75,1.5],"texture":"#3","tintindex":0},"down":{"uv":[5.875,1.75,5.75,1.8125],"texture":"#3","tintindex":0}}},{"from":[7,9.04083,5.64959],"to":[7.1875,9.22833,6.53347],"rotation":{"angle":45,"axis":"x","origin":[8,9.14254,6.02459]},"faces":{"east":{"uv":[5.75,2,5.875,2.0625],"texture":"#3","tintindex":0},"west":{"uv":[3.25,5.75,3.375,5.8125],"texture":"#3","tintindex":0},"up":{"uv":[3.5625,5.875,3.5,5.75],"texture":"#3","tintindex":0},"down":{"uv":[5.8125,3.75,5.75,3.875],"texture":"#3","tintindex":0}}},{"from":[7,8.91421,6.10907],"to":[7.1875,9.10171,6.3125],"rotation":{"angle":0,"axis":"y","origin":[8,9.00796,6.21079]},"faces":{"east":{"uv":[8.25,1.25,8.3125,1.3125],"rotation":90,"texture":"#3","tintindex":0},"west":{"uv":[8.25,1.75,8.3125,1.8125],"rotation":270,"texture":"#3","tintindex":0},"up":{"uv":[8.25,1.5,8.3125,1.5625],"texture":"#3","tintindex":0}}},{"from":[8.8125,8.91421,6.10907],"to":[9,9.10171,6.3125],"rotation":{"angle":0,"axis":"y","origin":[8,9.00796,6.21079]},"faces":{"east":{"uv":[8,7,8.0625,7.0625],"rotation":90,"texture":"#3","tintindex":0},"west":{"uv":[8,7.25,8.0625,7.3125],"rotation":270,"texture":"#3","tintindex":0},"up":{"uv":[7.25,8,7.3125,8.0625],"texture":"#3","tintindex":0}}},{"from":[7,8.71079,6.3125],"to":[7.1875,9.53921,7.3125],"rotation":{"angle":0,"axis":"y","origin":[8,9.125,6.875]},"faces":{"north":{"uv":[4,5.75,4.0625,5.875],"texture":"#3","tintindex":0},"east":{"uv":[3.5,3.5,3.625,3.625],"texture":"#3","tintindex":0},"south":{"uv":[4.25,5.75,4.3125,5.875],"texture":"#3","tintindex":0},"west":{"uv":[1.25,3.625,1.375,3.75],"texture":"#3","tintindex":0}}},{"from":[7,8.71079,6.3125],"to":[7.1875,9.53921,7.3125],"rotation":{"angle":45,"axis":"z","origin":[8,9.125,6.875]},"faces":{"north":{"uv":[5.75,4.75,5.8125,4.875],"texture":"#3","tintindex":0},"east":{"uv":[3.625,1.25,3.75,1.375],"texture":"#3","tintindex":0},"south":{"uv":[5,5.75,5.0625,5.875],"texture":"#3","tintindex":0},"west":{"uv":[3.625,1.5,3.75,1.625],"texture":"#3","tintindex":0}}},{"from":[7.58579,9.9375,6.3125],"to":[8.41421,10.125,7.3125],"rotation":{"angle":45,"axis":"z","origin":[8,9.125,6.875]},"faces":{"north":{"uv":[5.75,5.25,5.875,5.3125],"texture":"#3","tintindex":0},"south":{"uv":[5.75,5.5,5.875,5.5625],"texture":"#3","tintindex":0},"up":{"uv":[2.625,3.75,2.5,3.625],"texture":"#3","tintindex":0},"down":{"uv":[2.875,3.625,2.75,3.75],"texture":"#3","tintindex":0}}},{"from":[7.58579,9.9375,5.6875],"to":[8.41421,10.125,5.875],"rotation":{"angle":0,"axis":"y","origin":[8,9.125,6.25]},"faces":{"north":{"uv":[0.75,5.875,0.875,5.9375],"texture":"#3","tintindex":0},"south":{"uv":[1.5,5.875,1.625,5.9375],"texture":"#3","tintindex":0},"up":{"uv":[1.875,5.9375,1.75,5.875],"texture":"#3","tintindex":0},"down":{"uv":[2.125,5.875,2,5.9375],"texture":"#3","tintindex":0}}},{"from":[7.58579,9.9375,6.3125],"to":[8.41421,10.125,7.3125],"rotation":{"angle":0,"axis":"y","origin":[8,9.125,6.875]},"faces":{"north":{"uv":[2.25,5.875,2.375,5.9375],"texture":"#3","tintindex":0},"south":{"uv":[2.5,5.875,2.625,5.9375],"texture":"#3","tintindex":0},"up":{"uv":[3.125,3.75,3,3.625],"texture":"#3","tintindex":0},"down":{"uv":[3.375,3.625,3.25,3.75],"texture":"#3","tintindex":0}}},{"from":[7.58579,8.125,6.3125],"to":[8.41421,8.3125,7.3125],"rotation":{"angle":0,"axis":"y","origin":[8,9.125,6.8125]},"faces":{"north":{"uv":[2.75,5.875,2.875,5.9375],"texture":"#3","tintindex":0},"south":{"uv":[3,5.875,3.125,5.9375],"texture":"#3","tintindex":0},"up":{"uv":[0.125,3.875,0,3.75],"texture":"#3","tintindex":0},"down":{"uv":[0.375,3.75,0.25,3.875],"texture":"#3","tintindex":0}}},{"from":[7.61167,8.1875,12],"to":[8.38833,8.3125,12.25],"rotation":{"angle":45,"axis":"z","origin":[8,9.125,12.5]},"faces":{"north":{"uv":[5.875,3.25,6,3.3125],"texture":"#3"},"south":{"uv":[5.875,3.5,6,3.5625],"texture":"#3"},"down":{"uv":[6,4,5.875,4.0625],"texture":"#3"}}},{"from":[7.61167,8.1875,12],"to":[8.38833,8.3125,12.25],"rotation":{"angle":0,"axis":"y","origin":[8,9.125,12.5]},"faces":{"north":{"uv":[5.875,4.25,6,4.3125],"texture":"#3"},"south":{"uv":[5.875,4.5,6,4.5625],"texture":"#3"},"down":{"uv":[6.125,0,6,0.0625],"texture":"#3"}}},{"from":[7.61167,9.9375,12],"to":[8.38833,10.0625,12.25],"rotation":{"angle":45,"axis":"z","origin":[8,9.125,12.5]},"faces":{"north":{"uv":[0.25,6,0.375,6.0625],"texture":"#3"},"south":{"uv":[6,0.25,6.125,0.3125],"texture":"#3"},"up":{"uv":[0.625,6.0625,0.5,6],"texture":"#3"}}},{"from":[7.61168,9.9375,12],"to":[8.38834,10.0625,12.25],"rotation":{"angle":0,"axis":"z","origin":[7.00001,9.125,12.5]},"faces":{"north":{"uv":[0.25,6,0.375,6.0625],"texture":"#3"},"south":{"uv":[6,0.25,6.125,0.3125],"texture":"#3"},"up":{"uv":[0.625,6.0625,0.5,6],"texture":"#3"}}},{"from":[7.0625,8.73667,12],"to":[7.1875,9.51333,12.25],"rotation":{"angle":45,"axis":"z","origin":[8,9.125,12.5]},"faces":{"north":{"uv":[6,0.75,6.0625,0.875],"texture":"#3"},"south":{"uv":[6,1,6.0625,1.125],"texture":"#3"},"west":{"uv":[1.25,6,1.3125,6.125],"texture":"#3"}}},{"from":[7.0625,8.73667,12],"to":[7.1875,9.51333,12.25],"rotation":{"angle":0,"axis":"y","origin":[8,9.125,12.5]},"faces":{"north":{"uv":[6,1.25,6.0625,1.375],"texture":"#3"},"south":{"uv":[6,1.75,6.0625,1.875],"texture":"#3"},"west":{"uv":[6,2,6.0625,2.125],"texture":"#3"}}},{"from":[8.8125,8.73667,12],"to":[8.9375,9.51333,12.25],"rotation":{"angle":45,"axis":"z","origin":[8,9.125,12.5]},"faces":{"north":{"uv":[3.25,6,3.3125,6.125],"texture":"#3"},"east":{"uv":[3.5,6,3.5625,6.125],"texture":"#3"},"south":{"uv":[6,3.75,6.0625,3.875],"texture":"#3"}}},{"from":[8.8125,8.73667,12],"to":[8.9375,9.51333,12.25],"rotation":{"angle":0,"axis":"y","origin":[8,9.125,12.5]},"faces":{"north":{"uv":[4.25,6,4.3125,6.125],"texture":"#3"},"east":{"uv":[4.5,6,4.5625,6.125],"texture":"#3"},"south":{"uv":[4.75,6,4.8125,6.125],"texture":"#3"}}},{"from":[7.875,10.0625,5.625],"to":[8.125,10.25,7.1875],"rotation":{"angle":0,"axis":"y","origin":[7.5,10.0625,6.0625]},"faces":{"north":{"uv":[6.5,8.5,6.5625,8.5625],"texture":"#3"},"east":{"uv":[4,3,4.1875,3.0625],"texture":"#3"},"west":{"uv":[3.5,4,3.6875,4.0625],"texture":"#3"},"up":{"uv":[0.8125,4.1875,0.75,4],"texture":"#3"},"down":{"uv":[3.9375,4,3.875,4.1875],"texture":"#3"}}},{"from":[7.875,9.85242,7.02281],"to":[8.125,10.03992,7.19959],"rotation":{"angle":45,"axis":"x","origin":[8,9.94617,7.35875]},"faces":{"east":{"uv":[8.5,6.75,8.5625,6.8125],"texture":"#3"},"west":{"uv":[8.5,7,8.5625,7.0625],"texture":"#3"},"up":{"uv":[7.3125,8.5625,7.25,8.5],"texture":"#3"}}},{"from":[7.95313,10.25,5.9375],"to":[8.04688,10.6875,6.25],"rotation":{"angle":0,"axis":"y","origin":[8,10.43872,6.16197]},"faces":{"east":{"uv":[8.5,7.5,8.5625,7.5625],"texture":"#3"},"south":{"uv":[7.75,8.5,7.8125,8.5625],"texture":"#3"},"west":{"uv":[8.5,7.75,8.5625,7.8125],"texture":"#3"},"up":{"uv":[8.0625,8.5625,8,8.5],"texture":"#3"}}},{"from":[7.95313,10.15869,5.83231],"to":[8.04688,10.65869,6.08231],"rotation":{"angle":22.5,"axis":"x","origin":[8,10.40869,5.95731]},"faces":{"north":{"uv":[8.25,8.5,8.3125,8.5625],"texture":"#3"},"east":{"uv":[8.5,8.25,8.5625,8.3125],"texture":"#3"},"west":{"uv":[0.75,8.625,0.8125,8.6875],"texture":"#3"}}},{"from":[6.875,6.18222,6.19692],"to":[7.0625,6.49287,6.94692],"rotation":{"angle":45,"axis":"x","origin":[7.03125,7.26563,7.5]},"faces":{"north":{"uv":[2,8.625,2.0625,8.6875],"texture":"#3"},"east":{"uv":[5,6,5.125,6.0625],"texture":"#3"},"south":{"uv":[2.25,8.625,2.3125,8.6875],"texture":"#3"},"west":{"uv":[6,5,6.125,5.0625],"texture":"#3"},"up":{"uv":[5.3125,6.125,5.25,6],"texture":"#3"},"down":{"uv":[6.0625,5.25,6,5.375],"texture":"#3"}}},{"from":[6.875,7.1103,5.8125],"to":[7.0625,7.42095,6.5625],"rotation":{"angle":0,"axis":"y","origin":[7.03125,7.26563,7.5]},"faces":{"north":{"uv":[8.625,2.25,8.6875,2.3125],"texture":"#3"},"east":{"uv":[5.5,6,5.625,6.0625],"texture":"#3"},"south":{"uv":[2.5,8.625,2.5625,8.6875],"texture":"#3"},"west":{"uv":[6,5.5,6.125,5.5625],"texture":"#3"},"up":{"uv":[5.8125,6.125,5.75,6],"texture":"#3"},"down":{"uv":[6.0625,5.75,6,5.875],"texture":"#3"}}},{"from":[6.875,5.96255,6.41659],"to":[7.0625,6.71255,6.72725],"rotation":{"angle":45,"axis":"x","origin":[7.03125,7.26563,7.5]},"faces":{"east":{"uv":[0.75,6.125,0.8125,6.25],"texture":"#3"},"south":{"uv":[1.5,6.125,1.5625,6.25],"texture":"#3"},"west":{"uv":[1.75,6.125,1.8125,6.25],"texture":"#3"},"up":{"uv":[8.6875,2.5625,8.625,2.5],"texture":"#3"},"down":{"uv":[2.8125,8.625,2.75,8.6875],"texture":"#3"}}},{"from":[6.875,6.89063,6.03217],"to":[7.0625,7.64063,6.34283],"rotation":{"angle":0,"axis":"y","origin":[7.03125,7.26563,7.5]},"faces":{"north":{"uv":[2,6.125,2.0625,6.25],"texture":"#3"},"east":{"uv":[2.25,6.125,2.3125,6.25],"texture":"#3"},"west":{"uv":[2.5,6.125,2.5625,6.25],"texture":"#3"},"up":{"uv":[8.6875,2.8125,8.625,2.75],"texture":"#3"},"down":{"uv":[3.0625,8.625,3,8.6875],"texture":"#3"}}},{"from":[6.875,8.03838,8.17808],"to":[7.0625,8.34903,8.92808],"rotation":{"angle":45,"axis":"x","origin":[7.03125,7.26563,7.625]},"faces":{"north":{"uv":[8.625,3,8.6875,3.0625],"texture":"#3"},"east":{"uv":[6.125,2.5,6.25,2.5625],"texture":"#3"},"south":{"uv":[8.625,3.25,8.6875,3.3125],"texture":"#3"},"west":{"uv":[2.75,6.125,2.875,6.1875],"texture":"#3"},"up":{"uv":[6.1875,2.875,6.125,2.75],"texture":"#3"},"down":{"uv":[3.0625,6.125,3,6.25],"texture":"#3"}}},{"from":[6.875,7.1103,8.5625],"to":[7.0625,7.42095,9.3125],"rotation":{"angle":0,"axis":"y","origin":[7.03125,7.26563,7.625]},"faces":{"north":{"uv":[8.625,3.5,8.6875,3.5625],"texture":"#3"},"east":{"uv":[6.125,3,6.25,3.0625],"texture":"#3"},"south":{"uv":[3.75,8.625,3.8125,8.6875],"texture":"#3"},"west":{"uv":[6.125,3.25,6.25,3.3125],"texture":"#3"},"up":{"uv":[6.1875,3.625,6.125,3.5],"texture":"#3"},"down":{"uv":[3.8125,6.125,3.75,6.25],"texture":"#3"}}},{"from":[6.875,7.81871,8.39775],"to":[7.0625,8.56871,8.70841],"rotation":{"angle":45,"axis":"x","origin":[7.03125,7.26563,7.625]},"faces":{"east":{"uv":[6.125,4.25,6.1875,4.375],"texture":"#3"},"south":{"uv":[6.125,4.5,6.1875,4.625],"texture":"#3"},"west":{"uv":[0,6.25,0.0625,6.375],"texture":"#3"},"up":{"uv":[8.6875,4.0625,8.625,4],"texture":"#3"},"down":{"uv":[8.6875,4.25,8.625,4.3125],"texture":"#3"}}},{"from":[6.875,6.89063,8.78217],"to":[7.0625,7.64063,9.09283],"rotation":{"angle":0,"axis":"y","origin":[7.03125,7.26563,7.625]},"faces":{"north":{"uv":[6.25,0,6.3125,0.125],"texture":"#3"},"east":{"uv":[0.25,6.25,0.3125,6.375],"texture":"#3"},"west":{"uv":[0.5,6.25,0.5625,6.375],"texture":"#3"},"up":{"uv":[8.6875,4.5625,8.625,4.5],"texture":"#3"},"down":{"uv":[0.0625,8.75,0,8.8125],"texture":"#3"}}},{"from":[7,7.0625,6],"to":[7.375,7.4375,6.375],"rotation":{"angle":0,"axis":"y","origin":[7.1875,7.25,6.1875]},"faces":{"north":{"uv":[8.75,0,8.8125,0.0625],"texture":"#3"},"south":{"uv":[8.75,0.25,8.8125,0.3125],"texture":"#3"},"west":{"uv":[0.5,8.75,0.5625,8.8125],"texture":"#3"},"up":{"uv":[8.8125,0.5625,8.75,0.5],"texture":"#3"},"down":{"uv":[8.8125,0.75,8.75,0.8125],"texture":"#3"}}},{"from":[7,7.0625,8.75],"to":[7.375,7.4375,9.125],"rotation":{"angle":0,"axis":"y","origin":[6.25,7,8.25]},"faces":{"north":{"uv":[1,8.75,1.0625,8.8125],"texture":"#3"},"south":{"uv":[1.25,8.75,1.3125,8.8125],"texture":"#3"},"west":{"uv":[8.75,1.25,8.8125,1.3125],"texture":"#3"},"up":{"uv":[8.8125,1.5625,8.75,1.5],"texture":"#3"},"down":{"uv":[8.8125,1.75,8.75,1.8125],"texture":"#3"}}},{"from":[7.6875,7.4375,9.3125],"to":[8.3125,8.125,9.75],"rotation":{"angle":0,"axis":"y","origin":[8,7.625,9.375]},"faces":{"east":{"uv":[3.25,8.75,3.3125,8.8125],"texture":"#3","tintindex":0},"south":{"uv":[3.5,8.75,3.5625,8.8125],"texture":"#3","tintindex":0},"west":{"uv":[8.75,3.75,8.8125,3.8125],"texture":"#3","tintindex":0},"up":{"uv":[4.0625,8.8125,4,8.75],"texture":"#3","tintindex":0}}},{"from":[7.375,7,5.5],"to":[8.625,7.4375,9.625],"rotation":{"angle":0,"axis":"y","origin":[7.5,-0.875,1.5]},"faces":{"north":{"uv":[4.125,0.25,4.3125,0.3125],"texture":"#3","tintindex":0},"east":{"uv":[0,0.625,0.5,0.6875],"texture":"#3","tintindex":0},"south":{"uv":[4.125,0.5,4.3125,0.5625],"texture":"#3","tintindex":0},"west":{"uv":[0.625,0.625,1.125,0.6875],"texture":"#3","tintindex":0},"up":{"uv":[0.1875,0.5,0,0],"texture":"#3","tintindex":0},"down":{"uv":[0.5625,0,0.375,0.5],"texture":"#3","tintindex":0}}},{"from":[8.25,7.4375,5.5],"to":[8.5,7.5625,9.625],"rotation":{"angle":0,"axis":"y","origin":[7.5,-0.8125,1.5]},"faces":{"north":{"uv":[4.5,8.75,4.5625,8.8125],"texture":"#3","tintindex":0},"south":{"uv":[4.75,8.75,4.8125,8.8125],"texture":"#3","tintindex":0},"up":{"uv":[0.0625,1.375,0,0.875],"texture":"#3","tintindex":0}}},{"from":[7.6875,7.4375,5.6875],"to":[8.3125,7.8125,9.3125],"rotation":{"angle":0,"axis":"y","origin":[7.5,-0.8125,1.5]},"faces":{"east":{"uv":[1.875,0.5,2.3125,0.5625],"texture":"#3","tintindex":0},"west":{"uv":[1.5,2,1.9375,2.0625],"texture":"#3","tintindex":0},"up":{"uv":[0.0625,2.5625,0,2.125],"texture":"#3","tintindex":0}}},{"from":[7.6875,7.13765,8.48403],"to":[8.3125,7.51265,9.48403],"rotation":{"angle":-22.5,"axis":"x","origin":[8,7.38765,7.85903]},"faces":{"east":{"uv":[6.25,0.5,6.375,0.5625],"texture":"#3","tintindex":0},"west":{"uv":[6.25,0.75,6.375,0.8125],"texture":"#3","tintindex":0},"up":{"uv":[1.0625,6.375,1,6.25],"texture":"#3","tintindex":0}}},{"from":[7.9375,8.125,7.3125],"to":[8.0625,8.4375,9.3125],"rotation":{"angle":0,"axis":"y","origin":[7.5,-0.5625,1.875]},"faces":{"east":{"uv":[3.75,0.25,4,0.3125],"texture":"#3","tintindex":0},"west":{"uv":[3.75,0.5,4,0.5625],"texture":"#3","tintindex":0}}},{"from":[7.75,7.61298,6.00314],"to":[8.25,8.17548,6.37814],"rotation":{"angle":45,"axis":"x","origin":[8,7.55048,6.19064]},"faces":{"north":{"uv":[8.75,5.5,8.8125,5.5625],"texture":"#3","tintindex":0},"east":{"uv":[5.75,8.75,5.8125,8.8125],"texture":"#3","tintindex":0},"west":{"uv":[6,8.75,6.0625,8.8125],"texture":"#3","tintindex":0}}},{"from":[7.5,7.4375,5.5],"to":[7.75,7.5625,9.625],"rotation":{"angle":0,"axis":"y","origin":[8.5,-0.8125,1.5]},"faces":{"north":{"uv":[8.75,6.25,8.8125,6.3125],"texture":"#3","tintindex":0},"south":{"uv":[6.5,8.75,6.5625,8.8125],"texture":"#3","tintindex":0},"up":{"uv":[1.1875,1.375,1.125,0.875],"texture":"#3","tintindex":0}}},{"from":[7.66919,7.36742,5.5],"to":[7.85669,7.49242,9.625],"rotation":{"angle":-45,"axis":"z","origin":[7.79419,7.42992,7.625]},"faces":{"north":{"uv":[8.75,6.5,8.8125,6.5625],"texture":"#3","tintindex":0},"south":{"uv":[6.75,8.75,6.8125,8.8125],"texture":"#3","tintindex":0},"up":{"uv":[1.4375,1.375,1.375,0.875],"texture":"#3","tintindex":0}}},{"from":[8.14331,7.36742,5.5],"to":[8.33081,7.49242,9.625],"rotation":{"angle":45,"axis":"z","origin":[8.20581,7.42992,7.625]},"faces":{"north":{"uv":[8.75,6.75,8.8125,6.8125],"texture":"#3","tintindex":0},"south":{"uv":[7,8.75,7.0625,8.8125],"texture":"#3","tintindex":0},"up":{"uv":[0.3125,2,0.25,1.5],"texture":"#3","tintindex":0}}},{"from":[7.75,7.75,6.3125],"to":[8.25,8.125,7.3125],"rotation":{"angle":0,"axis":"y","origin":[7.5,-0.875,1.5]},"faces":{"north":{"uv":[8.75,7,8.8125,7.0625],"texture":"#3","tintindex":0},"east":{"uv":[1.25,6.25,1.375,6.3125],"texture":"#3","tintindex":0},"south":{"uv":[7.25,8.75,7.3125,8.8125],"texture":"#3","tintindex":0},"west":{"uv":[6.25,1.25,6.375,1.3125],"texture":"#3","tintindex":0}}},{"from":[7.75,7.75,7.3125],"to":[8.25,8,9.3125],"rotation":{"angle":0,"axis":"y","origin":[7.5,-0.875,2.25]},"faces":{"east":{"uv":[3.75,1,4,1.0625],"texture":"#3","tintindex":0},"west":{"uv":[3.75,2.25,4,2.3125],"texture":"#3","tintindex":0}}},{"from":[7.6875,7.4375,5.5625],"to":[8.3125,7.6875,5.6875],"rotation":{"angle":0,"axis":"y","origin":[7.5,-0.8125,1.25]},"faces":{"north":{"uv":[8.75,7.5,8.8125,7.5625],"texture":"#3","tintindex":0},"east":{"uv":[7.75,8.75,7.8125,8.8125],"texture":"#3","tintindex":0},"west":{"uv":[8,8.75,8.0625,8.8125],"texture":"#3","tintindex":0}}},{"from":[7.6875,7.60669,5.63258],"to":[8.3125,7.78347,5.75758],"rotation":{"angle":45,"axis":"x","origin":[8,7.73169,5.69508]},"faces":{"north":{"uv":[8.75,8.25,8.8125,8.3125],"texture":"#3","tintindex":0},"east":{"uv":[8.5,8.75,8.5625,8.8125],"texture":"#3","tintindex":0},"west":{"uv":[8.75,8.75,8.8125,8.8125],"texture":"#3","tintindex":0}}},{"from":[7.75758,7.75314,7.3125],"to":[8.11114,8.10669,9.3125],"rotation":{"angle":45,"axis":"z","origin":[7.88258,8.04419,8]},"faces":{"north":{"uv":[1.75,8.875,1.8125,8.9375],"texture":"#3","tintindex":0},"east":{"uv":[3.75,3.25,4,3.3125],"texture":"#3","tintindex":0},"south":{"uv":[2,8.875,2.0625,8.9375],"texture":"#3","tintindex":0},"up":{"uv":[1.0625,4.125,1,3.875],"texture":"#3","tintindex":0}}},{"from":[7.87056,8.125,9.3125],"to":[8.12944,8.3125,9.9375],"rotation":{"angle":45,"axis":"y","origin":[8,8.625,9.625]},"faces":{"north":{"uv":[2.25,8.875,2.3125,8.9375],"texture":"#3","tintindex":0},"south":{"uv":[2.5,8.875,2.5625,8.9375],"texture":"#3","tintindex":0},"up":{"uv":[2.8125,8.9375,2.75,8.875],"texture":"#3","tintindex":0},"down":{"uv":[8.9375,2.75,8.875,2.8125],"texture":"#3","tintindex":0}}},{"from":[7.87056,8.125,9.3125],"to":[8.12944,8.3125,9.9375],"rotation":{"angle":0,"axis":"y","origin":[8,8.625,9.625]},"faces":{"north":{"uv":[3,8.875,3.0625,8.9375],"texture":"#3","tintindex":0},"south":{"uv":[8.875,3.25,8.9375,3.3125],"texture":"#3","tintindex":0},"down":{"uv":[8.9375,4,8.875,4.0625],"texture":"#3","tintindex":0}}},{"from":[7.6875,8.125,9.49556],"to":[8.3125,8.3125,9.75444],"rotation":{"angle":45,"axis":"y","origin":[8,8.625,9.625]},"faces":{"east":{"uv":[8.875,4.5,8.9375,4.5625],"texture":"#3","tintindex":0},"west":{"uv":[9,0,9.0625,0.0625],"texture":"#3","tintindex":0},"up":{"uv":[0.3125,9.0625,0.25,9],"texture":"#3","tintindex":0},"down":{"uv":[9.0625,0.25,9,0.3125],"texture":"#3","tintindex":0}}},{"from":[7.6875,8.125,9.49556],"to":[8.3125,8.3125,9.75444],"rotation":{"angle":0,"axis":"y","origin":[8,8.625,9.625]},"faces":{"east":{"uv":[9,0.5,9.0625,0.5625],"texture":"#3","tintindex":0},"west":{"uv":[1,9,1.0625,9.0625],"texture":"#3","tintindex":0},"down":{"uv":[1.3125,9,1.25,9.0625],"texture":"#3","tintindex":0}}},{"from":[7.6875,7.27496,9.49537],"to":[8.3125,7.39996,9.68287],"rotation":{"angle":-22.5,"axis":"x","origin":[8,7.52496,9.30787]},"faces":{"east":{"uv":[9,1.5,9.0625,1.5625],"texture":"#3","tintindex":0},"west":{"uv":[9,2,9.0625,2.0625],"texture":"#3","tintindex":0},"down":{"uv":[3.5625,9,3.5,9.0625],"texture":"#3","tintindex":0}}},{"from":[7.40403,7.36742,5.5],"to":[7.58081,7.49242,9.625],"rotation":{"angle":45,"axis":"z","origin":[7.45581,7.42992,7.625]},"faces":{"north":{"uv":[9,3.75,9.0625,3.8125],"texture":"#3","tintindex":0},"south":{"uv":[4,9,4.0625,9.0625],"texture":"#3","tintindex":0},"up":{"uv":[0.8125,2.125,0.75,1.625],"texture":"#3","tintindex":0}}},{"from":[8.41919,7.36742,5.5],"to":[8.59597,7.49242,9.625],"rotation":{"angle":-45,"axis":"z","origin":[8.54419,7.42992,7.625]},"faces":{"north":{"uv":[4.25,9,4.3125,9.0625],"texture":"#3","tintindex":0},"south":{"uv":[4.5,9,4.5625,9.0625],"texture":"#3","tintindex":0},"up":{"uv":[1.9375,1.875,1.875,1.375],"texture":"#3","tintindex":0}}},{"from":[7.35938,7.0625,6.9375],"to":[8.64063,7.375,8.1875],"rotation":{"angle":0,"axis":"y","origin":[7.48438,-0.875,1.6875]},"faces":{"north":{"uv":[0,0,1.28125,0.3125],"texture":"#0"},"east":{"uv":[0,6.0625,16,10.0625],"texture":"#0"},"south":{"uv":[0,0,1.28125,0.3125],"texture":"#0"},"west":{"uv":[0,6.0625,16,10.0625],"texture":"#0"},"up":{"uv":[0,0,1.28125,1.25],"texture":"#0"},"down":{"uv":[0,0,1.28125,1.25],"texture":"#0"}}}],"display":{"thirdperson_righthand":{"translation":[0,0.5,0.75],"scale":[0.55,0.55,0.55]},"thirdperson_lefthand":{"translation":[-0.5,0,-3.25],"scale":[0.55,0.55,0.55]},"firstperson_righthand":{"translation":[-1,3,2.75],"scale":[1.15,1.15,1.15]},"firstperson_lefthand":{"translation":[-1,3,2.75],"scale":[1.15,1.15,1.15]},"ground":{"translation":[0,5,0],"scale":[1.5,1.5,1.5]},"gui":{"rotation":[30,-145,0],"translation":[2,-2.5,0],"scale":[2.71,2.71,2.71]},"fixed":{"rotation":[0,90,0],"translation":[0,0,-1],"scale":[1.1,1.1,1.1]}},"groups":[{"name":"acog","origin":[8,8,8],"color":0,"nbt":"{}","children":[{"name":"knob","origin":[8,8,8],"color":0,"nbt":"{}","children":[{"name":"group","origin":[8,8,8],"color":0,"nbt":"{}","children":[{"name":"octagon","origin":[8,8,8],"color":0,"nbt":"{}","children":[0,1,2,3]},{"name":"octagon","origin":[8,8,8],"color":0,"nbt":"{}","children":[4,5,6,7]}]},{"name":"group","origin":[8,8,8],"color":0,"nbt":"{}","children":[{"name":"octagon","origin":[8,8,8],"color":0,"nbt":"{}","children":[8,9,10,11]},{"name":"octagon","origin":[8,8,8],"color":0,"nbt":"{}","children":[12,13,14,15]}]}]},{"name":"part","origin":[8.57888,8.25291,10.0625],"color":5,"nbt":"{}","children":[16,17,18,19,20,21,22,23,24,25,26,27,28,29,30,31,32,33,34,35,36,37,38,39,40,41,42,43,44,45,46,47,{"name":"group","origin":[8.27121,12.92393,8.53125],"color":0,"nbt":"{}","children":[48,49,50,51,52,53,54,55,56,57,58,59]},60,61,62,63,{"name":"octagon","origin":[8,8,8],"color":0,"nbt":"{}","children":[64,65,66,67]},{"name":"octagon","origin":[8,8,8],"color":0,"nbt":"{}","children":[68,69,70,71]},{"name":"octagon","origin":[8,8,8],"color":0,"nbt":"{}","children":[72,73,74,75,76]}]},{"name":"scope","origin":[8,8,8],"color":0,"nbt":"{}","children":[77,78,79,80,81,82,83,84,{"name":"octagon","origin":[8,8,8],"color":0,"nbt":"{}","children":[85,86,87,88,89,90,91,92]},{"name":"octagon","origin":[8,8,8],"color":0,"nbt":"{}","children":[93,94,95,96,97,98,99,100]},{"name":"octagon","origin":[8,8,8],"color":0,"nbt":"{}","children":[101,102,103,104,105,106,107,108]},{"name":"octagon","origin":[8,8,8],"color":0,"nbt":"{}","children":[109,110,111,112,113,114,115,116,117,118,119,120,121,122,123,124,125,126,127,128,129,130,131,132,133,134,135,136,137,138,139,140,141,142]}]},{"name":"ironsight","origin":[8,8,8],"color":0,"nbt":"{}","children":[{"name":"group","origin":[8,10.06841,10.625],"color":0,"nbt":"{}","children":[]},{"name":"octagon","origin":[8,8,8],"color":0,"nbt":"{}","children":[143,144,145,146,147,148,149,150]},{"name":"group","origin":[8,10.40869,4.60519],"color":0,"nbt":"{}","children":[151,152,153,154]}]},{"name":"screw","origin":[7,7.25,8.5625],"color":6,"nbt":"{}","children":[155,156,157,158,159,160,161,162,163,164]},{"name":"base","origin":[8.54419,7.42992,6.125],"color":0,"nbt":"{}","children":[165,166,167,168,169,170,171,172,173,174,175,176,177,178,179,180,181,182,183,184,185,186]},187]}]}