{"credit":"Made with Blockbench","texture_size":[64,64],"textures":{"0":"tac:items/raythean","2":"tac:items/aimpoint_t1_uv","particle":"tac:items/raythean"},"elements":[{"from":[8.4375,7.4375,6.375],"to":[8.625,7.75,9],"rotation":{"angle":0,"axis":"y","origin":[7.5,-1.125,-0.3125]},"faces":{"north":{"uv":[6.5,5,6.625,5.125],"texture":"#2","tintindex":0},"south":{"uv":[5.5,6.5,5.625,6.625],"texture":"#2","tintindex":0},"down":{"uv":[1.375,4.25,1.25,4.875],"texture":"#2","tintindex":0}}},{"from":[7.68934,7.4375,6.375],"to":[8.31066,7.5625,9],"rotation":{"angle":45,"axis":"z","origin":[8,8.1875,7.6875]},"faces":{"north":{"uv":[6,6.5,6.125,6.625],"texture":"#2","tintindex":0},"south":{"uv":[6.5,6,6.625,6.125],"texture":"#2","tintindex":0},"down":{"uv":[3.125,4.25,3,4.875],"texture":"#2","tintindex":0}}},{"from":[7.68934,7.4375,6.375],"to":[8.31066,7.5625,9],"rotation":{"angle":0,"axis":"y","origin":[8,8.1875,7.6875]},"faces":{"north":{"uv":[6.5,6.5,6.625,6.625],"texture":"#2","tintindex":0},"south":{"uv":[0,6.75,0.125,6.875],"texture":"#2","tintindex":0},"down":{"uv":[3.625,4.25,3.5,4.875],"texture":"#2","tintindex":0}}},{"from":[7.68934,8.8125,6.375],"to":[8.31066,8.9375,9],"rotation":{"angle":45,"axis":"z","origin":[8,8.1875,7.6875]},"faces":{"north":{"uv":[6.75,0.5,6.875,0.625],"texture":"#2","tintindex":0},"south":{"uv":[6.75,1,6.875,1.125],"texture":"#2","tintindex":0},"up":{"uv":[4.125,4.875,4,4.25],"texture":"#2","tintindex":0}}},{"from":[7.68934,8.8125,6.375],"to":[8.31066,8.9375,9],"rotation":{"angle":0,"axis":"y","origin":[8,8.1875,7.6875]},"faces":{"north":{"uv":[6.75,1.5,6.875,1.625],"texture":"#2","tintindex":0},"south":{"uv":[6.75,2,6.875,2.125],"texture":"#2","tintindex":0},"up":{"uv":[0.125,5.125,0,4.5],"texture":"#2","tintindex":0}}},{"from":[7.25,7.87684,6.375],"to":[7.375,8.49816,9],"rotation":{"angle":45,"axis":"z","origin":[8,8.1875,7.6875]},"faces":{"north":{"uv":[6.75,2.5,6.875,2.625],"texture":"#2","tintindex":0},"south":{"uv":[6.75,3.5,6.875,3.625],"texture":"#2","tintindex":0}}},{"from":[7.25,7.87684,6.375],"to":[7.375,8.49816,9],"rotation":{"angle":0,"axis":"y","origin":[8,8.1875,7.6875]},"faces":{"north":{"uv":[6.75,4,6.875,4.125],"texture":"#2","tintindex":0},"south":{"uv":[6.75,4.5,6.875,4.625],"texture":"#2","tintindex":0},"west":{"uv":[4.5,1,5.125,1.125],"texture":"#2","tintindex":0}}},{"from":[8.625,7.87684,6.375],"to":[8.75,8.49816,9],"rotation":{"angle":45,"axis":"z","origin":[8,8.1875,7.6875]},"faces":{"north":{"uv":[6.75,5.5,6.875,5.625],"texture":"#2","tintindex":0},"east":{"uv":[4.5,1.5,5.125,1.625],"texture":"#2","tintindex":0},"south":{"uv":[7,0,7.125,0.125],"texture":"#2","tintindex":0}}},{"from":[8.625,7.4375,6.375],"to":[8.75,8.49816,9],"rotation":{"angle":0,"axis":"y","origin":[8,8.1875,7.6875]},"faces":{"north":{"uv":[2.75,0,2.875,0.25],"texture":"#2","tintindex":0},"east":{"uv":[0,0,0.625,0.25],"texture":"#2","tintindex":0},"south":{"uv":[5.75,0.5,5.875,0.75],"texture":"#2","tintindex":0},"west":{"uv":[0,0.5,0.625,0.75],"texture":"#2","tintindex":0},"down":{"uv":[1.875,4.5,1.75,5.125],"texture":"#2","tintindex":0}}},{"from":[7.68934,7.4375,9.0625],"to":[8.31066,7.5625,9.375],"rotation":{"angle":45,"axis":"z","origin":[8,8.1875,10.4375]},"faces":{"north":{"uv":[0.5,7,0.625,7.125],"texture":"#2","tintindex":0},"south":{"uv":[1,7,1.125,7.125],"texture":"#2","tintindex":0},"down":{"uv":[1.625,7,1.5,7.125],"texture":"#2","tintindex":0}}},{"from":[7.68934,7.4375,9.0625],"to":[8.31066,7.5625,9.375],"rotation":{"angle":0,"axis":"y","origin":[8,8.1875,10.4375]},"faces":{"north":{"uv":[2,7,2.125,7.125],"texture":"#2","tintindex":0},"south":{"uv":[2.5,7,2.625,7.125],"texture":"#2","tintindex":0},"down":{"uv":[3.125,7,3,7.125],"texture":"#2","tintindex":0}}},{"from":[7.68934,8.8125,9.0625],"to":[8.31066,8.9375,9.375],"rotation":{"angle":45,"axis":"z","origin":[8,8.1875,10.4375]},"faces":{"north":{"uv":[7,3,7.125,3.125],"texture":"#2","tintindex":0},"south":{"uv":[3.5,7,3.625,7.125],"texture":"#2","tintindex":0},"up":{"uv":[4.125,7.125,4,7],"texture":"#2","tintindex":0}}},{"from":[7.68934,8.8125,9.0625],"to":[8.31066,8.9375,9.375],"rotation":{"angle":0,"axis":"y","origin":[8,8.1875,10.4375]},"faces":{"north":{"uv":[4.5,7,4.625,7.125],"texture":"#2","tintindex":0},"south":{"uv":[5,7,5.125,7.125],"texture":"#2","tintindex":0},"up":{"uv":[7.125,5.125,7,5],"texture":"#2","tintindex":0}}},{"from":[7.25,7.87684,9.0625],"to":[7.375,8.49816,9.375],"rotation":{"angle":45,"axis":"z","origin":[8,8.1875,10.4375]},"faces":{"north":{"uv":[5.5,7,5.625,7.125],"texture":"#2","tintindex":0},"south":{"uv":[6,7,6.125,7.125],"texture":"#2","tintindex":0},"west":{"uv":[7,6,7.125,6.125],"texture":"#2","tintindex":0}}},{"from":[7.25,7.87684,9.0625],"to":[7.375,8.49816,9.375],"rotation":{"angle":0,"axis":"y","origin":[8,8.1875,10.4375]},"faces":{"north":{"uv":[6.5,7,6.625,7.125],"texture":"#2","tintindex":0},"south":{"uv":[7,6.5,7.125,6.625],"texture":"#2","tintindex":0},"west":{"uv":[7,7,7.125,7.125],"texture":"#2","tintindex":0}}},{"from":[8.625,7.87684,9.0625],"to":[8.75,8.49816,9.375],"rotation":{"angle":45,"axis":"z","origin":[8,8.1875,10.4375]},"faces":{"north":{"uv":[0,7.25,0.125,7.375],"texture":"#2","tintindex":0},"east":{"uv":[7.25,0.5,7.375,0.625],"texture":"#2","tintindex":0},"south":{"uv":[7.25,1,7.375,1.125],"texture":"#2","tintindex":0}}},{"from":[8.625,7.87684,9.0625],"to":[8.75,8.49816,9.375],"rotation":{"angle":0,"axis":"y","origin":[8,8.1875,10.4375]},"faces":{"north":{"uv":[7.25,1.5,7.375,1.625],"texture":"#2","tintindex":0},"east":{"uv":[7.25,2,7.375,2.125],"texture":"#2","tintindex":0},"south":{"uv":[7.25,2.5,7.375,2.625],"texture":"#2","tintindex":0}}},{"from":[7.68934,7.4375,5.875],"to":[8.31066,7.5625,6.3125],"rotation":{"angle":45,"axis":"z","origin":[8,8.1875,7.1875]},"faces":{"north":{"uv":[7.25,3.5,7.375,3.625],"texture":"#2","tintindex":0},"south":{"uv":[7.25,4,7.375,4.125],"texture":"#2","tintindex":0},"down":{"uv":[7.375,4.5,7.25,4.625],"texture":"#2","tintindex":0}}},{"from":[7.68934,7.4375,5.875],"to":[8.31066,7.5625,6.3125],"rotation":{"angle":0,"axis":"y","origin":[8,8.1875,7.1875]},"faces":{"north":{"uv":[7.25,5.5,7.375,5.625],"texture":"#2","tintindex":0},"south":{"uv":[7.5,0,7.625,0.125],"texture":"#2","tintindex":0},"down":{"uv":[0.625,7.5,0.5,7.625],"texture":"#2","tintindex":0}}},{"from":[7.68934,8.8125,5.875],"to":[8.31066,8.9375,6.3125],"rotation":{"angle":45,"axis":"z","origin":[8,8.1875,7.1875]},"faces":{"north":{"uv":[1,7.5,1.125,7.625],"texture":"#2","tintindex":0},"south":{"uv":[1.5,7.5,1.625,7.625],"texture":"#2","tintindex":0},"up":{"uv":[2.125,7.625,2,7.5],"texture":"#2","tintindex":0}}},{"from":[7.68934,8.8125,5.875],"to":[8.31066,8.9375,6.3125],"rotation":{"angle":0,"axis":"y","origin":[8,8.1875,7.1875]},"faces":{"north":{"uv":[2.5,7.5,2.625,7.625],"texture":"#2","tintindex":0},"south":{"uv":[3,7.5,3.125,7.625],"texture":"#2","tintindex":0},"up":{"uv":[7.625,3.125,7.5,3],"texture":"#2","tintindex":0}}},{"from":[7.25,7.87684,5.875],"to":[7.375,8.49816,6.3125],"rotation":{"angle":45,"axis":"z","origin":[8,8.1875,7.1875]},"faces":{"north":{"uv":[3.5,7.5,3.625,7.625],"texture":"#2","tintindex":0},"south":{"uv":[4,7.5,4.125,7.625],"texture":"#2","tintindex":0},"west":{"uv":[4.5,7.5,4.625,7.625],"texture":"#2","tintindex":0}}},{"from":[7.25,7.87684,5.875],"to":[7.375,8.49816,6.3125],"rotation":{"angle":0,"axis":"y","origin":[8,8.1875,7.1875]},"faces":{"north":{"uv":[5,7.5,5.125,7.625],"texture":"#2","tintindex":0},"south":{"uv":[7.5,5,7.625,5.125],"texture":"#2","tintindex":0},"west":{"uv":[5.5,7.5,5.625,7.625],"texture":"#2","tintindex":0}}},{"from":[8.625,7.87684,5.875],"to":[8.75,8.49816,6.3125],"rotation":{"angle":45,"axis":"z","origin":[8,8.1875,7.1875]},"faces":{"north":{"uv":[6,7.5,6.125,7.625],"texture":"#2","tintindex":0},"east":{"uv":[7.5,6,7.625,6.125],"texture":"#2","tintindex":0},"south":{"uv":[6.5,7.5,6.625,7.625],"texture":"#2","tintindex":0}}},{"from":[8.625,7.87684,5.875],"to":[8.75,8.49816,6.3125],"rotation":{"angle":0,"axis":"y","origin":[8,8.1875,7.1875]},"faces":{"north":{"uv":[7.5,6.5,7.625,6.625],"texture":"#2","tintindex":0},"east":{"uv":[7,7.5,7.125,7.625],"texture":"#2","tintindex":0},"south":{"uv":[7.5,7,7.625,7.125],"texture":"#2","tintindex":0}}},{"from":[8.68566,8.49816,6.8125],"to":[8.75,8.875,7.4375],"rotation":{"angle":0,"axis":"y","origin":[8,8.18382,7.625]},"faces":{"east":{"uv":[7.5,7.5,7.625,7.625],"texture":"#2","tintindex":0},"west":{"uv":[0,7.75,0.125,7.875],"texture":"#2","tintindex":0}}},{"from":[8.30492,8.87316,6.40273],"to":[8.68046,8.9375,7.02275],"rotation":{"angle":45,"axis":"y","origin":[8.46209,8.71783,6.83525]},"faces":{"east":{"uv":[7.75,0.5,7.875,0.625],"texture":"#2","tintindex":0},"up":{"uv":[7.875,1.125,7.75,1],"texture":"#2","tintindex":0},"down":{"uv":[7.875,1.5,7.75,1.625],"texture":"#2","tintindex":0}}},{"from":[8.68566,8.39529,7.32965],"to":[8.75,8.83463,8.51715],"rotation":{"angle":22.5,"axis":"x","origin":[8.53033,8.61496,7.64215]},"faces":{"east":{"uv":[5.75,4.5,6,4.625],"texture":"#2","tintindex":0},"west":{"uv":[5.75,5.5,6,5.625],"texture":"#2","tintindex":0},"up":{"uv":[6.125,0.25,6,0],"texture":"#2","tintindex":0}}},{"from":[8.68566,8.14266,6.52172],"to":[8.75,8.58069,7.14174],"rotation":{"angle":-45,"axis":"x","origin":[8.53033,8.36233,6.54799]},"faces":{"east":{"uv":[7.75,2,7.875,2.125],"texture":"#2","tintindex":0},"west":{"uv":[7.75,2.5,7.875,2.625],"texture":"#2","tintindex":0},"up":{"uv":[7.875,3.625,7.75,3.5],"texture":"#2","tintindex":0}}},{"from":[8.18815,8.87316,7.17889],"to":[8.56369,8.9375,7.88729],"rotation":{"angle":-45,"axis":"y","origin":[8.34467,8.71783,7.53309]},"faces":{"east":{"uv":[7.75,4,7.875,4.125],"texture":"#2","tintindex":0},"up":{"uv":[7.875,4.625,7.75,4.5],"texture":"#2","tintindex":0},"down":{"uv":[7.875,5.5,7.75,5.625],"texture":"#2","tintindex":0}}},{"from":[8.31066,8.87316,6.8125],"to":[8.75,8.9375,7.4375],"rotation":{"angle":0,"axis":"y","origin":[8.71783,8.68658,7.125]},"faces":{"north":{"uv":[8,0,8.125,0.125],"texture":"#2","tintindex":0},"east":{"uv":[0.5,8,0.625,8.125],"texture":"#2","tintindex":0},"up":{"uv":[1.125,8.125,1,8],"texture":"#2","tintindex":0},"down":{"uv":[1.625,8,1.5,8.125],"texture":"#2","tintindex":0}}},{"from":[8.66483,8.68566,6.64246],"to":[8.68046,8.74816,6.83525],"rotation":{"angle":45,"axis":"y","origin":[8.46209,8.65533,6.83525]},"faces":{"north":{"uv":[2,8,2.125,8.125],"texture":"#2","tintindex":0},"east":{"uv":[2.5,8,2.625,8.125],"texture":"#2","tintindex":0},"south":{"uv":[3,8,3.125,8.125],"texture":"#2","tintindex":0},"west":{"uv":[8,3,8.125,3.125],"texture":"#2","tintindex":0},"down":{"uv":[3.625,8,3.5,8.125],"texture":"#2","tintindex":0}}},{"from":[8.66483,8.74816,6.45496],"to":[8.68046,8.875,7.02275],"rotation":{"angle":45,"axis":"y","origin":[8.46209,8.78033,6.83525]},"faces":{"north":{"uv":[4,8,4.125,8.125],"texture":"#2","tintindex":0},"east":{"uv":[4.5,8,4.625,8.125],"texture":"#2","tintindex":0},"west":{"uv":[5,8,5.125,8.125],"texture":"#2","tintindex":0},"down":{"uv":[8.125,5,8,5.125],"texture":"#2","tintindex":0}}},{"from":[8.66483,8.74816,7.41475],"to":[8.68046,8.875,7.77941],"rotation":{"angle":-45,"axis":"y","origin":[8.46209,8.78033,7.41475]},"faces":{"east":{"uv":[5.5,8,5.625,8.125],"texture":"#2","tintindex":0},"south":{"uv":[6,8,6.125,8.125],"texture":"#2","tintindex":0},"west":{"uv":[8,6,8.125,6.125],"texture":"#2","tintindex":0},"down":{"uv":[6.625,8,6.5,8.125],"texture":"#2","tintindex":0}}},{"from":[8.55882,8.67452,6.30195],"to":[8.68566,8.69014,6.86973],"rotation":{"angle":-45,"axis":"x","origin":[8.49678,8.68233,6.57022]},"faces":{"north":{"uv":[8,6.5,8.125,6.625],"texture":"#2","tintindex":0},"south":{"uv":[7,8,7.125,8.125],"texture":"#2","tintindex":0},"west":{"uv":[8,7,8.125,7.125],"texture":"#2","tintindex":0},"up":{"uv":[7.625,8.125,7.5,8],"texture":"#2","tintindex":0},"down":{"uv":[8.125,7.5,8,7.625],"texture":"#2","tintindex":0}}},{"from":[8.5432,8.60657,7.42889],"to":[8.68566,8.6222,8.3873],"rotation":{"angle":22.5,"axis":"x","origin":[8.55928,8.61438,8.19716]},"faces":{"north":{"uv":[8,8,8.125,8.125],"texture":"#2","tintindex":0},"south":{"uv":[0,8.25,0.125,8.375],"texture":"#2","tintindex":0},"west":{"uv":[1,6,1.25,6.125],"texture":"#2","tintindex":0},"up":{"uv":[1.625,6.25,1.5,6],"texture":"#2","tintindex":0},"down":{"uv":[2.125,6,2,6.25],"texture":"#2","tintindex":0}}},{"from":[8.43382,8.60657,7.55389],"to":[8.5432,8.6222,7.99667],"rotation":{"angle":22.5,"axis":"x","origin":[8.55928,8.61438,8.19716]},"faces":{"north":{"uv":[8.25,0.5,8.375,0.625],"texture":"#2","tintindex":0},"south":{"uv":[8.25,1,8.375,1.125],"texture":"#2","tintindex":0},"west":{"uv":[8.25,1.5,8.375,1.625],"texture":"#2","tintindex":0},"up":{"uv":[8.375,2.125,8.25,2],"texture":"#2","tintindex":0},"down":{"uv":[8.375,2.5,8.25,2.625],"texture":"#2","tintindex":0}}},{"from":[7.36065,7.45313,6.375],"to":[7.5,7.92942,9.005],"rotation":{"angle":22.5,"axis":"z","origin":[7.4375,7.625,7.6875]},"faces":{"north":{"uv":[1,9,1.125,9.125],"texture":"#2","tintindex":0},"south":{"uv":[1.5,9,1.625,9.125],"texture":"#2","tintindex":0},"west":{"uv":[4.5,2,5.125,2.125],"texture":"#2","tintindex":0},"down":{"uv":[2.375,4.5,2.25,5.125],"texture":"#2","tintindex":0}}},{"from":[8.49632,8.67452,6.48945],"to":[8.55882,8.69014,6.74473],"rotation":{"angle":-45,"axis":"x","origin":[8.49678,8.68233,6.57022]},"faces":{"north":{"uv":[2,9,2.125,9.125],"texture":"#2","tintindex":0},"south":{"uv":[2.5,9,2.625,9.125],"texture":"#2","tintindex":0},"west":{"uv":[3,9,3.125,9.125],"texture":"#2","tintindex":0},"up":{"uv":[9.125,3.125,9,3],"texture":"#2","tintindex":0},"down":{"uv":[3.625,9,3.5,9.125],"texture":"#2","tintindex":0}}},{"from":[8.3125,7.4375,6.375],"to":[8.4375,7.5625,9],"rotation":{"angle":0,"axis":"y","origin":[7.3125,-1.125,-0.3125]},"faces":{"north":{"uv":[4,9,4.125,9.125],"texture":"#2","tintindex":0},"south":{"uv":[4.5,9,4.625,9.125],"texture":"#2","tintindex":0},"down":{"uv":[4.625,4,4.5,4.625],"texture":"#2","tintindex":0}}},{"from":[7.43179,7.4375,6.375],"to":[7.68934,7.63935,9.005],"rotation":{"angle":0,"axis":"y","origin":[7.47463,7.50718,7.1875]},"faces":{"north":{"uv":[5,9,5.125,9.125],"texture":"#2","tintindex":0},"south":{"uv":[9,5,9.125,5.125],"texture":"#2","tintindex":0},"west":{"uv":[5,0,5.625,0.125],"texture":"#2","tintindex":0},"down":{"uv":[5.125,3,5,3.625],"texture":"#2","tintindex":0}}},{"from":[8.6224,7.69899,8.6875],"to":[8.7474,7.87576,9],"rotation":{"angle":45,"axis":"z","origin":[7.9974,8.1901,7.6875]},"faces":{"north":{"uv":[5.5,9,5.625,9.125],"texture":"#2","tintindex":0},"east":{"uv":[6,9,6.125,9.125],"texture":"#2","tintindex":0},"south":{"uv":[9,6,9.125,6.125],"texture":"#2","tintindex":0}}},{"from":[8.75,7.87684,8.6875],"to":[8.875,8.37316,9],"rotation":{"angle":0,"axis":"y","origin":[8.8125,8.40625,8.4375]},"faces":{"north":{"uv":[6.5,9,6.625,9.125],"texture":"#2","tintindex":0},"east":{"uv":[9,6.5,9.125,6.625],"texture":"#2","tintindex":0},"south":{"uv":[7,9,7.125,9.125],"texture":"#2","tintindex":0},"down":{"uv":[9.125,7,9,7.125],"texture":"#2","tintindex":0}}},{"from":[7.625,7.3125,6.95313],"to":[8.375,7.4375,9],"rotation":{"angle":0,"axis":"y","origin":[8,7.98438,7.8125]},"faces":{"north":{"uv":[4,6,4.25,6.125],"texture":"#2","tintindex":0},"south":{"uv":[4.5,6,4.75,6.125],"texture":"#2","tintindex":0},"up":{"uv":[0.25,1.5,0,1],"texture":"#2","tintindex":0},"down":{"uv":[1.25,0,1,0.5],"texture":"#2","tintindex":0}}},{"from":[8.375,7,6.375],"to":[8.75,7.4375,9],"rotation":{"angle":0,"axis":"y","origin":[8,7.98438,7.5625]},"faces":{"north":{"uv":[9.5,7.25,9.59375,7.35938],"texture":"#2"},"east":{"uv":[9.75,3.5,9.875,3.625],"texture":"#2","tintindex":0},"south":{"uv":[9.75,4,9.875,4.125],"texture":"#2","tintindex":0},"west":{"uv":[9.75,4.5,9.875,4.625],"texture":"#2","tintindex":0},"down":{"uv":[9.875,5.5,9.75,5.625],"texture":"#2","tintindex":0}}},{"from":[7.39063,7,6.38282],"to":[7.625,7.625,7.32813],"rotation":{"angle":0,"axis":"y","origin":[8,7.98438,8.03125]},"faces":{"north":{"uv":[4,10,4.125,10.125],"texture":"#2","tintindex":0},"east":{"uv":[4.5,10,4.625,10.125],"texture":"#2","tintindex":0},"west":{"uv":[5,10,5.125,10.125],"texture":"#2","tintindex":0},"up":{"uv":[10.125,5.125,10,5],"texture":"#2","tintindex":0},"down":{"uv":[5.625,10,5.5,10.125],"texture":"#2","tintindex":0}}},{"from":[7.39063,7,8.625],"to":[7.625,7.625,9],"rotation":{"angle":0,"axis":"y","origin":[8,7.98438,7.5625]},"faces":{"north":{"uv":[0,0,0,0],"texture":"#2"},"east":{"uv":[10,7.5,10.125,7.625],"texture":"#2","tintindex":0},"south":{"uv":[7.5,10,7.625,10.125],"texture":"#2","tintindex":0},"west":{"uv":[10,8,10.125,8.125],"texture":"#2","tintindex":0},"up":{"uv":[1.375,0,1.46875,0.10156],"texture":"#2"},"down":{"uv":[8.625,10,8.5,10.125],"texture":"#2","tintindex":0}}},{"from":[7.39063,7,7.32813],"to":[7.625,7.4375,8.625],"rotation":{"angle":0,"axis":"y","origin":[8,7.98438,7.8125]},"faces":{"east":{"uv":[4.25,5.5,4.625,5.625],"texture":"#2","tintindex":0},"west":{"uv":[5,5.5,5.375,5.625],"texture":"#2","tintindex":0},"up":{"uv":[0.625,6.125,0.5,5.75],"texture":"#2","tintindex":0},"down":{"uv":[5.875,3.75,5.75,4.125],"texture":"#2","tintindex":0}}},{"from":[7.39063,8.16906,8.56792],"to":[7.625,8.48156,8.75542],"rotation":{"angle":45,"axis":"x","origin":[8,7.98438,7.5625]},"faces":{"north":{"uv":[10.25,3.5,10.375,3.625],"texture":"#2","tintindex":0},"east":{"uv":[10.25,4,10.375,4.125],"texture":"#2","tintindex":0},"west":{"uv":[10.25,4.5,10.375,4.625],"texture":"#2","tintindex":0}}},{"from":[7.39063,7.04557,7.78818],"to":[7.625,7.23307,8.10068],"rotation":{"angle":45,"axis":"x","origin":[8,7.98438,8.03125]},"faces":{"east":{"uv":[10.25,5.5,10.375,5.625],"texture":"#2","tintindex":0},"west":{"uv":[10.5,0,10.625,0.125],"texture":"#2","tintindex":0},"up":{"uv":[0.625,10.625,0.5,10.5],"texture":"#2","tintindex":0}}},{"from":[7.35938,7.01563,7.90671],"to":[8.77344,7.39063,8.06204],"rotation":{"angle":-22.5,"axis":"x","origin":[7.22656,7.20313,7.98438]},"faces":{"east":{"uv":[2,6.5,2.125,6.75],"texture":"#2","tintindex":0},"west":{"uv":[2.5,6.5,2.625,6.75],"texture":"#2","tintindex":0},"up":{"uv":[2.625,10.625,2.5,10.5],"texture":"#2","tintindex":0},"down":{"uv":[3.125,10.5,3,10.625],"texture":"#2","tintindex":0}}},{"from":[7.35938,7.12546,7.79688],"to":[8.77344,7.28079,8.17188],"rotation":{"angle":22.5,"axis":"x","origin":[7.22656,7.20313,7.98438]},"faces":{"north":{"uv":[10.5,3,10.625,3.125],"texture":"#2","tintindex":0},"east":{"uv":[3,6.5,3.25,6.625],"texture":"#2","tintindex":0},"south":{"uv":[3.5,10.5,3.625,10.625],"texture":"#2","tintindex":0},"west":{"uv":[6.5,3,6.75,3.125],"texture":"#2","tintindex":0}}},{"from":[7.35938,7.12546,7.79688],"to":[8.77344,7.28079,8.17188],"rotation":{"angle":-22.5,"axis":"x","origin":[7.22656,7.20313,7.98438]},"faces":{"north":{"uv":[4,10.5,4.125,10.625],"texture":"#2","tintindex":0},"east":{"uv":[3.5,6.5,3.75,6.625],"texture":"#2","tintindex":0},"south":{"uv":[4.5,10.5,4.625,10.625],"texture":"#2","tintindex":0},"west":{"uv":[4,6.5,4.25,6.625],"texture":"#2","tintindex":0}}},{"from":[7.35938,7.01563,7.90671],"to":[8.77344,7.39063,8.06204],"rotation":{"angle":22.5,"axis":"x","origin":[7.22656,7.20313,7.98438]},"faces":{"east":{"uv":[4.5,6.5,4.625,6.75],"texture":"#2","tintindex":0},"west":{"uv":[5,6.5,5.125,6.75],"texture":"#2","tintindex":0},"up":{"uv":[5.125,10.625,5,10.5],"texture":"#2","tintindex":0},"down":{"uv":[10.625,5,10.5,5.125],"texture":"#2","tintindex":0}}},{"from":[7.89515,8.84375,8.23125],"to":[8.10485,9.19688,8.7375],"rotation":{"angle":45,"axis":"y","origin":[8,8.98438,8.48438]},"faces":{"north":{"uv":[7.5,9,7.625,9.125],"texture":"#2"},"south":{"uv":[9,7.5,9.125,7.625],"texture":"#2"},"up":{"uv":[8.125,9.125,8,9],"texture":"#2"},"down":{"uv":[9.125,8,9,8.125],"texture":"#2"}}},{"from":[7.89515,8.84375,8.23125],"to":[8.10485,9.19688,8.7375],"rotation":{"angle":0,"axis":"y","origin":[8,8.98438,8.48438]},"faces":{"north":{"uv":[8.5,9,8.625,9.125],"texture":"#2"},"south":{"uv":[9,8.5,9.125,8.625],"texture":"#2"},"up":{"uv":[9.125,9.125,9,9],"texture":"#2"}}},{"from":[7.74688,8.84375,8.37952],"to":[8.25313,9.19688,8.58923],"rotation":{"angle":45,"axis":"y","origin":[8,8.98438,8.48438]},"faces":{"east":{"uv":[0,9.25,0.125,9.375],"texture":"#2"},"west":{"uv":[9.25,0.5,9.375,0.625],"texture":"#2"},"up":{"uv":[9.375,1.125,9.25,1],"texture":"#2"},"down":{"uv":[9.375,1.5,9.25,1.625],"texture":"#2"}}},{"from":[7.74688,8.84375,8.37952],"to":[8.25313,9.19688,8.58923],"rotation":{"angle":0,"axis":"y","origin":[8,8.98438,8.48438]},"faces":{"east":{"uv":[9.25,2,9.375,2.125],"texture":"#2"},"west":{"uv":[9.25,2.5,9.375,2.625],"texture":"#2"},"up":{"uv":[9.375,3.625,9.25,3.5],"texture":"#2"}}},{"from":[8.7125,7.89063,8.27533],"to":[8.84375,8.37187,8.47467],"rotation":{"angle":0,"axis":"y","origin":[8.82188,8.13125,8.375]},"faces":{"east":{"uv":[9.25,4,9.375,4.125],"texture":"#2"},"west":{"uv":[9.25,4.5,9.375,4.625],"texture":"#2"},"up":{"uv":[9.375,5.625,9.25,5.5],"texture":"#2"},"down":{"uv":[9.625,0,9.5,0.125],"texture":"#2"}}},{"from":[8.7125,7.89063,8.27533],"to":[8.84375,8.37187,8.47467],"rotation":{"angle":-45,"axis":"x","origin":[8.82188,8.13125,8.375]},"faces":{"east":{"uv":[0.5,9.5,0.625,9.625],"texture":"#2"},"west":{"uv":[1,9.5,1.125,9.625],"texture":"#2"},"up":{"uv":[1.625,9.625,1.5,9.5],"texture":"#2"},"down":{"uv":[2.125,9.5,2,9.625],"texture":"#2"}}},{"from":[8.7125,8.03158,8.13438],"to":[8.84375,8.23092,8.61563],"rotation":{"angle":0,"axis":"y","origin":[8.82188,8.13125,8.375]},"faces":{"north":{"uv":[2.5,9.5,2.625,9.625],"texture":"#2"},"east":{"uv":[3,9.5,3.125,9.625],"texture":"#2"},"south":{"uv":[9.5,3,9.625,3.125],"texture":"#2"}}},{"from":[8.7125,8.03158,8.13438],"to":[8.84375,8.23092,8.61563],"rotation":{"angle":-45,"axis":"x","origin":[8.82188,8.13125,8.375]},"faces":{"north":{"uv":[4,9.5,4.125,9.625],"texture":"#2"},"east":{"uv":[4.5,9.5,4.625,9.625],"texture":"#2"},"south":{"uv":[5,9.5,5.125,9.625],"texture":"#2"},"west":{"uv":[9.5,5,9.625,5.125],"texture":"#2"}}},{"from":[8.75,7.90273,6.5],"to":[9.03125,8.47227,7.875],"rotation":{"angle":22.5,"axis":"x","origin":[8.96875,8.1875,7.1875]},"faces":{"north":{"uv":[5.5,9.5,5.625,9.625],"texture":"#2"},"east":{"uv":[4.5,5,4.875,5.125],"texture":"#2"},"south":{"uv":[6,9.5,6.125,9.625],"texture":"#2"},"west":{"uv":[5,4.5,5.375,4.625],"texture":"#2"}}},{"from":[8.75,7.90273,6.5],"to":[9.03125,8.47227,7.875],"rotation":{"angle":-22.5,"axis":"x","origin":[8.96875,8.1875,7.1875]},"faces":{"north":{"uv":[9.5,6,9.625,6.125],"texture":"#2"},"east":{"uv":[0.5,5.25,0.875,5.375],"texture":"#2"},"south":{"uv":[6.5,9.5,6.625,9.625],"texture":"#2"}}},{"from":[8.75,7.5,6.90273],"to":[9.03125,8.875,7.47227],"rotation":{"angle":22.5,"axis":"x","origin":[8.96875,8.1875,7.1875]},"faces":{"east":{"uv":[1.25,5.25,1.375,5.625],"texture":"#2"},"west":{"uv":[2.75,5.25,2.875,5.625],"texture":"#2"},"up":{"uv":[9.625,6.625,9.5,6.5],"texture":"#2"},"down":{"uv":[7.125,9.5,7,9.625],"texture":"#2"}}},{"from":[8.75,7.5,6.90273],"to":[9.03125,8.875,7.47227],"rotation":{"angle":-22.5,"axis":"x","origin":[8.96875,8.1875,7.1875]},"faces":{"east":{"uv":[3.25,5.25,3.375,5.625],"texture":"#2"},"west":{"uv":[3.75,5.25,3.875,5.625],"texture":"#2"},"up":{"uv":[9.625,7.125,9.5,7],"texture":"#2"},"down":{"uv":[7.625,9.5,7.5,9.625],"texture":"#2"}}},{"from":[7.249,8.00184,6.875],"to":[7.25,8.40184,8.475],"rotation":{"angle":0,"axis":"y","origin":[7.999,9.375,8.1875]},"faces":{"north":{"uv":[0,0,0.001,0.4],"texture":"#0"},"south":{"uv":[0,0,0.001,0.4],"texture":"#0"},"west":{"uv":[0,6.21875,16,10.21875],"texture":"#0"},"up":{"uv":[0,0,0.001,1.6],"texture":"#0"},"down":{"uv":[0,0,0.001,1.6],"texture":"#0"}}},{"from":[8.6125,8.05898,5.75],"to":[8.6875,8.31602,9.4375],"rotation":{"angle":-22.5,"axis":"z","origin":[8,8.1875,7.59375]},"faces":{"north":{"uv":[5.5,10.5,5.625,10.625],"texture":"#2"},"south":{"uv":[6,10.5,6.125,10.625],"texture":"#2"},"west":{"uv":[1.5,0,2.375,0.125],"texture":"#2"}}},{"from":[7.87148,7.5,5.75],"to":[8.12852,7.575,9.4375],"rotation":{"angle":22.5,"axis":"z","origin":[8,8.1875,7.59375]},"faces":{"north":{"uv":[10.5,6,10.625,6.125],"texture":"#2"},"south":{"uv":[6.5,10.5,6.625,10.625],"texture":"#2"},"up":{"uv":[1.625,1.375,1.5,0.5],"texture":"#2"}}},{"from":[7.3125,8.05898,5.75],"to":[7.3875,8.31602,9.4375],"rotation":{"angle":-22.5,"axis":"z","origin":[8,8.1875,7.59375]},"faces":{"north":{"uv":[10.5,6.5,10.625,6.625],"texture":"#2"},"east":{"uv":[0,1.75,0.875,1.875],"texture":"#2"},"south":{"uv":[7,10.5,7.125,10.625],"texture":"#2"}}},{"from":[7.87148,8.8,5.75],"to":[8.12852,8.875,9.4375],"rotation":{"angle":22.5,"axis":"z","origin":[8,8.1875,7.59375]},"faces":{"north":{"uv":[10.5,7,10.625,7.125],"texture":"#2"},"south":{"uv":[7.5,10.5,7.625,10.625],"texture":"#2"},"down":{"uv":[1.375,1.75,1.25,2.625],"texture":"#2"}}},{"from":[7.87148,7.5,5.75],"to":[8.12852,7.575,9.4375],"rotation":{"angle":-22.5,"axis":"z","origin":[8,8.1875,7.59375]},"faces":{"north":{"uv":[10.5,7.5,10.625,7.625],"texture":"#2"},"south":{"uv":[8,10.5,8.125,10.625],"texture":"#2"},"up":{"uv":[1.875,2.625,1.75,1.75],"texture":"#2"}}},{"from":[7.3125,8.05898,5.75],"to":[7.3875,8.31602,9.4375],"rotation":{"angle":22.5,"axis":"z","origin":[8,8.1875,7.59375]},"faces":{"north":{"uv":[10.5,8,10.625,8.125],"texture":"#2"},"east":{"uv":[2,0.5,2.875,0.625],"texture":"#2"},"south":{"uv":[8.5,10.5,8.625,10.625],"texture":"#2"}}},{"from":[7.87148,8.8,5.75],"to":[8.12852,8.875,9.4375],"rotation":{"angle":-22.5,"axis":"z","origin":[8,8.1875,7.59375]},"faces":{"north":{"uv":[10.5,8.5,10.625,8.625],"texture":"#2"},"south":{"uv":[9,10.5,9.125,10.625],"texture":"#2"},"down":{"uv":[0.125,2.25,0,3.125],"texture":"#2"}}},{"from":[8.6125,8.05898,5.75],"to":[8.6875,8.31602,9.4375],"rotation":{"angle":22.5,"axis":"z","origin":[8,8.1875,7.59375]},"faces":{"north":{"uv":[10.5,9,10.625,9.125],"texture":"#2"},"south":{"uv":[9.5,10.5,9.625,10.625],"texture":"#2"},"west":{"uv":[2,1,2.875,1.125],"texture":"#2"}}},{"from":[7.71523,7.5,5.75],"to":[8.28477,7.575,9.4375],"rotation":{"angle":45,"axis":"z","origin":[8,8.1875,7.6875]},"faces":{"north":{"uv":[10.5,9.5,10.625,9.625],"texture":"#2"},"south":{"uv":[10,10.5,10.125,10.625],"texture":"#2"},"up":{"uv":[0.625,3.125,0.5,2.25],"texture":"#2"},"down":{"uv":[2.375,1.5,2.25,2.375],"texture":"#2"}}},{"from":[7.71523,7.5,5.75],"to":[8.28477,7.575,9.4375],"rotation":{"angle":0,"axis":"y","origin":[8,8.1875,7.6875]},"faces":{"north":{"uv":[10.5,10,10.625,10.125],"texture":"#2"},"south":{"uv":[10.5,10.5,10.625,10.625],"texture":"#2"},"up":{"uv":[2.875,2.375,2.75,1.5],"texture":"#2"},"down":{"uv":[2.375,2.75,2.25,3.625],"texture":"#2"}}},{"from":[7.71523,8.8,5.75],"to":[8.28477,8.875,9.4375],"rotation":{"angle":45,"axis":"z","origin":[8,8.1875,7.6875]},"faces":{"north":{"uv":[0,10.75,0.125,10.875],"texture":"#2"},"south":{"uv":[10.75,0.5,10.875,0.625],"texture":"#2"},"up":{"uv":[2.875,3.625,2.75,2.75],"texture":"#2"},"down":{"uv":[1.125,3,1,3.875],"texture":"#2"}}},{"from":[7.71523,8.8,5.75],"to":[8.28477,8.875,9.4375],"rotation":{"angle":0,"axis":"y","origin":[8,8.1875,7.6875]},"faces":{"north":{"uv":[10.75,1,10.875,1.125],"texture":"#2"},"south":{"uv":[10.75,1.5,10.875,1.625],"texture":"#2"},"up":{"uv":[1.625,3.875,1.5,3],"texture":"#2"},"down":{"uv":[3.375,0,3.25,0.875],"texture":"#2"}}},{"from":[7.3125,7.90273,5.75],"to":[7.3875,8.47227,9.4375],"rotation":{"angle":45,"axis":"z","origin":[8,8.1875,7.6875]},"faces":{"north":{"uv":[10.75,2,10.875,2.125],"texture":"#2"},"east":{"uv":[3.25,1.25,4.125,1.375],"texture":"#2"},"south":{"uv":[10.75,2.5,10.875,2.625],"texture":"#2"},"west":{"uv":[3.25,1.75,4.125,1.875],"texture":"#2"}}},{"from":[7.3125,7.90273,5.75],"to":[7.3875,8.47227,9.4375],"rotation":{"angle":0,"axis":"y","origin":[8,8.1875,7.6875]},"faces":{"north":{"uv":[10.75,3.5,10.875,3.625],"texture":"#2"},"east":{"uv":[3.25,2.25,4.125,2.375],"texture":"#2"},"south":{"uv":[10.75,4,10.875,4.125],"texture":"#2"},"west":{"uv":[3.25,2.75,4.125,2.875],"texture":"#2"}}},{"from":[8.6125,7.90273,5.75],"to":[8.6875,8.47227,9.4375],"rotation":{"angle":45,"axis":"z","origin":[8,8.1875,7.6875]},"faces":{"north":{"uv":[10.75,4.5,10.875,4.625],"texture":"#2"},"east":{"uv":[3.25,3.25,4.125,3.375],"texture":"#2"},"south":{"uv":[10.75,5.5,10.875,5.625],"texture":"#2"},"west":{"uv":[3.75,0,4.625,0.125],"texture":"#2"}}},{"from":[8.6125,7.90273,5.75],"to":[8.6875,8.47227,9.4375],"rotation":{"angle":0,"axis":"y","origin":[8,8.1875,7.6875]},"faces":{"north":{"uv":[11,0,11.125,0.125],"texture":"#2"},"east":{"uv":[3.75,0.5,4.625,0.625],"texture":"#2"},"south":{"uv":[0.5,11,0.625,11.125],"texture":"#2"},"west":{"uv":[3.25,3.75,4.125,3.875],"texture":"#2"}}}],"display":{"thirdperson_righthand":{"translation":[0,0.5,0.75],"scale":[0.55,0.55,0.55]},"thirdperson_lefthand":{"translation":[0,0.5,0.75],"scale":[0.55,0.55,0.55]},"firstperson_righthand":{"translation":[-1,3,2.5]},"firstperson_lefthand":{"translation":[-1,3,2.5]},"ground":{"translation":[0,3,0],"scale":[0.55,0.55,0.55]},"gui":{"rotation":[30,-145,0],"translation":[0,0.25,0],"scale":[3.5,3.5,3.5]},"fixed":{"rotation":[0,90,0],"translation":[0.5,-0.25,-1.5],"scale":[1.1,1.1,1.1]}},"groups":[{"name":"T2","origin":[8,8,8],"color":9,"nbt":"{}","children":[{"name":"body(d)","origin":[8.8125,9.53125,8.75],"color":9,"nbt":"{}","children":[0,1,2,3,4,5,6,7,8,{"name":"group","origin":[8,9.875,10.4375],"color":0,"nbt":"{}","children":[9,10,11,12,13,14,15,16]},{"name":"group","origin":[8,9.875,7.1875],"color":0,"nbt":"{}","children":[17,18,19,20,21,22,23,24]},25,26,27,28,29,30,31,32,33,34,35,36,37,38,39,40,41,42]},{"name":"riser(d)","origin":[8,7.73438,8.125],"color":9,"nbt":"{}","children":[43,44,45,46,47,48,49,{"name":"octagon","origin":[8,8,8],"color":9,"nbt":"{}","children":[50,51,52,53]}]},{"name":"knobs(f)","origin":[8,8,8],"color":9,"nbt":"{}","children":[{"name":"octagon","origin":[8,8,8],"color":9,"nbt":"{}","children":[54,55,56,57]},{"name":"octagon","origin":[8,8,8],"color":9,"nbt":"{}","children":[58,59,60,61]},{"name":"octagon","origin":[8,8,8],"color":9,"nbt":"{}","children":[62,63,64,65]}]},66,{"name":"inner(f)","origin":[8,8,8],"color":9,"nbt":"{}","children":[{"name":"octagon","origin":[8,8,8],"color":9,"nbt":"{}","children":[67,68,69,70,71,72,73,74]},{"name":"octagon","origin":[8,8,8],"color":9,"nbt":"{}","children":[75,76,77,78,79,80,81,82]}]}]}]}