{"credit":"Made with Blockbench","texture_size":[64,64],"textures":{"0":"tac:items/raythean","2":"tac:items/aimpoint_t2_uv","particle":"tac:items/raythean"},"elements":[{"from":[8.4375,8.6875,6.375],"to":[8.625,9,9],"rotation":{"angle":0,"axis":"y","origin":[7.5,0.125,-0.3125]},"faces":{"north":{"uv":[6.5,5,6.625,5.125],"texture":"#2","tintindex":0},"south":{"uv":[5.5,6.5,5.625,6.625],"texture":"#2","tintindex":0},"down":{"uv":[1.375,4.25,1.25,4.875],"texture":"#2","tintindex":0}}},{"from":[7.68934,8.6875,6.375],"to":[8.31066,8.8125,9],"rotation":{"angle":45,"axis":"z","origin":[8,9.4375,7.6875]},"faces":{"north":{"uv":[6,6.5,6.125,6.625],"texture":"#2","tintindex":0},"south":{"uv":[6.5,6,6.625,6.125],"texture":"#2","tintindex":0},"down":{"uv":[3.125,4.25,3,4.875],"texture":"#2","tintindex":0}}},{"from":[7.68934,8.6875,6.375],"to":[8.31066,8.8125,9],"rotation":{"angle":0,"axis":"y","origin":[8,9.4375,7.6875]},"faces":{"north":{"uv":[6.5,6.5,6.625,6.625],"texture":"#2","tintindex":0},"south":{"uv":[0,6.75,0.125,6.875],"texture":"#2","tintindex":0},"down":{"uv":[3.625,4.25,3.5,4.875],"texture":"#2","tintindex":0}}},{"from":[7.68934,10.0625,6.375],"to":[8.31066,10.1875,9],"rotation":{"angle":45,"axis":"z","origin":[8,9.4375,7.6875]},"faces":{"north":{"uv":[6.75,0.5,6.875,0.625],"texture":"#2","tintindex":0},"south":{"uv":[6.75,1,6.875,1.125],"texture":"#2","tintindex":0},"up":{"uv":[4.125,4.875,4,4.25],"texture":"#2","tintindex":0}}},{"from":[7.68934,10.0625,6.375],"to":[8.31066,10.1875,9],"rotation":{"angle":0,"axis":"y","origin":[8,9.4375,7.6875]},"faces":{"north":{"uv":[6.75,1.5,6.875,1.625],"texture":"#2","tintindex":0},"south":{"uv":[6.75,2,6.875,2.125],"texture":"#2","tintindex":0},"up":{"uv":[0.125,5.125,0,4.5],"texture":"#2","tintindex":0}}},{"from":[7.25,9.12684,6.375],"to":[7.375,9.74816,9],"rotation":{"angle":45,"axis":"z","origin":[8,9.4375,7.6875]},"faces":{"north":{"uv":[6.75,2.5,6.875,2.625],"texture":"#2","tintindex":0},"south":{"uv":[6.75,3.5,6.875,3.625],"texture":"#2","tintindex":0}}},{"from":[7.25,9.12684,6.375],"to":[7.375,9.74816,9],"rotation":{"angle":0,"axis":"y","origin":[8,9.4375,7.6875]},"faces":{"north":{"uv":[6.75,4,6.875,4.125],"texture":"#2","tintindex":0},"south":{"uv":[6.75,4.5,6.875,4.625],"texture":"#2","tintindex":0},"west":{"uv":[4.5,1,5.125,1.125],"texture":"#2","tintindex":0}}},{"from":[8.625,9.12684,6.375],"to":[8.75,9.74816,9],"rotation":{"angle":45,"axis":"z","origin":[8,9.4375,7.6875]},"faces":{"north":{"uv":[6.75,5.5,6.875,5.625],"texture":"#2","tintindex":0},"east":{"uv":[4.5,1.5,5.125,1.625],"texture":"#2","tintindex":0},"south":{"uv":[7,0,7.125,0.125],"texture":"#2","tintindex":0}}},{"from":[8.625,8.6875,6.375],"to":[8.75,9.74816,9],"rotation":{"angle":0,"axis":"y","origin":[8,9.4375,7.6875]},"faces":{"north":{"uv":[2.75,0,2.875,0.25],"texture":"#2","tintindex":0},"east":{"uv":[0,0,0.625,0.25],"texture":"#2","tintindex":0},"south":{"uv":[5.75,0.5,5.875,0.75],"texture":"#2","tintindex":0},"west":{"uv":[0,0.5,0.625,0.75],"texture":"#2","tintindex":0},"down":{"uv":[1.875,4.5,1.75,5.125],"texture":"#2","tintindex":0}}},{"from":[7.68934,8.6875,9.0625],"to":[8.31066,8.8125,9.375],"rotation":{"angle":45,"axis":"z","origin":[8,9.4375,10.4375]},"faces":{"north":{"uv":[0.5,7,0.625,7.125],"texture":"#2","tintindex":0},"south":{"uv":[1,7,1.125,7.125],"texture":"#2","tintindex":0},"down":{"uv":[1.625,7,1.5,7.125],"texture":"#2","tintindex":0}}},{"from":[7.68934,8.6875,9.0625],"to":[8.31066,8.8125,9.375],"rotation":{"angle":0,"axis":"y","origin":[8,9.4375,10.4375]},"faces":{"north":{"uv":[2,7,2.125,7.125],"texture":"#2","tintindex":0},"south":{"uv":[2.5,7,2.625,7.125],"texture":"#2","tintindex":0},"down":{"uv":[3.125,7,3,7.125],"texture":"#2","tintindex":0}}},{"from":[7.68934,10.0625,9.0625],"to":[8.31066,10.1875,9.375],"rotation":{"angle":45,"axis":"z","origin":[8,9.4375,10.4375]},"faces":{"north":{"uv":[7,3,7.125,3.125],"texture":"#2","tintindex":0},"south":{"uv":[3.5,7,3.625,7.125],"texture":"#2","tintindex":0},"up":{"uv":[4.125,7.125,4,7],"texture":"#2","tintindex":0}}},{"from":[7.68934,10.0625,9.0625],"to":[8.31066,10.1875,9.375],"rotation":{"angle":0,"axis":"y","origin":[8,9.4375,10.4375]},"faces":{"north":{"uv":[4.5,7,4.625,7.125],"texture":"#2","tintindex":0},"south":{"uv":[5,7,5.125,7.125],"texture":"#2","tintindex":0},"up":{"uv":[7.125,5.125,7,5],"texture":"#2","tintindex":0}}},{"from":[7.25,9.12684,9.0625],"to":[7.375,9.74816,9.375],"rotation":{"angle":45,"axis":"z","origin":[8,9.4375,10.4375]},"faces":{"north":{"uv":[5.5,7,5.625,7.125],"texture":"#2","tintindex":0},"south":{"uv":[6,7,6.125,7.125],"texture":"#2","tintindex":0},"west":{"uv":[7,6,7.125,6.125],"texture":"#2","tintindex":0}}},{"from":[7.25,9.12684,9.0625],"to":[7.375,9.74816,9.375],"rotation":{"angle":0,"axis":"y","origin":[8,9.4375,10.4375]},"faces":{"north":{"uv":[6.5,7,6.625,7.125],"texture":"#2","tintindex":0},"south":{"uv":[7,6.5,7.125,6.625],"texture":"#2","tintindex":0},"west":{"uv":[7,7,7.125,7.125],"texture":"#2","tintindex":0}}},{"from":[8.625,9.12684,9.0625],"to":[8.75,9.74816,9.375],"rotation":{"angle":45,"axis":"z","origin":[8,9.4375,10.4375]},"faces":{"north":{"uv":[0,7.25,0.125,7.375],"texture":"#2","tintindex":0},"east":{"uv":[7.25,0.5,7.375,0.625],"texture":"#2","tintindex":0},"south":{"uv":[7.25,1,7.375,1.125],"texture":"#2","tintindex":0}}},{"from":[8.625,9.12684,9.0625],"to":[8.75,9.74816,9.375],"rotation":{"angle":0,"axis":"y","origin":[8,9.4375,10.4375]},"faces":{"north":{"uv":[7.25,1.5,7.375,1.625],"texture":"#2","tintindex":0},"east":{"uv":[7.25,2,7.375,2.125],"texture":"#2","tintindex":0},"south":{"uv":[7.25,2.5,7.375,2.625],"texture":"#2","tintindex":0}}},{"from":[7.68934,8.6875,5.875],"to":[8.31066,8.8125,6.3125],"rotation":{"angle":45,"axis":"z","origin":[8,9.4375,7.1875]},"faces":{"north":{"uv":[7.25,3.5,7.375,3.625],"texture":"#2","tintindex":0},"south":{"uv":[7.25,4,7.375,4.125],"texture":"#2","tintindex":0},"down":{"uv":[7.375,4.5,7.25,4.625],"texture":"#2","tintindex":0}}},{"from":[7.68934,8.6875,5.875],"to":[8.31066,8.8125,6.3125],"rotation":{"angle":0,"axis":"y","origin":[8,9.4375,7.1875]},"faces":{"north":{"uv":[7.25,5.5,7.375,5.625],"texture":"#2","tintindex":0},"south":{"uv":[7.5,0,7.625,0.125],"texture":"#2","tintindex":0},"down":{"uv":[0.625,7.5,0.5,7.625],"texture":"#2","tintindex":0}}},{"from":[7.68934,10.0625,5.875],"to":[8.31066,10.1875,6.3125],"rotation":{"angle":45,"axis":"z","origin":[8,9.4375,7.1875]},"faces":{"north":{"uv":[1,7.5,1.125,7.625],"texture":"#2","tintindex":0},"south":{"uv":[1.5,7.5,1.625,7.625],"texture":"#2","tintindex":0},"up":{"uv":[2.125,7.625,2,7.5],"texture":"#2","tintindex":0}}},{"from":[7.68934,10.0625,5.875],"to":[8.31066,10.1875,6.3125],"rotation":{"angle":0,"axis":"y","origin":[8,9.4375,7.1875]},"faces":{"north":{"uv":[2.5,7.5,2.625,7.625],"texture":"#2","tintindex":0},"south":{"uv":[3,7.5,3.125,7.625],"texture":"#2","tintindex":0},"up":{"uv":[7.625,3.125,7.5,3],"texture":"#2","tintindex":0}}},{"from":[7.25,9.12684,5.875],"to":[7.375,9.74816,6.3125],"rotation":{"angle":45,"axis":"z","origin":[8,9.4375,7.1875]},"faces":{"north":{"uv":[3.5,7.5,3.625,7.625],"texture":"#2","tintindex":0},"south":{"uv":[4,7.5,4.125,7.625],"texture":"#2","tintindex":0},"west":{"uv":[4.5,7.5,4.625,7.625],"texture":"#2","tintindex":0}}},{"from":[7.25,9.12684,5.875],"to":[7.375,9.74816,6.3125],"rotation":{"angle":0,"axis":"y","origin":[8,9.4375,7.1875]},"faces":{"north":{"uv":[5,7.5,5.125,7.625],"texture":"#2","tintindex":0},"south":{"uv":[7.5,5,7.625,5.125],"texture":"#2","tintindex":0},"west":{"uv":[5.5,7.5,5.625,7.625],"texture":"#2","tintindex":0}}},{"from":[8.625,9.12684,5.875],"to":[8.75,9.74816,6.3125],"rotation":{"angle":45,"axis":"z","origin":[8,9.4375,7.1875]},"faces":{"north":{"uv":[6,7.5,6.125,7.625],"texture":"#2","tintindex":0},"east":{"uv":[7.5,6,7.625,6.125],"texture":"#2","tintindex":0},"south":{"uv":[6.5,7.5,6.625,7.625],"texture":"#2","tintindex":0}}},{"from":[8.625,9.12684,5.875],"to":[8.75,9.74816,6.3125],"rotation":{"angle":0,"axis":"y","origin":[8,9.4375,7.1875]},"faces":{"north":{"uv":[7.5,6.5,7.625,6.625],"texture":"#2","tintindex":0},"east":{"uv":[7,7.5,7.125,7.625],"texture":"#2","tintindex":0},"south":{"uv":[7.5,7,7.625,7.125],"texture":"#2","tintindex":0}}},{"from":[8.68566,9.74816,6.8125],"to":[8.75,10.125,7.4375],"rotation":{"angle":0,"axis":"y","origin":[8,9.43382,7.625]},"faces":{"east":{"uv":[7.5,7.5,7.625,7.625],"texture":"#2","tintindex":0},"west":{"uv":[0,7.75,0.125,7.875],"texture":"#2","tintindex":0}}},{"from":[8.30492,10.12316,6.40273],"to":[8.68046,10.1875,7.02275],"rotation":{"angle":45,"axis":"y","origin":[8.46209,9.96783,6.83525]},"faces":{"east":{"uv":[7.75,0.5,7.875,0.625],"texture":"#2","tintindex":0},"up":{"uv":[7.875,1.125,7.75,1],"texture":"#2","tintindex":0},"down":{"uv":[7.875,1.5,7.75,1.625],"texture":"#2","tintindex":0}}},{"from":[8.68566,9.64529,7.32965],"to":[8.75,10.08463,8.51715],"rotation":{"angle":22.5,"axis":"x","origin":[8.53033,9.86496,7.64215]},"faces":{"east":{"uv":[5.75,4.5,6,4.625],"texture":"#2","tintindex":0},"west":{"uv":[5.75,5.5,6,5.625],"texture":"#2","tintindex":0},"up":{"uv":[6.125,0.25,6,0],"texture":"#2","tintindex":0}}},{"from":[8.68566,9.39266,6.52172],"to":[8.75,9.83069,7.14174],"rotation":{"angle":-45,"axis":"x","origin":[8.53033,9.61233,6.54799]},"faces":{"east":{"uv":[7.75,2,7.875,2.125],"texture":"#2","tintindex":0},"west":{"uv":[7.75,2.5,7.875,2.625],"texture":"#2","tintindex":0},"up":{"uv":[7.875,3.625,7.75,3.5],"texture":"#2","tintindex":0}}},{"from":[8.18815,10.12316,7.17889],"to":[8.56369,10.1875,7.88729],"rotation":{"angle":-45,"axis":"y","origin":[8.34467,9.96783,7.53309]},"faces":{"east":{"uv":[7.75,4,7.875,4.125],"texture":"#2","tintindex":0},"up":{"uv":[7.875,4.625,7.75,4.5],"texture":"#2","tintindex":0},"down":{"uv":[7.875,5.5,7.75,5.625],"texture":"#2","tintindex":0}}},{"from":[8.31066,10.12316,6.8125],"to":[8.75,10.1875,7.4375],"rotation":{"angle":0,"axis":"y","origin":[8.71783,9.93658,7.125]},"faces":{"north":{"uv":[8,0,8.125,0.125],"texture":"#2","tintindex":0},"east":{"uv":[0.5,8,0.625,8.125],"texture":"#2","tintindex":0},"up":{"uv":[1.125,8.125,1,8],"texture":"#2","tintindex":0},"down":{"uv":[1.625,8,1.5,8.125],"texture":"#2","tintindex":0}}},{"from":[8.66483,9.93566,6.64246],"to":[8.68046,9.99816,6.83525],"rotation":{"angle":45,"axis":"y","origin":[8.46209,9.90533,6.83525]},"faces":{"north":{"uv":[2,8,2.125,8.125],"texture":"#2","tintindex":0},"east":{"uv":[2.5,8,2.625,8.125],"texture":"#2","tintindex":0},"south":{"uv":[3,8,3.125,8.125],"texture":"#2","tintindex":0},"west":{"uv":[8,3,8.125,3.125],"texture":"#2","tintindex":0},"down":{"uv":[3.625,8,3.5,8.125],"texture":"#2","tintindex":0}}},{"from":[8.66483,9.99816,6.45496],"to":[8.68046,10.125,7.02275],"rotation":{"angle":45,"axis":"y","origin":[8.46209,10.03033,6.83525]},"faces":{"north":{"uv":[4,8,4.125,8.125],"texture":"#2","tintindex":0},"east":{"uv":[4.5,8,4.625,8.125],"texture":"#2","tintindex":0},"west":{"uv":[5,8,5.125,8.125],"texture":"#2","tintindex":0},"down":{"uv":[8.125,5,8,5.125],"texture":"#2","tintindex":0}}},{"from":[8.66483,9.99816,7.41475],"to":[8.68046,10.125,7.77941],"rotation":{"angle":-45,"axis":"y","origin":[8.46209,10.03033,7.41475]},"faces":{"east":{"uv":[5.5,8,5.625,8.125],"texture":"#2","tintindex":0},"south":{"uv":[6,8,6.125,8.125],"texture":"#2","tintindex":0},"west":{"uv":[8,6,8.125,6.125],"texture":"#2","tintindex":0},"down":{"uv":[6.625,8,6.5,8.125],"texture":"#2","tintindex":0}}},{"from":[8.55882,9.92452,6.30195],"to":[8.68566,9.94014,6.86973],"rotation":{"angle":-45,"axis":"x","origin":[8.49678,9.93233,6.57022]},"faces":{"north":{"uv":[8,6.5,8.125,6.625],"texture":"#2","tintindex":0},"south":{"uv":[7,8,7.125,8.125],"texture":"#2","tintindex":0},"west":{"uv":[8,7,8.125,7.125],"texture":"#2","tintindex":0},"up":{"uv":[7.625,8.125,7.5,8],"texture":"#2","tintindex":0},"down":{"uv":[8.125,7.5,8,7.625],"texture":"#2","tintindex":0}}},{"from":[8.5432,9.85657,7.42889],"to":[8.68566,9.8722,8.3873],"rotation":{"angle":22.5,"axis":"x","origin":[8.55928,9.86438,8.19716]},"faces":{"north":{"uv":[8,8,8.125,8.125],"texture":"#2","tintindex":0},"south":{"uv":[0,8.25,0.125,8.375],"texture":"#2","tintindex":0},"west":{"uv":[1,6,1.25,6.125],"texture":"#2","tintindex":0},"up":{"uv":[1.625,6.25,1.5,6],"texture":"#2","tintindex":0},"down":{"uv":[2.125,6,2,6.25],"texture":"#2","tintindex":0}}},{"from":[8.43382,9.85657,7.55389],"to":[8.5432,9.8722,7.99667],"rotation":{"angle":22.5,"axis":"x","origin":[8.55928,9.86438,8.19716]},"faces":{"north":{"uv":[8.25,0.5,8.375,0.625],"texture":"#2","tintindex":0},"south":{"uv":[8.25,1,8.375,1.125],"texture":"#2","tintindex":0},"west":{"uv":[8.25,1.5,8.375,1.625],"texture":"#2","tintindex":0},"up":{"uv":[8.375,2.125,8.25,2],"texture":"#2","tintindex":0},"down":{"uv":[8.375,2.5,8.25,2.625],"texture":"#2","tintindex":0}}},{"from":[7.75,10.1875,8.64063],"to":[8.24816,10.44508,8.89331],"rotation":{"angle":0,"axis":"y","origin":[7.5,10.1875,7.875]},"faces":{"north":{"uv":[8.25,3.5,8.375,3.625],"texture":"#2","tintindex":0},"east":{"uv":[8.25,4,8.375,4.125],"texture":"#2","tintindex":0},"west":{"uv":[8.25,4.5,8.375,4.625],"texture":"#2","tintindex":0},"down":{"uv":[8.375,5.5,8.25,5.625],"texture":"#2","tintindex":0}}},{"from":[7.75,10.12989,8.83127],"to":[8.24816,10.40869,8.95216],"rotation":{"angle":-22.5,"axis":"x","origin":[8,10.27894,8.83127]},"faces":{"north":{"uv":[8.5,0,8.625,0.125],"texture":"#2","tintindex":0},"east":{"uv":[0.5,8.5,0.625,8.625],"texture":"#2","tintindex":0},"south":{"uv":[1,8.5,1.125,8.625],"texture":"#2","tintindex":0},"west":{"uv":[1.5,8.5,1.625,8.625],"texture":"#2","tintindex":0},"down":{"uv":[2.125,8.5,2,8.625],"texture":"#2","tintindex":0}}},{"from":[7.75,10.1875,7.75],"to":[8.25,10.4375,8.04688],"rotation":{"angle":0,"axis":"y","origin":[7.5,10.1875,7]},"faces":{"east":{"uv":[2.5,8.5,2.625,8.625],"texture":"#2","tintindex":0},"south":{"uv":[3,8.5,3.125,8.625],"texture":"#2","tintindex":0},"west":{"uv":[8.5,3,8.625,3.125],"texture":"#2","tintindex":0},"down":{"uv":[3.625,8.5,3.5,8.625],"texture":"#2","tintindex":0}}},{"from":[7.75,10.17613,7.57165],"to":[8.25,10.36363,7.88415],"rotation":{"angle":-45,"axis":"x","origin":[8,10.23863,7.7279]},"faces":{"north":{"uv":[4,8.5,4.125,8.625],"texture":"#2","tintindex":0},"east":{"uv":[4.5,8.5,4.625,8.625],"texture":"#2","tintindex":0},"west":{"uv":[5,8.5,5.125,8.625],"texture":"#2","tintindex":0},"up":{"uv":[8.625,5.125,8.5,5],"texture":"#2","tintindex":0},"down":{"uv":[5.625,8.5,5.5,8.625],"texture":"#2","tintindex":0}}},{"from":[7.75,10.14207,7.27068],"to":[8.25,10.26707,7.70818],"rotation":{"angle":-22.5,"axis":"x","origin":[8,10.20457,7.48943]},"faces":{"north":{"uv":[6,8.5,6.125,8.625],"texture":"#2","tintindex":0},"east":{"uv":[8.5,6,8.625,6.125],"texture":"#2","tintindex":0},"west":{"uv":[6.5,8.5,6.625,8.625],"texture":"#2","tintindex":0},"up":{"uv":[8.625,6.625,8.5,6.5],"texture":"#2","tintindex":0},"down":{"uv":[7.125,8.5,7,8.625],"texture":"#2","tintindex":0}}},{"from":[7.8125,10.4375,7.75],"to":[8.1875,10.5,8.04688],"rotation":{"angle":0,"axis":"y","origin":[7.5,10.25,7]},"faces":{"north":{"uv":[8.5,7,8.625,7.125],"texture":"#2","tintindex":0},"south":{"uv":[7.5,8.5,7.625,8.625],"texture":"#2","tintindex":0},"up":{"uv":[8.625,7.625,8.5,7.5],"texture":"#2","tintindex":0}}},{"from":[8.09218,10.26988,7.75],"to":[8.18057,10.33238,8.04688],"rotation":{"angle":-45,"axis":"z","origin":[8.34218,10.30113,7.875]},"faces":{"north":{"uv":[8,8.5,8.125,8.625],"texture":"#2","tintindex":0},"south":{"uv":[8.5,8,8.625,8.125],"texture":"#2","tintindex":0},"up":{"uv":[8.625,8.625,8.5,8.5],"texture":"#2","tintindex":0}}},{"from":[7.81943,10.26988,7.75],"to":[7.90782,10.33238,8.04688],"rotation":{"angle":45,"axis":"z","origin":[7.65782,10.30113,7.875]},"faces":{"north":{"uv":[0,8.75,0.125,8.875],"texture":"#2","tintindex":0},"south":{"uv":[8.75,0.5,8.875,0.625],"texture":"#2","tintindex":0},"up":{"uv":[8.875,1.125,8.75,1],"texture":"#2","tintindex":0}}},{"from":[7.81066,10.44508,8.64063],"to":[8.18566,10.50758,8.89331],"rotation":{"angle":0,"axis":"y","origin":[7.49816,10.25758,7.90893]},"faces":{"north":{"uv":[8.75,1.5,8.875,1.625],"texture":"#2","tintindex":0},"south":{"uv":[8.75,2,8.875,2.125],"texture":"#2","tintindex":0},"up":{"uv":[8.875,2.625,8.75,2.5],"texture":"#2","tintindex":0}}},{"from":[8.09034,10.27746,8.64063],"to":[8.17873,10.33996,8.89331],"rotation":{"angle":-45,"axis":"z","origin":[8.34034,10.30871,8.78393]},"faces":{"north":{"uv":[8.75,3.5,8.875,3.625],"texture":"#2","tintindex":0},"south":{"uv":[8.75,4,8.875,4.125],"texture":"#2","tintindex":0},"up":{"uv":[8.875,4.625,8.75,4.5],"texture":"#2","tintindex":0}}},{"from":[7.81759,10.27746,8.64063],"to":[7.90598,10.33996,8.89331],"rotation":{"angle":45,"axis":"z","origin":[7.65598,10.30871,8.78393]},"faces":{"north":{"uv":[8.75,5.5,8.875,5.625],"texture":"#2","tintindex":0},"south":{"uv":[9,0,9.125,0.125],"texture":"#2","tintindex":0},"up":{"uv":[0.625,9.125,0.5,9],"texture":"#2","tintindex":0}}},{"from":[7.36065,8.70313,6.375],"to":[7.5,9.17942,9],"rotation":{"angle":22.5,"axis":"z","origin":[7.4375,8.875,7.6875]},"faces":{"north":{"uv":[1,9,1.125,9.125],"texture":"#2","tintindex":0},"south":{"uv":[1.5,9,1.625,9.125],"texture":"#2","tintindex":0},"west":{"uv":[4.5,2,5.125,2.125],"texture":"#2","tintindex":0},"down":{"uv":[2.375,4.5,2.25,5.125],"texture":"#2","tintindex":0}}},{"from":[8.49632,9.92452,6.48945],"to":[8.55882,9.94014,6.74473],"rotation":{"angle":-45,"axis":"x","origin":[8.49678,9.93233,6.57022]},"faces":{"north":{"uv":[2,9,2.125,9.125],"texture":"#2","tintindex":0},"south":{"uv":[2.5,9,2.625,9.125],"texture":"#2","tintindex":0},"west":{"uv":[3,9,3.125,9.125],"texture":"#2","tintindex":0},"up":{"uv":[9.125,3.125,9,3],"texture":"#2","tintindex":0},"down":{"uv":[3.625,9,3.5,9.125],"texture":"#2","tintindex":0}}},{"from":[8.3125,8.6875,6.375],"to":[8.4375,8.8125,9],"rotation":{"angle":0,"axis":"y","origin":[7.3125,0.125,-0.3125]},"faces":{"north":{"uv":[4,9,4.125,9.125],"texture":"#2","tintindex":0},"south":{"uv":[4.5,9,4.625,9.125],"texture":"#2","tintindex":0},"down":{"uv":[4.625,4,4.5,4.625],"texture":"#2","tintindex":0}}},{"from":[7.43179,8.6875,6.375],"to":[7.68934,8.88935,9],"rotation":{"angle":0,"axis":"y","origin":[7.47463,8.75718,7.1875]},"faces":{"north":{"uv":[5,9,5.125,9.125],"texture":"#2","tintindex":0},"south":{"uv":[9,5,9.125,5.125],"texture":"#2","tintindex":0},"west":{"uv":[5,0,5.625,0.125],"texture":"#2","tintindex":0},"down":{"uv":[5.125,3,5,3.625],"texture":"#2","tintindex":0}}},{"from":[8.6224,8.94899,8.6875],"to":[8.7474,9.12576,9],"rotation":{"angle":45,"axis":"z","origin":[7.9974,9.4401,7.6875]},"faces":{"north":{"uv":[5.5,9,5.625,9.125],"texture":"#2","tintindex":0},"east":{"uv":[6,9,6.125,9.125],"texture":"#2","tintindex":0},"south":{"uv":[9,6,9.125,6.125],"texture":"#2","tintindex":0}}},{"from":[8.75,9.12684,8.6875],"to":[8.875,9.62316,9],"rotation":{"angle":0,"axis":"y","origin":[8.8125,9.65625,8.4375]},"faces":{"north":{"uv":[6.5,9,6.625,9.125],"texture":"#2","tintindex":0},"east":{"uv":[9,6.5,9.125,6.625],"texture":"#2","tintindex":0},"south":{"uv":[7,9,7.125,9.125],"texture":"#2","tintindex":0},"down":{"uv":[9.125,7,9,7.125],"texture":"#2","tintindex":0}}},{"from":[8.375,7,6.95313],"to":[8.75,7.625,7.32813],"rotation":{"angle":0,"axis":"y","origin":[8,7.98438,8.03125]},"faces":{"north":{"uv":[9.5,7.5,9.625,7.625],"texture":"#2","tintindex":0},"east":{"uv":[8,9.5,8.125,9.625],"texture":"#2","tintindex":0},"west":{"uv":[9.5,8,9.625,8.125],"texture":"#2","tintindex":0},"up":{"uv":[8.625,9.625,8.5,9.5],"texture":"#2","tintindex":0},"down":{"uv":[9.625,8.5,9.5,8.625],"texture":"#2","tintindex":0}}},{"from":[7.625,7.3125,6.95313],"to":[8.375,7.4375,9],"rotation":{"angle":0,"axis":"y","origin":[8,7.98438,7.8125]},"faces":{"north":{"uv":[4,6,4.25,6.125],"texture":"#2","tintindex":0},"south":{"uv":[4.5,6,4.75,6.125],"texture":"#2","tintindex":0},"up":{"uv":[0.25,1.5,0,1],"texture":"#2","tintindex":0},"down":{"uv":[1.25,0,1,0.5],"texture":"#2","tintindex":0}}},{"from":[8.375,7.5625,8.625],"to":[8.5625,8.3125,9],"rotation":{"angle":0,"axis":"y","origin":[8,7.98438,7.5625]},"faces":{"north":{"uv":[5,6,5.125,6.25],"texture":"#2","tintindex":0},"east":{"uv":[6,5,6.125,5.25],"texture":"#2","tintindex":0},"south":{"uv":[5.5,6,5.625,6.25],"texture":"#2","tintindex":0},"west":{"uv":[6,6,6.125,6.25],"texture":"#2","tintindex":0}}},{"from":[8.375,7.14501,8.56857],"to":[8.5625,7.83251,8.94357],"rotation":{"angle":-45,"axis":"x","origin":[8,7.79688,7.5625]},"faces":{"north":{"uv":[9,9.5,9.125,9.625],"texture":"#2","tintindex":0},"east":{"uv":[9.5,9,9.625,9.125],"texture":"#2","tintindex":0},"south":{"uv":[9.5,9.5,9.625,9.625],"texture":"#2","tintindex":0},"west":{"uv":[0,9.75,0.125,9.875],"texture":"#2","tintindex":0}}},{"from":[7.25,7.1875,7.8125],"to":[8.75,7.5625,8.1875],"rotation":{"angle":-45,"axis":"x","origin":[8,7.375,8]},"faces":{"north":{"uv":[5.25,5,5.625,5.125],"texture":"#2","tintindex":0},"east":{"uv":[9.75,0.5,9.875,0.625],"texture":"#2","tintindex":0},"south":{"uv":[5.5,1,5.875,1.125],"texture":"#2","tintindex":0},"west":{"uv":[9.75,1,9.875,1.125],"texture":"#2","tintindex":0},"up":{"uv":[5.875,1.625,5.5,1.5],"texture":"#2","tintindex":0},"down":{"uv":[2.125,5.5,1.75,5.625],"texture":"#2","tintindex":0}}},{"from":[8.375,7.92143,6.87162],"to":[8.5625,9.02282,7.24412],"rotation":{"angle":-22.5,"axis":"x","origin":[8,7.98438,8.03125]},"faces":{"north":{"uv":[0,6.25,0.125,6.5],"texture":"#2","tintindex":0},"east":{"uv":[6.25,0.5,6.375,0.75],"texture":"#2","tintindex":0},"south":{"uv":[6.25,1,6.375,1.25],"texture":"#2","tintindex":0},"west":{"uv":[6.25,1.5,6.375,1.75],"texture":"#2","tintindex":0}}},{"from":[8.08871,7.19993,8.625],"to":[8.27621,7.51243,9],"rotation":{"angle":45,"axis":"z","origin":[8,7.98438,7.5625]},"faces":{"north":{"uv":[9.75,1.5,9.875,1.625],"texture":"#2","tintindex":0},"east":{"uv":[9.75,2,9.875,2.125],"texture":"#2","tintindex":0},"south":{"uv":[9.75,2.5,9.875,2.625],"texture":"#2","tintindex":0}}},{"from":[8.375,7,8.625],"to":[8.75,7.625,9],"rotation":{"angle":0,"axis":"y","origin":[8,7.98438,7.5625]},"faces":{"east":{"uv":[9.75,3.5,9.875,3.625],"texture":"#2","tintindex":0},"south":{"uv":[9.75,4,9.875,4.125],"texture":"#2","tintindex":0},"west":{"uv":[9.75,4.5,9.875,4.625],"texture":"#2","tintindex":0},"down":{"uv":[9.875,5.5,9.75,5.625],"texture":"#2","tintindex":0}}},{"from":[8.375,7,7.32813],"to":[8.75,7.4375,8.625],"rotation":{"angle":0,"axis":"y","origin":[8,7.98438,7.8125]},"faces":{"east":{"uv":[5.5,2,5.875,2.125],"texture":"#2","tintindex":0},"west":{"uv":[5.5,2.5,5.875,2.625],"texture":"#2","tintindex":0},"up":{"uv":[0.125,5.875,0,5.5],"texture":"#2","tintindex":0},"down":{"uv":[5.625,3,5.5,3.375],"texture":"#2","tintindex":0}}},{"from":[8.08871,7.19993,6.95313],"to":[8.27621,7.46555,7.25],"rotation":{"angle":45,"axis":"z","origin":[8,7.98438,8.03125]},"faces":{"north":{"uv":[2,10,2.125,10.125],"texture":"#2","tintindex":0},"east":{"uv":[2.5,10,2.625,10.125],"texture":"#2","tintindex":0},"south":{"uv":[3,10,3.125,10.125],"texture":"#2","tintindex":0},"west":{"uv":[10,3,10.125,3.125],"texture":"#2","tintindex":0},"up":{"uv":[3.625,10.125,3.5,10],"texture":"#2","tintindex":0}}},{"from":[7.25,7,6.95313],"to":[7.625,7.625,7.32813],"rotation":{"angle":0,"axis":"y","origin":[8,7.98438,8.03125]},"faces":{"north":{"uv":[4,10,4.125,10.125],"texture":"#2","tintindex":0},"east":{"uv":[4.5,10,4.625,10.125],"texture":"#2","tintindex":0},"west":{"uv":[5,10,5.125,10.125],"texture":"#2","tintindex":0},"up":{"uv":[10.125,5.125,10,5],"texture":"#2","tintindex":0},"down":{"uv":[5.625,10,5.5,10.125],"texture":"#2","tintindex":0}}},{"from":[7.4375,7.5625,8.625],"to":[7.625,8.3125,9],"rotation":{"angle":0,"axis":"y","origin":[8,7.98438,7.5625]},"faces":{"north":{"uv":[6.25,2,6.375,2.25],"texture":"#2","tintindex":0},"east":{"uv":[6.25,2.5,6.375,2.75],"texture":"#2","tintindex":0},"south":{"uv":[6.25,3.5,6.375,3.75],"texture":"#2","tintindex":0},"west":{"uv":[6.25,4,6.375,4.25],"texture":"#2","tintindex":0}}},{"from":[7.4375,7.14501,8.56857],"to":[7.625,7.83251,8.94357],"rotation":{"angle":-45,"axis":"x","origin":[8,7.79688,7.5625]},"faces":{"north":{"uv":[6,10,6.125,10.125],"texture":"#2","tintindex":0},"east":{"uv":[10,6,10.125,6.125],"texture":"#2","tintindex":0},"south":{"uv":[6.5,10,6.625,10.125],"texture":"#2","tintindex":0},"west":{"uv":[10,6.5,10.125,6.625],"texture":"#2","tintindex":0}}},{"from":[7.4375,7.92143,6.87162],"to":[7.625,9.02282,7.24412],"rotation":{"angle":-22.5,"axis":"x","origin":[8,7.98438,8.03125]},"faces":{"north":{"uv":[6.25,4.5,6.375,4.75],"texture":"#2","tintindex":0},"east":{"uv":[6.25,5.5,6.375,5.75],"texture":"#2","tintindex":0},"south":{"uv":[6.5,0,6.625,0.25],"texture":"#2","tintindex":0},"west":{"uv":[0.5,6.5,0.625,6.75],"texture":"#2","tintindex":0}}},{"from":[7.72379,7.19993,8.625],"to":[7.91129,7.51243,9],"rotation":{"angle":-45,"axis":"z","origin":[8,7.98438,7.5625]},"faces":{"north":{"uv":[7,10,7.125,10.125],"texture":"#2","tintindex":0},"south":{"uv":[10,7,10.125,7.125],"texture":"#2","tintindex":0},"west":{"uv":[7.5,10,7.625,10.125],"texture":"#2","tintindex":0}}},{"from":[7.25,7,8.625],"to":[7.625,7.625,9],"rotation":{"angle":0,"axis":"y","origin":[8,7.98438,7.5625]},"faces":{"east":{"uv":[10,7.5,10.125,7.625],"texture":"#2","tintindex":0},"south":{"uv":[8,10,8.125,10.125],"texture":"#2","tintindex":0},"west":{"uv":[10,8,10.125,8.125],"texture":"#2","tintindex":0},"down":{"uv":[8.625,10,8.5,10.125],"texture":"#2","tintindex":0}}},{"from":[7.25,7,7.32813],"to":[7.625,7.4375,8.625],"rotation":{"angle":0,"axis":"y","origin":[8,7.98438,7.8125]},"faces":{"east":{"uv":[4.25,5.5,4.625,5.625],"texture":"#2","tintindex":0},"west":{"uv":[5,5.5,5.375,5.625],"texture":"#2","tintindex":0},"up":{"uv":[0.625,6.125,0.5,5.75],"texture":"#2","tintindex":0},"down":{"uv":[5.875,3.75,5.75,4.125],"texture":"#2","tintindex":0}}},{"from":[7.72379,7.19993,6.95313],"to":[7.91129,7.46555,7.25],"rotation":{"angle":-45,"axis":"z","origin":[8,7.98438,8.03125]},"faces":{"north":{"uv":[10,9.5,10.125,9.625],"texture":"#2","tintindex":0},"east":{"uv":[10,10,10.125,10.125],"texture":"#2","tintindex":0},"south":{"uv":[0,10.25,0.125,10.375],"texture":"#2","tintindex":0},"west":{"uv":[10.25,0.5,10.375,0.625],"texture":"#2","tintindex":0},"up":{"uv":[10.375,1.125,10.25,1],"texture":"#2","tintindex":0}}},{"from":[8.375,8.16906,8.56792],"to":[8.75,8.48156,8.75542],"rotation":{"angle":45,"axis":"x","origin":[8,7.98438,7.5625]},"faces":{"north":{"uv":[10.25,1.5,10.375,1.625],"texture":"#2","tintindex":0},"east":{"uv":[10.25,2,10.375,2.125],"texture":"#2","tintindex":0},"west":{"uv":[10.25,2.5,10.375,2.625],"texture":"#2","tintindex":0}}},{"from":[7.25,8.16906,8.56792],"to":[7.625,8.48156,8.75542],"rotation":{"angle":45,"axis":"x","origin":[8,7.98438,7.5625]},"faces":{"north":{"uv":[10.25,3.5,10.375,3.625],"texture":"#2","tintindex":0},"east":{"uv":[10.25,4,10.375,4.125],"texture":"#2","tintindex":0},"west":{"uv":[10.25,4.5,10.375,4.625],"texture":"#2","tintindex":0}}},{"from":[7.25,7.04557,7.78818],"to":[7.625,7.23307,8.10068],"rotation":{"angle":45,"axis":"x","origin":[8,7.98438,8.03125]},"faces":{"east":{"uv":[10.25,5.5,10.375,5.625],"texture":"#2","tintindex":0},"west":{"uv":[10.5,0,10.625,0.125],"texture":"#2","tintindex":0},"up":{"uv":[0.625,10.625,0.5,10.5],"texture":"#2","tintindex":0}}},{"from":[8.375,7.04557,7.78818],"to":[8.75,7.23307,8.10068],"rotation":{"angle":45,"axis":"x","origin":[8,7.98438,8.03125]},"faces":{"east":{"uv":[1,10.5,1.125,10.625],"texture":"#2","tintindex":0},"west":{"uv":[1.5,10.5,1.625,10.625],"texture":"#2","tintindex":0},"up":{"uv":[2.125,10.625,2,10.5],"texture":"#2","tintindex":0}}},{"from":[7.4375,8.5,6.5625],"to":[8.5625,8.6875,8.6875],"rotation":{"angle":0,"axis":"y","origin":[8,7.85938,7.8125]},"faces":{"north":{"uv":[1,6.5,1.25,6.625],"texture":"#2","tintindex":0},"east":{"uv":[5,0.5,5.5,0.625],"texture":"#2","tintindex":0},"south":{"uv":[1.5,6.5,1.75,6.625],"texture":"#2","tintindex":0},"west":{"uv":[5,4,5.5,4.125],"texture":"#2","tintindex":0},"up":{"uv":[0.75,1.5,0.5,1],"texture":"#2","tintindex":0},"down":{"uv":[1.25,0.75,1,1.25],"texture":"#2","tintindex":0}}},{"from":[7.0625,7,7.84467],"to":[7.25,7.75,8.15533],"rotation":{"angle":-22.5,"axis":"x","origin":[7.15625,7.375,8]},"faces":{"east":{"uv":[2,6.5,2.125,6.75],"texture":"#2","tintindex":0},"west":{"uv":[2.5,6.5,2.625,6.75],"texture":"#2","tintindex":0},"up":{"uv":[2.625,10.625,2.5,10.5],"texture":"#2","tintindex":0},"down":{"uv":[3.125,10.5,3,10.625],"texture":"#2","tintindex":0}}},{"from":[7.0625,7.21967,7.625],"to":[7.25,7.53033,8.375],"rotation":{"angle":22.5,"axis":"x","origin":[7.15625,7.375,8]},"faces":{"north":{"uv":[10.5,3,10.625,3.125],"texture":"#2","tintindex":0},"east":{"uv":[3,6.5,3.25,6.625],"texture":"#2","tintindex":0},"south":{"uv":[3.5,10.5,3.625,10.625],"texture":"#2","tintindex":0},"west":{"uv":[6.5,3,6.75,3.125],"texture":"#2","tintindex":0}}},{"from":[7.0625,7.21967,7.625],"to":[7.25,7.53033,8.375],"rotation":{"angle":-22.5,"axis":"x","origin":[7.15625,7.375,8]},"faces":{"north":{"uv":[4,10.5,4.125,10.625],"texture":"#2","tintindex":0},"east":{"uv":[3.5,6.5,3.75,6.625],"texture":"#2","tintindex":0},"south":{"uv":[4.5,10.5,4.625,10.625],"texture":"#2","tintindex":0},"west":{"uv":[4,6.5,4.25,6.625],"texture":"#2","tintindex":0}}},{"from":[7.0625,7,7.84467],"to":[7.25,7.75,8.15533],"rotation":{"angle":22.5,"axis":"x","origin":[7.15625,7.375,8]},"faces":{"east":{"uv":[4.5,6.5,4.625,6.75],"texture":"#2","tintindex":0},"west":{"uv":[5,6.5,5.125,6.75],"texture":"#2","tintindex":0},"up":{"uv":[5.125,10.625,5,10.5],"texture":"#2","tintindex":0},"down":{"uv":[10.625,5,10.5,5.125],"texture":"#2","tintindex":0}}},{"from":[7.8835,10.1875,8.0625],"to":[8.1165,10.5,8.625],"rotation":{"angle":45,"axis":"y","origin":[8,10.34375,8.34375]},"faces":{"north":{"uv":[7.5,9,7.625,9.125],"texture":"#2"},"south":{"uv":[9,7.5,9.125,7.625],"texture":"#2"},"up":{"uv":[8.125,9.125,8,9],"texture":"#2"},"down":{"uv":[9.125,8,9,8.125],"texture":"#2"}}},{"from":[7.8835,10.1875,8.0625],"to":[8.1165,10.5,8.625],"rotation":{"angle":0,"axis":"y","origin":[8,10.34375,8.34375]},"faces":{"north":{"uv":[8.5,9,8.625,9.125],"texture":"#2"},"south":{"uv":[9,8.5,9.125,8.625],"texture":"#2"},"up":{"uv":[9.125,9.125,9,9],"texture":"#2"}}},{"from":[7.71875,10.1875,8.22725],"to":[8.28125,10.5,8.46025],"rotation":{"angle":45,"axis":"y","origin":[8,10.34375,8.34375]},"faces":{"east":{"uv":[0,9.25,0.125,9.375],"texture":"#2"},"west":{"uv":[9.25,0.5,9.375,0.625],"texture":"#2"},"up":{"uv":[9.375,1.125,9.25,1],"texture":"#2"},"down":{"uv":[9.375,1.5,9.25,1.625],"texture":"#2"}}},{"from":[7.71875,10.1875,8.22725],"to":[8.28125,10.5,8.46025],"rotation":{"angle":0,"axis":"y","origin":[8,10.34375,8.34375]},"faces":{"east":{"uv":[9.25,2,9.375,2.125],"texture":"#2"},"west":{"uv":[9.25,2.5,9.375,2.625],"texture":"#2"},"up":{"uv":[9.375,3.625,9.25,3.5],"texture":"#2"}}},{"from":[8.75,9.09375,8.17011],"to":[9.0625,9.78125,8.45489],"rotation":{"angle":0,"axis":"y","origin":[8.90625,9.4375,8.3125]},"faces":{"east":{"uv":[9.25,4,9.375,4.125],"texture":"#2"},"west":{"uv":[9.25,4.5,9.375,4.625],"texture":"#2"},"up":{"uv":[9.375,5.625,9.25,5.5],"texture":"#2"},"down":{"uv":[9.625,0,9.5,0.125],"texture":"#2"}}},{"from":[8.75,9.09375,8.17011],"to":[9.0625,9.78125,8.45489],"rotation":{"angle":-45,"axis":"x","origin":[8.90625,9.4375,8.3125]},"faces":{"east":{"uv":[0.5,9.5,0.625,9.625],"texture":"#2"},"west":{"uv":[1,9.5,1.125,9.625],"texture":"#2"},"up":{"uv":[1.625,9.625,1.5,9.5],"texture":"#2"},"down":{"uv":[2.125,9.5,2,9.625],"texture":"#2"}}},{"from":[8.75,9.29511,7.96875],"to":[9.0625,9.57989,8.65625],"rotation":{"angle":0,"axis":"y","origin":[8.90625,9.4375,8.3125]},"faces":{"north":{"uv":[2.5,9.5,2.625,9.625],"texture":"#2"},"east":{"uv":[3,9.5,3.125,9.625],"texture":"#2"},"south":{"uv":[9.5,3,9.625,3.125],"texture":"#2"}}},{"from":[8.75,9.29511,7.96875],"to":[9.0625,9.57989,8.65625],"rotation":{"angle":-45,"axis":"x","origin":[8.90625,9.4375,8.3125]},"faces":{"north":{"uv":[4,9.5,4.125,9.625],"texture":"#2"},"east":{"uv":[4.5,9.5,4.625,9.625],"texture":"#2"},"south":{"uv":[5,9.5,5.125,9.625],"texture":"#2"},"west":{"uv":[9.5,5,9.625,5.125],"texture":"#2"}}},{"from":[8.75,9.15273,6.5],"to":[9.1875,9.72227,7.875],"rotation":{"angle":22.5,"axis":"x","origin":[8.96875,9.4375,7.1875]},"faces":{"north":{"uv":[5.5,9.5,5.625,9.625],"texture":"#2"},"east":{"uv":[4.5,5,4.875,5.125],"texture":"#2"},"south":{"uv":[6,9.5,6.125,9.625],"texture":"#2"},"west":{"uv":[5,4.5,5.375,4.625],"texture":"#2"}}},{"from":[8.75,9.15273,6.5],"to":[9.1875,9.72227,7.875],"rotation":{"angle":-22.5,"axis":"x","origin":[8.96875,9.4375,7.1875]},"faces":{"north":{"uv":[9.5,6,9.625,6.125],"texture":"#2"},"east":{"uv":[0.5,5.25,0.875,5.375],"texture":"#2"},"south":{"uv":[6.5,9.5,6.625,9.625],"texture":"#2"}}},{"from":[8.75,8.75,6.90273],"to":[9.1875,10.125,7.47227],"rotation":{"angle":22.5,"axis":"x","origin":[8.96875,9.4375,7.1875]},"faces":{"east":{"uv":[1.25,5.25,1.375,5.625],"texture":"#2"},"west":{"uv":[2.75,5.25,2.875,5.625],"texture":"#2"},"up":{"uv":[9.625,6.625,9.5,6.5],"texture":"#2"},"down":{"uv":[7.125,9.5,7,9.625],"texture":"#2"}}},{"from":[8.75,8.75,6.90273],"to":[9.1875,10.125,7.47227],"rotation":{"angle":-22.5,"axis":"x","origin":[8.96875,9.4375,7.1875]},"faces":{"east":{"uv":[3.25,5.25,3.375,5.625],"texture":"#2"},"west":{"uv":[3.75,5.25,3.875,5.625],"texture":"#2"},"up":{"uv":[9.625,7.125,9.5,7],"texture":"#2"},"down":{"uv":[7.625,9.5,7.5,9.625],"texture":"#2"}}},{"from":[7.249,9.18934,6.875],"to":[7.25,9.58934,8.475],"rotation":{"angle":0,"axis":"y","origin":[7.999,9.375,8.1875]},"faces":{"north":{"uv":[0,0,0.001,0.4],"texture":"#0"},"south":{"uv":[0,0,0.001,0.4],"texture":"#0"},"west":{"uv":[0,6.21875,16,10.21875],"texture":"#0"},"up":{"uv":[0,0,0.001,1.6],"texture":"#0"},"down":{"uv":[0,0,0.001,1.6],"texture":"#0"}}},{"from":[8.6125,9.30898,5.75],"to":[8.6875,9.56602,9.4375],"rotation":{"angle":-22.5,"axis":"z","origin":[8,9.4375,7.59375]},"faces":{"north":{"uv":[5.5,10.5,5.625,10.625],"texture":"#2"},"south":{"uv":[6,10.5,6.125,10.625],"texture":"#2"},"west":{"uv":[1.5,0,2.375,0.125],"texture":"#2"}}},{"from":[7.87148,8.75,5.75],"to":[8.12852,8.825,9.4375],"rotation":{"angle":22.5,"axis":"z","origin":[8,9.4375,7.59375]},"faces":{"north":{"uv":[10.5,6,10.625,6.125],"texture":"#2"},"south":{"uv":[6.5,10.5,6.625,10.625],"texture":"#2"},"up":{"uv":[1.625,1.375,1.5,0.5],"texture":"#2"}}},{"from":[7.3125,9.30898,5.75],"to":[7.3875,9.56602,9.4375],"rotation":{"angle":-22.5,"axis":"z","origin":[8,9.4375,7.59375]},"faces":{"north":{"uv":[10.5,6.5,10.625,6.625],"texture":"#2"},"east":{"uv":[0,1.75,0.875,1.875],"texture":"#2"},"south":{"uv":[7,10.5,7.125,10.625],"texture":"#2"}}},{"from":[7.87148,10.05,5.75],"to":[8.12852,10.125,9.4375],"rotation":{"angle":22.5,"axis":"z","origin":[8,9.4375,7.59375]},"faces":{"north":{"uv":[10.5,7,10.625,7.125],"texture":"#2"},"south":{"uv":[7.5,10.5,7.625,10.625],"texture":"#2"},"down":{"uv":[1.375,1.75,1.25,2.625],"texture":"#2"}}},{"from":[7.87148,8.75,5.75],"to":[8.12852,8.825,9.4375],"rotation":{"angle":-22.5,"axis":"z","origin":[8,9.4375,7.59375]},"faces":{"north":{"uv":[10.5,7.5,10.625,7.625],"texture":"#2"},"south":{"uv":[8,10.5,8.125,10.625],"texture":"#2"},"up":{"uv":[1.875,2.625,1.75,1.75],"texture":"#2"}}},{"from":[7.3125,9.30898,5.75],"to":[7.3875,9.56602,9.4375],"rotation":{"angle":22.5,"axis":"z","origin":[8,9.4375,7.59375]},"faces":{"north":{"uv":[10.5,8,10.625,8.125],"texture":"#2"},"east":{"uv":[2,0.5,2.875,0.625],"texture":"#2"},"south":{"uv":[8.5,10.5,8.625,10.625],"texture":"#2"}}},{"from":[7.87148,10.05,5.75],"to":[8.12852,10.125,9.4375],"rotation":{"angle":-22.5,"axis":"z","origin":[8,9.4375,7.59375]},"faces":{"north":{"uv":[10.5,8.5,10.625,8.625],"texture":"#2"},"south":{"uv":[9,10.5,9.125,10.625],"texture":"#2"},"down":{"uv":[0.125,2.25,0,3.125],"texture":"#2"}}},{"from":[8.6125,9.30898,5.75],"to":[8.6875,9.56602,9.4375],"rotation":{"angle":22.5,"axis":"z","origin":[8,9.4375,7.59375]},"faces":{"north":{"uv":[10.5,9,10.625,9.125],"texture":"#2"},"south":{"uv":[9.5,10.5,9.625,10.625],"texture":"#2"},"west":{"uv":[2,1,2.875,1.125],"texture":"#2"}}},{"from":[7.71523,8.75,5.75],"to":[8.28477,8.825,9.4375],"rotation":{"angle":45,"axis":"z","origin":[8,9.4375,7.6875]},"faces":{"north":{"uv":[10.5,9.5,10.625,9.625],"texture":"#2"},"south":{"uv":[10,10.5,10.125,10.625],"texture":"#2"},"up":{"uv":[0.625,3.125,0.5,2.25],"texture":"#2"},"down":{"uv":[2.375,1.5,2.25,2.375],"texture":"#2"}}},{"from":[7.71523,8.75,5.75],"to":[8.28477,8.825,9.4375],"rotation":{"angle":0,"axis":"y","origin":[8,9.4375,7.6875]},"faces":{"north":{"uv":[10.5,10,10.625,10.125],"texture":"#2"},"south":{"uv":[10.5,10.5,10.625,10.625],"texture":"#2"},"up":{"uv":[2.875,2.375,2.75,1.5],"texture":"#2"},"down":{"uv":[2.375,2.75,2.25,3.625],"texture":"#2"}}},{"from":[7.71523,10.05,5.75],"to":[8.28477,10.125,9.4375],"rotation":{"angle":45,"axis":"z","origin":[8,9.4375,7.6875]},"faces":{"north":{"uv":[0,10.75,0.125,10.875],"texture":"#2"},"south":{"uv":[10.75,0.5,10.875,0.625],"texture":"#2"},"up":{"uv":[2.875,3.625,2.75,2.75],"texture":"#2"},"down":{"uv":[1.125,3,1,3.875],"texture":"#2"}}},{"from":[7.71523,10.05,5.75],"to":[8.28477,10.125,9.4375],"rotation":{"angle":0,"axis":"y","origin":[8,9.4375,7.6875]},"faces":{"north":{"uv":[10.75,1,10.875,1.125],"texture":"#2"},"south":{"uv":[10.75,1.5,10.875,1.625],"texture":"#2"},"up":{"uv":[1.625,3.875,1.5,3],"texture":"#2"},"down":{"uv":[3.375,0,3.25,0.875],"texture":"#2"}}},{"from":[7.3125,9.15273,5.75],"to":[7.3875,9.72227,9.4375],"rotation":{"angle":45,"axis":"z","origin":[8,9.4375,7.6875]},"faces":{"north":{"uv":[10.75,2,10.875,2.125],"texture":"#2"},"east":{"uv":[3.25,1.25,4.125,1.375],"texture":"#2"},"south":{"uv":[10.75,2.5,10.875,2.625],"texture":"#2"},"west":{"uv":[3.25,1.75,4.125,1.875],"texture":"#2"}}},{"from":[7.3125,9.15273,5.75],"to":[7.3875,9.72227,9.4375],"rotation":{"angle":0,"axis":"y","origin":[8,9.4375,7.6875]},"faces":{"north":{"uv":[10.75,3.5,10.875,3.625],"texture":"#2"},"east":{"uv":[3.25,2.25,4.125,2.375],"texture":"#2"},"south":{"uv":[10.75,4,10.875,4.125],"texture":"#2"},"west":{"uv":[3.25,2.75,4.125,2.875],"texture":"#2"}}},{"from":[8.6125,9.15273,5.75],"to":[8.6875,9.72227,9.4375],"rotation":{"angle":45,"axis":"z","origin":[8,9.4375,7.6875]},"faces":{"north":{"uv":[10.75,4.5,10.875,4.625],"texture":"#2"},"east":{"uv":[3.25,3.25,4.125,3.375],"texture":"#2"},"south":{"uv":[10.75,5.5,10.875,5.625],"texture":"#2"},"west":{"uv":[3.75,0,4.625,0.125],"texture":"#2"}}},{"from":[8.6125,9.15273,5.75],"to":[8.6875,9.72227,9.4375],"rotation":{"angle":0,"axis":"y","origin":[8,9.4375,7.6875]},"faces":{"north":{"uv":[11,0,11.125,0.125],"texture":"#2"},"east":{"uv":[3.75,0.5,4.625,0.625],"texture":"#2"},"south":{"uv":[0.5,11,0.625,11.125],"texture":"#2"},"west":{"uv":[3.25,3.75,4.125,3.875],"texture":"#2"}}}],"display":{"thirdperson_righthand":{"translation":[0,0.5,0.75],"scale":[0.55,0.55,0.55]},"thirdperson_lefthand":{"translation":[0,0.5,0.75],"scale":[0.55,0.55,0.55]},"firstperson_righthand":{"translation":[-1,3,2.5]},"firstperson_lefthand":{"translation":[-1,3,2.5]},"ground":{"translation":[0,3,0],"scale":[0.55,0.55,0.55]},"gui":{"rotation":[30,-145,0],"translation":[0,-3,0],"scale":[3.5,3.5,3.5]},"fixed":{"rotation":[0,90,0],"translation":[0.5,-0.25,-1.5],"scale":[1.1,1.1,1.1]}},"groups":[{"name":"T2","origin":[8,8,8],"color":9,"nbt":"{}","children":[{"name":"body(d)","origin":[8.8125,9.53125,8.75],"color":9,"nbt":"{}","children":[0,1,2,3,4,5,6,7,8,{"name":"group","origin":[8,9.875,10.4375],"color":0,"nbt":"{}","children":[9,10,11,12,13,14,15,16]},{"name":"group","origin":[8,9.875,7.1875],"color":0,"nbt":"{}","children":[17,18,19,20,21,22,23,24]},25,26,27,28,29,30,31,32,33,34,35,36,37,38,39,40,41,42,43,44,45,46,47,48,49,50,51,52,53]},{"name":"riser(d)","origin":[8,7.73438,8.125],"color":9,"nbt":"{}","children":[54,55,56,57,58,59,60,61,62,63,64,65,66,67,68,69,70,71,72,73,74,75,76,{"name":"octagon","origin":[8,8,8],"color":9,"nbt":"{}","children":[77,78,79,80]}]},{"name":"knobs(f)","origin":[8,8,8],"color":9,"nbt":"{}","children":[{"name":"octagon","origin":[8,8,8],"color":9,"nbt":"{}","children":[81,82,83,84]},{"name":"octagon","origin":[8,8,8],"color":9,"nbt":"{}","children":[85,86,87,88]},{"name":"octagon","origin":[8,8,8],"color":9,"nbt":"{}","children":[89,90,91,92]}]},93,{"name":"inner(f)","origin":[8,8,8],"color":9,"nbt":"{}","children":[{"name":"octagon","origin":[8,8,8],"color":9,"nbt":"{}","children":[94,95,96,97,98,99,100,101]},{"name":"octagon","origin":[8,8,8],"color":9,"nbt":"{}","children":[102,103,104,105,106,107,108,109]}]}]}]}