{
	"credit": "Made with Blockbench",
	"textures": {
		"2": "block/color/raythean",
		"1_3": "block/color/coyote_sight_uv"
	},
	"elements": [
		{
			"name": "pattern",
			"from": [8.6875, 7.10157, 7],
			"to": [8.6885, 7.50157, 8.6],
			"rotation": {"angle": 0, "axis": "y", "origin": [15.5, -0.28906, -0.53125]},
			"faces": {
				"north": {"uv": [0.01563, 0, 0.01662, 0.4], "texture": "#2"},
				"east": {"uv": [0, 6.125, 16, 10.125], "texture": "#2"},
				"south": {"uv": [0.01563, 0, 0.01662, 0.4], "texture": "#2"},
				"west": {"uv": [1.6, 0, 3.2, 0.4], "texture": "#2"},
				"up": {"uv": [0.01563, 0, 0.01662, 1.6], "texture": "#2"},
				"down": {"uv": [0.01563, 0, 0.01662, 1.6], "texture": "#2"}
			}
		},
		{
			"name": "pattern",
			"from": [7.3115, 7.10157, 7],
			"to": [7.3125, 7.50157, 8.6],
			"rotation": {"angle": 0, "axis": "y", "origin": [0.5, -0.28906, -0.53125]},
			"faces": {
				"north": {"uv": [0.01662, 0, 0.01762, 0.4], "texture": "#2"},
				"east": {"uv": [3.2, 0, 4.8, 0.4], "texture": "#2"},
				"south": {"uv": [0.01662, 0, 0.01762, 0.4], "texture": "#2"},
				"west": {"uv": [0, 6.125, 16, 10.125], "texture": "#2"},
				"up": {"uv": [0.01662, 0, 0.01762, 1.6], "texture": "#2"},
				"down": {"uv": [0.01662, 0, 0.01762, 1.6], "texture": "#2"}
			}
		},
		{
			"from": [7.3125, 7.71094, 8.46875],
			"to": [8.6875, 8.27344, 9.34375],
			"rotation": {"angle": 0, "axis": "y", "origin": [0.125, -0.03906, -0.53125]},
			"faces": {
				"north": {"uv": [2.75, 0, 3.125, 0.125], "texture": "#1_3", "tintindex": 0},
				"east": {"uv": [4.5, 4, 4.75, 4.125], "texture": "#1_3", "tintindex": 0},
				"west": {"uv": [4.75, 0.5, 5, 0.625], "texture": "#1_3", "tintindex": 0},
				"up": {"uv": [1.125, 1.25, 0.75, 1], "texture": "#1_3", "tintindex": 0},
				"down": {"uv": [1.125, 1.5, 0.75, 1.75], "texture": "#1_3", "tintindex": 0}
			}
		},
		{
			"from": [7.3125, 7.71094, 7.09375],
			"to": [8.6875, 8.08594, 8.46875],
			"rotation": {"angle": 0, "axis": "y", "origin": [0.125, -0.03906, -0.53125]},
			"faces": {
				"east": {"uv": [1.5, 2.75, 1.875, 2.875], "texture": "#1_3", "tintindex": 0},
				"west": {"uv": [2.25, 3, 2.625, 3.125], "texture": "#1_3", "tintindex": 0},
				"down": {"uv": [0.375, 1, 0, 1.375], "texture": "#1_3", "tintindex": 0}
			}
		},
		{
			"from": [7.375, 8.14844, 6.59375],
			"to": [8.625, 8.45618, 7.09375],
			"rotation": {"angle": 0, "axis": "y", "origin": [7.5, 8.27344, 6.75733]},
			"faces": {
				"north": {"uv": [0.75, 4.75, 1, 4.875], "texture": "#1_3", "tintindex": 0},
				"east": {"uv": [5.75, 5, 5.875, 5.125], "texture": "#1_3", "tintindex": 0},
				"south": {"uv": [4.75, 1, 5, 1.125], "texture": "#1_3", "tintindex": 0},
				"west": {"uv": [5.75, 5.5, 5.875, 5.625], "texture": "#1_3", "tintindex": 0},
				"up": {"uv": [5, 1.625, 4.75, 1.5], "texture": "#1_3", "tintindex": 0}
			}
		},
		{
			"from": [7.375, 8.04814, 6.59798],
			"to": [8.625, 8.36064, 6.97298],
			"rotation": {"angle": 22.5, "axis": "x", "origin": [8.5, 8.42314, 6.78548]},
			"faces": {
				"north": {"uv": [3, 2.5, 3.375, 2.625], "texture": "#1_3", "tintindex": 0},
				"east": {"uv": [0, 6, 0.125, 6.125], "texture": "#1_3", "tintindex": 0},
				"west": {"uv": [6, 0, 6.125, 0.125], "texture": "#1_3", "tintindex": 0},
				"up": {"uv": [3.375, 3.125, 3, 3], "texture": "#1_3", "tintindex": 0}
			}
		},
		{
			"from": [7.375, 9.49062, 6.59375],
			"to": [8.625, 9.55312, 7.09375],
			"rotation": {"angle": 0, "axis": "y", "origin": [8, 9.52187, 6.78125]},
			"faces": {
				"north": {"uv": [3.25, 0.5, 3.625, 0.625], "texture": "#1_3", "tintindex": 0},
				"south": {"uv": [1, 3.25, 1.375, 3.375], "texture": "#1_3", "tintindex": 0},
				"up": {"uv": [3.625, 1.125, 3.25, 1], "texture": "#1_3", "tintindex": 0},
				"down": {"uv": [0.375, 3.5, 0, 3.625], "texture": "#1_3", "tintindex": 0}
			}
		},
		{
			"from": [8.83611, 8.81202, 6.59375],
			"to": [8.89927, 9.10973, 7.09375],
			"rotation": {"angle": 0, "axis": "y", "origin": [0.14861, 0.17223, -0.65625]},
			"faces": {
				"north": {"uv": [1, 6, 1.125, 6.125], "texture": "#1_3", "tintindex": 0},
				"east": {"uv": [1.5, 6, 1.625, 6.125], "texture": "#1_3", "tintindex": 0},
				"south": {"uv": [2, 6, 2.125, 6.125], "texture": "#1_3", "tintindex": 0},
				"west": {"uv": [6, 2, 6.125, 2.125], "texture": "#1_3", "tintindex": 0}
			}
		},
		{
			"from": [8.76977, 9.07154, 6.59375],
			"to": [8.83227, 9.38404, 7.09375],
			"rotation": {"angle": 22.5, "axis": "z", "origin": [8.76977, 9.25904, 6.78125]},
			"faces": {
				"north": {"uv": [6, 2.5, 6.125, 2.625], "texture": "#1_3", "tintindex": 0},
				"east": {"uv": [3, 6, 3.125, 6.125], "texture": "#1_3", "tintindex": 0},
				"south": {"uv": [3.5, 6, 3.625, 6.125], "texture": "#1_3", "tintindex": 0},
				"west": {"uv": [4, 6, 4.125, 6.125], "texture": "#1_3", "tintindex": 0}
			}
		},
		{
			"from": [8.74585, 8.54247, 6.59375],
			"to": [8.80835, 8.85497, 7.09375],
			"rotation": {"angle": -22.5, "axis": "z", "origin": [8.74585, 8.60497, 6.78125]},
			"faces": {
				"north": {"uv": [6, 4, 6.125, 4.125], "texture": "#1_3", "tintindex": 0},
				"east": {"uv": [4.5, 6, 4.625, 6.125], "texture": "#1_3", "tintindex": 0},
				"south": {"uv": [5, 6, 5.125, 6.125], "texture": "#1_3", "tintindex": 0},
				"west": {"uv": [5.5, 6, 5.625, 6.125], "texture": "#1_3", "tintindex": 0}
			}
		},
		{
			"from": [8.66004, 9.34888, 6.59375],
			"to": [8.72254, 9.56763, 7.09375],
			"rotation": {"angle": 45, "axis": "z", "origin": [8.69129, 9.44263, 6.78125]},
			"faces": {
				"north": {"uv": [6, 6, 6.125, 6.125], "texture": "#1_3", "tintindex": 0},
				"east": {"uv": [0.5, 6.25, 0.625, 6.375], "texture": "#1_3", "tintindex": 0},
				"south": {"uv": [6.25, 0.5, 6.375, 0.625], "texture": "#1_3", "tintindex": 0},
				"west": {"uv": [6.25, 1, 6.375, 1.125], "texture": "#1_3", "tintindex": 0}
			}
		},
		{
			"from": [8.67109, 8.34954, 6.59375],
			"to": [8.73359, 8.56829, 7.09375],
			"rotation": {"angle": -45, "axis": "z", "origin": [8.70234, 8.49016, 6.78125]},
			"faces": {
				"north": {"uv": [6.25, 1.5, 6.375, 1.625], "texture": "#1_3", "tintindex": 0},
				"east": {"uv": [2.5, 6.25, 2.625, 6.375], "texture": "#1_3", "tintindex": 0},
				"south": {"uv": [6.25, 3, 6.375, 3.125], "texture": "#1_3", "tintindex": 0},
				"west": {"uv": [6.25, 3.5, 6.375, 3.625], "texture": "#1_3", "tintindex": 0}
			}
		},
		{
			"from": [7.3125, 7.96094, 9.34375],
			"to": [8.6875, 8.27344, 10.03125],
			"rotation": {"angle": 0, "axis": "y", "origin": [0.125, -0.03906, 0.46875]},
			"faces": {
				"east": {"uv": [6.25, 4.5, 6.375, 4.625], "texture": "#1_3", "tintindex": 0},
				"west": {"uv": [6.25, 5, 6.375, 5.125], "texture": "#1_3", "tintindex": 0},
				"up": {"uv": [3.875, 0.125, 3.5, 0], "texture": "#1_3", "tintindex": 0},
				"down": {"uv": [3.875, 1.5, 3.5, 1.625], "texture": "#1_3", "tintindex": 0}
			}
		},
		{
			"from": [7.3125, 7.88801, 9.23394],
			"to": [8.6875, 8.13801, 9.92144],
			"rotation": {"angle": -22.5, "axis": "x", "origin": [8, 8.07551, 9.73394]},
			"faces": {
				"east": {"uv": [6.25, 5.5, 6.375, 5.625], "texture": "#1_3", "tintindex": 0},
				"west": {"uv": [0, 6.5, 0.125, 6.625], "texture": "#1_3", "tintindex": 0},
				"down": {"uv": [2.125, 3.5, 1.75, 3.625], "texture": "#1_3", "tintindex": 0}
			}
		},
		{
			"from": [7.10073, 8.81202, 6.59375],
			"to": [7.16389, 9.10973, 7.09375],
			"rotation": {"angle": 0, "axis": "y", "origin": [15.85139, 0.17223, -0.65625]},
			"faces": {
				"north": {"uv": [6.5, 0, 6.625, 0.125], "texture": "#1_3", "tintindex": 0},
				"east": {"uv": [1, 6.5, 1.125, 6.625], "texture": "#1_3", "tintindex": 0},
				"south": {"uv": [1.5, 6.5, 1.625, 6.625], "texture": "#1_3", "tintindex": 0},
				"west": {"uv": [2, 6.5, 2.125, 6.625], "texture": "#1_3", "tintindex": 0}
			}
		},
		{
			"from": [7.45601, 7.96094, 10.03125],
			"to": [8.54399, 8.27344, 10.3777],
			"rotation": {"angle": 0, "axis": "y", "origin": [0.08101, -0.03906, 1.1902]},
			"faces": {
				"south": {"uv": [4.75, 4.5, 5, 4.625], "texture": "#1_3", "tintindex": 0},
				"up": {"uv": [0.25, 5.125, 0, 5], "texture": "#1_3", "tintindex": 0},
				"down": {"uv": [5.25, 0, 5, 0.125], "texture": "#1_3", "tintindex": 0}
			}
		},
		{
			"from": [7.16773, 9.07154, 6.59375],
			"to": [7.23023, 9.38404, 7.09375],
			"rotation": {"angle": -22.5, "axis": "z", "origin": [7.23023, 9.25904, 6.78125]},
			"faces": {
				"north": {"uv": [6.5, 2, 6.625, 2.125], "texture": "#1_3", "tintindex": 0},
				"east": {"uv": [6.5, 2.5, 6.625, 2.625], "texture": "#1_3", "tintindex": 0},
				"south": {"uv": [3, 6.5, 3.125, 6.625], "texture": "#1_3", "tintindex": 0},
				"west": {"uv": [3.5, 6.5, 3.625, 6.625], "texture": "#1_3", "tintindex": 0}
			}
		},
		{
			"from": [7.48348, 7.96094, 9.61035],
			"to": [7.73348, 8.27344, 9.98535],
			"rotation": {"angle": 22.5, "axis": "y", "origin": [8.45601, 7.94944, 10.25059]},
			"faces": {
				"west": {"uv": [4, 6.5, 4.125, 6.625], "texture": "#1_3", "tintindex": 0},
				"up": {"uv": [6.625, 4.125, 6.5, 4], "texture": "#1_3", "tintindex": 0},
				"down": {"uv": [4.625, 6.5, 4.5, 6.625], "texture": "#1_3", "tintindex": 0}
			}
		},
		{
			"from": [7.19165, 8.54247, 6.59375],
			"to": [7.25415, 8.85497, 7.09375],
			"rotation": {"angle": 22.5, "axis": "z", "origin": [7.25415, 8.60497, 6.78125]},
			"faces": {
				"north": {"uv": [5, 6.5, 5.125, 6.625], "texture": "#1_3", "tintindex": 0},
				"east": {"uv": [5.5, 6.5, 5.625, 6.625], "texture": "#1_3", "tintindex": 0},
				"south": {"uv": [6, 6.5, 6.125, 6.625], "texture": "#1_3", "tintindex": 0},
				"west": {"uv": [6.5, 6, 6.625, 6.125], "texture": "#1_3", "tintindex": 0}
			}
		},
		{
			"from": [8.35597, 7.96094, 9.81612],
			"to": [8.60597, 8.27344, 10.19112],
			"rotation": {"angle": -22.5, "axis": "y", "origin": [8.10597, 8.11719, 10.12862]},
			"faces": {
				"east": {"uv": [6.5, 6.5, 6.625, 6.625], "texture": "#1_3", "tintindex": 0},
				"up": {"uv": [0.625, 6.875, 0.5, 6.75], "texture": "#1_3", "tintindex": 0},
				"down": {"uv": [6.875, 0.5, 6.75, 0.625], "texture": "#1_3", "tintindex": 0}
			}
		},
		{
			"from": [7.27746, 9.34888, 6.59375],
			"to": [7.33996, 9.56763, 7.09375],
			"rotation": {"angle": -45, "axis": "z", "origin": [7.30871, 9.44263, 6.78125]},
			"faces": {
				"north": {"uv": [6.75, 1, 6.875, 1.125], "texture": "#1_3", "tintindex": 0},
				"east": {"uv": [6.75, 1.5, 6.875, 1.625], "texture": "#1_3", "tintindex": 0},
				"south": {"uv": [2.5, 6.75, 2.625, 6.875], "texture": "#1_3", "tintindex": 0},
				"west": {"uv": [6.75, 3, 6.875, 3.125], "texture": "#1_3", "tintindex": 0}
			}
		},
		{
			"from": [7.26641, 8.34954, 6.59375],
			"to": [7.32891, 8.56829, 7.09375],
			"rotation": {"angle": 45, "axis": "z", "origin": [7.29766, 8.49016, 6.78125]},
			"faces": {
				"north": {"uv": [6.75, 3.5, 6.875, 3.625], "texture": "#1_3", "tintindex": 0},
				"east": {"uv": [6.75, 4.5, 6.875, 4.625], "texture": "#1_3", "tintindex": 0},
				"south": {"uv": [6.75, 5, 6.875, 5.125], "texture": "#1_3", "tintindex": 0},
				"west": {"uv": [6.75, 5.5, 6.875, 5.625], "texture": "#1_3", "tintindex": 0}
			}
		},
		{
			"from": [7.375, 8.08594, 7.09375],
			"to": [8.625, 8.14844, 8.46875],
			"rotation": {"angle": 0, "axis": "y", "origin": [0.125, 0.02344, -0.53125]},
			"faces": {
				"up": {"uv": [1.375, 0.375, 1, 0], "texture": "#1_3", "tintindex": 0}
			}
		},
		{
			"from": [7.34532, 8.0067, 7.09375],
			"to": [7.43371, 8.0692, 8.46875],
			"rotation": {"angle": 45, "axis": "z", "origin": [7.30871, 8.03795, 7.46875]},
			"faces": {
				"north": {"uv": [0, 7, 0.125, 7.125], "texture": "#1_3", "tintindex": 0},
				"south": {"uv": [7, 0, 7.125, 0.125], "texture": "#1_3", "tintindex": 0},
				"up": {"uv": [0.125, 3.125, 0, 2.75], "texture": "#1_3", "tintindex": 0}
			}
		},
		{
			"from": [8.56629, 8.0067, 7.09375],
			"to": [8.65468, 8.0692, 8.46875],
			"rotation": {"angle": -45, "axis": "z", "origin": [8.69129, 8.03795, 7.46875]},
			"faces": {
				"north": {"uv": [1, 7, 1.125, 7.125], "texture": "#1_3", "tintindex": 0},
				"south": {"uv": [1.5, 7, 1.625, 7.125], "texture": "#1_3", "tintindex": 0},
				"up": {"uv": [2.625, 3.875, 2.5, 3.5], "texture": "#1_3", "tintindex": 0}
			}
		},
		{
			"from": [8.6029, 8.12872, 6.53125],
			"to": [8.67994, 8.29554, 7.09375],
			"rotation": {"angle": 22.5, "axis": "z", "origin": [8.63415, 8.15759, 6.8125]},
			"faces": {
				"north": {"uv": [2, 7, 2.125, 7.125], "texture": "#1_3", "tintindex": 0},
				"east": {"uv": [7, 2, 7.125, 2.125], "texture": "#1_3", "tintindex": 0},
				"south": {"uv": [7, 2.5, 7.125, 2.625], "texture": "#1_3", "tintindex": 0},
				"west": {"uv": [3, 7, 3.125, 7.125], "texture": "#1_3", "tintindex": 0},
				"up": {"uv": [3.625, 7.125, 3.5, 7], "texture": "#1_3", "tintindex": 0}
			}
		},
		{
			"from": [7.3125, 7.71094, 6.53125],
			"to": [8.6875, 8.14844, 7.09375],
			"rotation": {"angle": 0, "axis": "y", "origin": [0.125, 0.02344, -1.90625]},
			"faces": {
				"east": {"uv": [4, 7, 4.125, 7.125], "texture": "#1_3", "tintindex": 0},
				"west": {"uv": [7, 4, 7.125, 4.125], "texture": "#1_3", "tintindex": 0},
				"down": {"uv": [3.875, 2, 3.5, 2.125], "texture": "#1_3", "tintindex": 0}
			}
		},
		{
			"from": [7.32006, 8.12872, 6.53125],
			"to": [7.3971, 8.29554, 7.09375],
			"rotation": {"angle": -22.5, "axis": "z", "origin": [7.36585, 8.15759, 6.8125]},
			"faces": {
				"north": {"uv": [4.5, 7, 4.625, 7.125], "texture": "#1_3", "tintindex": 0},
				"east": {"uv": [5, 7, 5.125, 7.125], "texture": "#1_3", "tintindex": 0},
				"south": {"uv": [5.5, 7, 5.625, 7.125], "texture": "#1_3", "tintindex": 0},
				"west": {"uv": [6, 7, 6.125, 7.125], "texture": "#1_3", "tintindex": 0},
				"up": {"uv": [7.125, 6.125, 7, 6], "texture": "#1_3", "tintindex": 0}
			}
		},
		{
			"from": [7.375, 7.71094, 6.46875],
			"to": [8.625, 8.14844, 6.53125],
			"rotation": {"angle": 0, "axis": "y", "origin": [8, 7.99219, 6.65625]},
			"faces": {
				"north": {"uv": [3, 3.5, 3.375, 3.625], "texture": "#1_3", "tintindex": 0},
				"down": {"uv": [1.125, 3.75, 0.75, 3.875], "texture": "#1_3", "tintindex": 0}
			}
		},
		{
			"from": [7.31531, 7.71094, 6.46099],
			"to": [7.40369, 8.14844, 6.53802],
			"rotation": {"angle": 45, "axis": "y", "origin": [7.39871, 7.86719, 6.49951]},
			"faces": {
				"north": {"uv": [6.5, 7, 6.625, 7.125], "texture": "#1_3", "tintindex": 0},
				"up": {"uv": [7.125, 6.625, 7, 6.5], "texture": "#1_3", "tintindex": 0},
				"down": {"uv": [7.125, 7, 7, 7.125], "texture": "#1_3", "tintindex": 0}
			}
		},
		{
			"from": [8.59631, 7.71094, 6.46099],
			"to": [8.68469, 8.14844, 6.53802],
			"rotation": {"angle": -45, "axis": "y", "origin": [8.60129, 7.86719, 6.49951]},
			"faces": {
				"north": {"uv": [0.5, 7.25, 0.625, 7.375], "texture": "#1_3", "tintindex": 0},
				"up": {"uv": [7.375, 0.625, 7.25, 0.5], "texture": "#1_3", "tintindex": 0},
				"down": {"uv": [7.375, 1, 7.25, 1.125], "texture": "#1_3", "tintindex": 0}
			}
		},
		{
			"from": [7.3125, 7.98069, 7.06038],
			"to": [8.6875, 8.04319, 7.24788],
			"rotation": {"angle": 22.5, "axis": "x", "origin": [8, 8.01194, 7.34163]},
			"faces": {
				"east": {"uv": [7.25, 1.5, 7.375, 1.625], "texture": "#1_3", "tintindex": 0},
				"west": {"uv": [2.5, 7.25, 2.625, 7.375], "texture": "#1_3", "tintindex": 0},
				"up": {"uv": [4.125, 2.625, 3.75, 2.5], "texture": "#1_3", "tintindex": 0}
			}
		},
		{
			"name": "octagon",
			"from": [7.81878, 7.52344, 9.21875],
			"to": [8.18122, 8.14844, 10.09375],
			"rotation": {"angle": 22.5, "axis": "y", "origin": [8, 7.83594, 9.65625]},
			"faces": {
				"south": {"uv": [7.25, 3, 7.375, 3.125], "texture": "#1_3", "tintindex": 0},
				"up": {"uv": [1.375, 5.25, 1.25, 5], "texture": "#1_3", "tintindex": 0}
			}
		},
		{
			"name": "octagon",
			"from": [7.81878, 7.52344, 9.21875],
			"to": [8.18122, 8.14844, 10.09375],
			"rotation": {"angle": -22.5, "axis": "y", "origin": [8, 7.83594, 9.65625]},
			"faces": {
				"south": {"uv": [7.25, 3.5, 7.375, 3.625], "texture": "#1_3", "tintindex": 0},
				"up": {"uv": [1.875, 5.25, 1.75, 5], "texture": "#1_3", "tintindex": 0}
			}
		},
		{
			"name": "octagon",
			"from": [7.5625, 7.52344, 9.47503],
			"to": [8.4375, 8.14844, 9.83747],
			"rotation": {"angle": 22.5, "axis": "y", "origin": [8, 7.83594, 9.65625]},
			"faces": {
				"east": {"uv": [7.25, 4.5, 7.375, 4.625], "texture": "#1_3", "tintindex": 0},
				"west": {"uv": [7.25, 5, 7.375, 5.125], "texture": "#1_3", "tintindex": 0},
				"up": {"uv": [5.25, 2.125, 5, 2], "texture": "#1_3", "tintindex": 0}
			}
		},
		{
			"name": "octagon",
			"from": [7.5625, 7.52344, 9.47503],
			"to": [8.4375, 8.14844, 9.83747],
			"rotation": {"angle": -22.5, "axis": "y", "origin": [8, 7.83594, 9.65625]},
			"faces": {
				"east": {"uv": [7.25, 5.5, 7.375, 5.625], "texture": "#1_3", "tintindex": 0},
				"west": {"uv": [0, 7.5, 0.125, 7.625], "texture": "#1_3", "tintindex": 0},
				"up": {"uv": [2.5, 5.125, 2.25, 5], "texture": "#1_3", "tintindex": 0}
			}
		},
		{
			"from": [8.375, 7.02344, 6.46875],
			"to": [8.6875, 7.58594, 9.21875],
			"rotation": {"angle": 0, "axis": "y", "origin": [0.5, 0.02344, -0.53125]},
			"faces": {
				"north": {"uv": [7.5, 0, 7.625, 0.125], "texture": "#1_3", "tintindex": 0},
				"east": {"uv": [1.5, 0.75, 2.25, 0.875], "texture": "#1_3", "tintindex": 0},
				"south": {"uv": [1, 7.5, 1.125, 7.625], "texture": "#1_3", "tintindex": 0},
				"west": {"uv": [1.5, 1.25, 2.25, 1.375], "texture": "#1_3", "tintindex": 0},
				"up": {"uv": [0.125, 2.5, 0, 1.75], "texture": "#1_3", "tintindex": 0},
				"down": {"uv": [1.625, 1.75, 1.5, 2.5], "texture": "#1_3", "tintindex": 0}
			}
		},
		{
			"from": [7.3125, 7.02344, 6.46875],
			"to": [7.625, 7.58594, 9.21875],
			"rotation": {"angle": 0, "axis": "y", "origin": [0.5, 0.02344, -0.53125]},
			"faces": {
				"north": {"uv": [1.5, 7.5, 1.625, 7.625], "texture": "#1_3", "tintindex": 0},
				"east": {"uv": [1.75, 0, 2.5, 0.125], "texture": "#1_3", "tintindex": 0},
				"south": {"uv": [2, 7.5, 2.125, 7.625], "texture": "#1_3", "tintindex": 0},
				"west": {"uv": [0.5, 2, 1.25, 2.125], "texture": "#1_3", "tintindex": 0},
				"up": {"uv": [2.125, 2.5, 2, 1.75], "texture": "#1_3", "tintindex": 0},
				"down": {"uv": [0.625, 2.5, 0.5, 3.25], "texture": "#1_3", "tintindex": 0}
			}
		},
		{
			"from": [7.625, 7.33594, 6.46875],
			"to": [8.375, 7.58594, 9.21875],
			"rotation": {"angle": 0, "axis": "y", "origin": [1, 0.02344, -0.53125]},
			"faces": {
				"north": {"uv": [5, 2.5, 5.25, 2.625], "texture": "#1_3", "tintindex": 0},
				"south": {"uv": [3.25, 5, 3.5, 5.125], "texture": "#1_3", "tintindex": 0},
				"up": {"uv": [0.25, 0.75, 0, 0], "texture": "#1_3", "tintindex": 0},
				"down": {"uv": [0.75, 0, 0.5, 0.75], "texture": "#1_3", "tintindex": 0}
			}
		},
		{
			"from": [7.4375, 7.58594, 6.53125],
			"to": [8.5625, 7.71094, 9.15625],
			"rotation": {"angle": 0, "axis": "y", "origin": [1, 0.27344, -0.53125]},
			"faces": {
				"north": {"uv": [3.75, 5, 4, 5.125], "texture": "#1_3", "tintindex": 0},
				"east": {"uv": [2.5, 1.5, 3.125, 1.625], "texture": "#1_3", "tintindex": 0},
				"south": {"uv": [5, 4, 5.25, 4.125], "texture": "#1_3", "tintindex": 0},
				"west": {"uv": [2.5, 2, 3.125, 2.125], "texture": "#1_3", "tintindex": 0}
			}
		},
		{
			"from": [7.625, 8.46094, 9.32813],
			"to": [8.375, 8.64844, 10.32813],
			"rotation": {"angle": 0, "axis": "y", "origin": [0.125, -0.10156, -0.42187]},
			"faces": {
				"north": {"uv": [4.25, 5, 4.5, 5.125], "texture": "#1_3"},
				"south": {"uv": [4.75, 5, 5, 5.125], "texture": "#1_3"},
				"up": {"uv": [1.25, 2.75, 1, 2.5], "texture": "#1_3"},
				"down": {"uv": [2.75, 2.5, 2.5, 2.75], "texture": "#1_3"}
			}
		},
		{
			"from": [8.25, 7.86053, 9.14377],
			"to": [8.375, 8.23553, 9.70627],
			"rotation": {"angle": -45, "axis": "x", "origin": [8, 7.98553, 9.01877]},
			"faces": {
				"east": {"uv": [7.5, 2, 7.625, 2.125], "texture": "#1_3"},
				"west": {"uv": [7.5, 2.5, 7.625, 2.625], "texture": "#1_3"},
				"up": {"uv": [3.125, 7.625, 3, 7.5], "texture": "#1_3"}
			}
		},
		{
			"from": [8.25, 8.27344, 9.14063],
			"to": [8.5625, 8.46094, 10.32813],
			"rotation": {"angle": 0, "axis": "y", "origin": [0.0625, -0.35156, -0.42187]},
			"faces": {
				"east": {"uv": [0.5, 5.25, 0.75, 5.375], "texture": "#1_3"},
				"south": {"uv": [3.5, 7.5, 3.625, 7.625], "texture": "#1_3"},
				"west": {"uv": [5.25, 0.5, 5.5, 0.625], "texture": "#1_3"},
				"up": {"uv": [5.375, 1.25, 5.25, 1], "texture": "#1_3"},
				"down": {"uv": [5.375, 1.5, 5.25, 1.75], "texture": "#1_3"}
			}
		},
		{
			"from": [7.46496, 8.39465, 9.32813],
			"to": [7.73012, 8.58215, 10.32813],
			"rotation": {"angle": 45, "axis": "z", "origin": [7.59754, 8.4884, 9.82813]},
			"faces": {
				"north": {"uv": [4, 7.5, 4.125, 7.625], "texture": "#1_3"},
				"south": {"uv": [7.5, 4, 7.625, 4.125], "texture": "#1_3"},
				"up": {"uv": [2.875, 5.5, 2.75, 5.25], "texture": "#1_3"}
			}
		},
		{
			"from": [8.18057, 8.17904, 9.32813],
			"to": [8.44573, 8.36654, 10.32813],
			"rotation": {"angle": -45, "axis": "z", "origin": [8.61807, 8.27279, 9.82813]},
			"faces": {
				"north": {"uv": [4.5, 7.5, 4.625, 7.625], "texture": "#1_3"},
				"south": {"uv": [5, 7.5, 5.125, 7.625], "texture": "#1_3"},
				"up": {"uv": [5.375, 3.25, 5.25, 3], "texture": "#1_3"}
			}
		},
		{
			"from": [7.625, 7.86053, 9.14377],
			"to": [7.75, 8.23553, 9.70627],
			"rotation": {"angle": -45, "axis": "x", "origin": [8, 7.98553, 9.01877]},
			"faces": {
				"east": {"uv": [5.5, 7.5, 5.625, 7.625], "texture": "#1_3"},
				"west": {"uv": [6, 7.5, 6.125, 7.625], "texture": "#1_3"},
				"up": {"uv": [7.625, 6.125, 7.5, 6], "texture": "#1_3"}
			}
		},
		{
			"from": [7.4375, 7.86053, 9.14377],
			"to": [7.625, 8.23553, 9.4411],
			"rotation": {"angle": -45, "axis": "x", "origin": [7.8125, 7.98553, 9.01877]},
			"faces": {
				"west": {"uv": [6.5, 7.5, 6.625, 7.625], "texture": "#1_3"},
				"up": {"uv": [7.625, 6.625, 7.5, 6.5], "texture": "#1_3"}
			}
		},
		{
			"from": [8.375, 7.86053, 9.14377],
			"to": [8.5625, 8.23553, 9.4411],
			"rotation": {"angle": -45, "axis": "x", "origin": [8.1875, 7.98553, 9.01877]},
			"faces": {
				"east": {"uv": [7, 7.5, 7.125, 7.625], "texture": "#1_3"},
				"up": {"uv": [7.625, 7.125, 7.5, 7], "texture": "#1_3"}
			}
		},
		{
			"from": [7.4375, 8.27344, 9.14063],
			"to": [7.75, 8.46094, 10.32813],
			"rotation": {"angle": 0, "axis": "y", "origin": [15.9375, -0.35156, -0.42187]},
			"faces": {
				"east": {"uv": [5.25, 3.5, 5.5, 3.625], "texture": "#1_3"},
				"south": {"uv": [7.5, 7.5, 7.625, 7.625], "texture": "#1_3"},
				"west": {"uv": [5.25, 4.5, 5.5, 4.625], "texture": "#1_3"},
				"up": {"uv": [5.375, 5.25, 5.25, 5], "texture": "#1_3"},
				"down": {"uv": [0.125, 5.5, 0, 5.75], "texture": "#1_3"}
			}
		},
		{
			"from": [7.75, 8.27344, 9.64063],
			"to": [8.25, 8.46094, 10.32813],
			"rotation": {"angle": 0, "axis": "y", "origin": [16.25, -0.35156, -0.42187]},
			"faces": {
				"north": {"uv": [0.5, 7.75, 0.625, 7.875], "texture": "#1_3"},
				"south": {"uv": [7.75, 0.5, 7.875, 0.625], "texture": "#1_3"}
			}
		},
		{
			"name": "octagon",
			"from": [7.375, 8.14844, 7.58487],
			"to": [8.625, 8.46094, 7.97763],
			"rotation": {"angle": -22.5, "axis": "y", "origin": [8, 8.27344, 7.78125]},
			"faces": {
				"north": {"uv": [3.75, 3, 4.125, 3.125], "texture": "#1_3"},
				"east": {"uv": [7.75, 1, 7.875, 1.125], "texture": "#1_3"},
				"south": {"uv": [3.75, 3.5, 4.125, 3.625], "texture": "#1_3"},
				"west": {"uv": [7.75, 1.5, 7.875, 1.625], "texture": "#1_3"},
				"up": {"uv": [0.375, 4.125, 0, 4], "texture": "#1_3"},
				"down": {"uv": [4.375, 0.5, 4, 0.625], "texture": "#1_3"}
			}
		},
		{
			"name": "octagon",
			"from": [7.375, 8.14844, 7.58487],
			"to": [8.625, 8.46094, 7.97763],
			"rotation": {"angle": 22.5, "axis": "y", "origin": [8, 8.30469, 7.78125]},
			"faces": {
				"north": {"uv": [4, 1, 4.375, 1.125], "texture": "#1_3"},
				"east": {"uv": [2.5, 7.75, 2.625, 7.875], "texture": "#1_3"},
				"south": {"uv": [1.5, 4, 1.875, 4.125], "texture": "#1_3"},
				"west": {"uv": [7.75, 3, 7.875, 3.125], "texture": "#1_3"},
				"up": {"uv": [3.375, 4.125, 3, 4], "texture": "#1_3"},
				"down": {"uv": [4.125, 4, 3.75, 4.125], "texture": "#1_3"}
			}
		},
		{
			"name": "octagon",
			"from": [7.80362, 8.14844, 7.15625],
			"to": [8.19638, 8.46094, 8.40625],
			"rotation": {"angle": 22.5, "axis": "y", "origin": [8, 8.30469, 7.78125]},
			"faces": {
				"north": {"uv": [7.75, 3.5, 7.875, 3.625], "texture": "#1_3"},
				"east": {"uv": [4.25, 0, 4.625, 0.125], "texture": "#1_3"},
				"south": {"uv": [7.75, 4.5, 7.875, 4.625], "texture": "#1_3"},
				"west": {"uv": [0.75, 4.25, 1.125, 4.375], "texture": "#1_3"},
				"up": {"uv": [4.375, 1.875, 4.25, 1.5], "texture": "#1_3"},
				"down": {"uv": [2.375, 4.25, 2.25, 4.625], "texture": "#1_3"}
			}
		},
		{
			"name": "octagon",
			"from": [7.74112, 8.14844, 7.28125],
			"to": [8.25888, 8.46094, 8.28125],
			"rotation": {"angle": 22.5, "axis": "y", "origin": [8, 8.27344, 7.78125]},
			"faces": {
				"north": {"uv": [7.75, 5, 7.875, 5.125], "texture": "#1_3"},
				"south": {"uv": [7.75, 5.5, 7.875, 5.625], "texture": "#1_3"},
				"up": {"uv": [5.625, 0.25, 5.5, 0], "texture": "#1_3"},
				"down": {"uv": [1.125, 5.5, 1, 5.75], "texture": "#1_3"}
			}
		},
		{
			"name": "octagon",
			"from": [7.80362, 8.14844, 7.15625],
			"to": [8.19638, 8.46094, 8.40625],
			"rotation": {"angle": -22.5, "axis": "y", "origin": [8, 8.27344, 7.78125]},
			"faces": {
				"north": {"uv": [0, 8, 0.125, 8.125], "texture": "#1_3"},
				"east": {"uv": [0, 4.5, 0.375, 4.625], "texture": "#1_3"},
				"south": {"uv": [8, 0, 8.125, 0.125], "texture": "#1_3"},
				"west": {"uv": [1.5, 4.5, 1.875, 4.625], "texture": "#1_3"},
				"up": {"uv": [4.625, 2.625, 4.5, 2.25], "texture": "#1_3"},
				"down": {"uv": [2.875, 4.5, 2.75, 4.875], "texture": "#1_3"}
			}
		},
		{
			"name": "octagon",
			"from": [7.5, 8.14844, 7.52237],
			"to": [8.5, 8.46094, 8.04013],
			"rotation": {"angle": 22.5, "axis": "y", "origin": [8, 8.27344, 7.78125]},
			"faces": {
				"east": {"uv": [1, 8, 1.125, 8.125], "texture": "#1_3"},
				"west": {"uv": [1.5, 8, 1.625, 8.125], "texture": "#1_3"},
				"up": {"uv": [1.75, 5.625, 1.5, 5.5], "texture": "#1_3"},
				"down": {"uv": [2.25, 5.5, 2, 5.625], "texture": "#1_3"}
			}
		},
		{
			"name": "octagon",
			"from": [7.79289, 7.46094, 9.15625],
			"to": [8.20711, 7.71094, 10.15625],
			"rotation": {"angle": 22.5, "axis": "y", "origin": [8, 7.58594, 9.65625]},
			"faces": {
				"north": {"uv": [2, 8, 2.125, 8.125], "texture": "#1_3"},
				"south": {"uv": [8, 2, 8.125, 2.125], "texture": "#1_3"},
				"up": {"uv": [5.625, 2.25, 5.5, 2], "texture": "#1_3"},
				"down": {"uv": [5.625, 2.5, 5.5, 2.75], "texture": "#1_3"}
			}
		},
		{
			"name": "octagon",
			"from": [7.79289, 7.46094, 9.15625],
			"to": [8.20711, 7.71094, 10.15625],
			"rotation": {"angle": -22.5, "axis": "y", "origin": [8, 7.58594, 9.65625]},
			"faces": {
				"north": {"uv": [8, 2.5, 8.125, 2.625], "texture": "#1_3"},
				"south": {"uv": [3, 8, 3.125, 8.125], "texture": "#1_3"},
				"up": {"uv": [3.375, 5.75, 3.25, 5.5], "texture": "#1_3"},
				"down": {"uv": [3.875, 5.5, 3.75, 5.75], "texture": "#1_3"}
			}
		},
		{
			"name": "octagon",
			"from": [7.5, 7.46094, 9.44914],
			"to": [8.5, 7.71094, 9.86336],
			"rotation": {"angle": 22.5, "axis": "y", "origin": [8, 7.58594, 9.65625]},
			"faces": {
				"east": {"uv": [3.5, 8, 3.625, 8.125], "texture": "#1_3"},
				"west": {"uv": [4, 8, 4.125, 8.125], "texture": "#1_3"},
				"up": {"uv": [5.75, 4.125, 5.5, 4], "texture": "#1_3"},
				"down": {"uv": [4.5, 5.5, 4.25, 5.625], "texture": "#1_3"}
			}
		},
		{
			"name": "octagon",
			"from": [7.85539, 7.46094, 10.15625],
			"to": [7.95711, 7.71094, 10.34375],
			"rotation": {"angle": 22.5, "axis": "y", "origin": [8, 7.58594, 9.65625]},
			"faces": {
				"east": {"uv": [8, 4, 8.125, 4.125], "texture": "#1_3"},
				"south": {"uv": [4.5, 8, 4.625, 8.125], "texture": "#1_3"},
				"up": {"uv": [5.125, 8.125, 5, 8], "texture": "#1_3"},
				"down": {"uv": [5.625, 8, 5.5, 8.125], "texture": "#1_3"}
			}
		},
		{
			"name": "octagon",
			"from": [8.04289, 7.46094, 10.15625],
			"to": [8.14461, 7.71094, 10.34375],
			"rotation": {"angle": 22.5, "axis": "y", "origin": [8, 7.58594, 9.65625]},
			"faces": {
				"south": {"uv": [6, 8, 6.125, 8.125], "texture": "#1_3"},
				"west": {"uv": [8, 6, 8.125, 6.125], "texture": "#1_3"},
				"up": {"uv": [6.625, 8.125, 6.5, 8], "texture": "#1_3"},
				"down": {"uv": [8.125, 6.5, 8, 6.625], "texture": "#1_3"}
			}
		},
		{
			"name": "octagon",
			"from": [8.29498, 7.46094, 9.98608],
			"to": [8.39669, 7.71094, 10.23608],
			"rotation": {"angle": 0, "axis": "y", "origin": [8.21145, 7.58594, 10.16674]},
			"faces": {
				"east": {"uv": [7, 8, 7.125, 8.125], "texture": "#1_3"},
				"up": {"uv": [8.125, 7.125, 8, 7], "texture": "#1_3"},
				"down": {"uv": [7.625, 8, 7.5, 8.125], "texture": "#1_3"}
			}
		},
		{
			"name": "octagon",
			"from": [8.03079, 7.46094, 10.25027],
			"to": [8.28079, 7.71094, 10.35198],
			"rotation": {"angle": -45, "axis": "y", "origin": [8.21145, 7.58594, 10.16674]},
			"faces": {
				"south": {"uv": [8, 7.5, 8.125, 7.625], "texture": "#1_3"},
				"up": {"uv": [8.125, 8.125, 8, 8], "texture": "#1_3"},
				"down": {"uv": [0.625, 8.25, 0.5, 8.375], "texture": "#1_3"}
			}
		},
		{
			"name": "octagon",
			"from": [7.5, 7.46094, 9.44914],
			"to": [8.5, 7.71094, 9.86336],
			"rotation": {"angle": -22.5, "axis": "y", "origin": [8, 7.58594, 9.65625]},
			"faces": {
				"east": {"uv": [8.25, 0.5, 8.375, 0.625], "texture": "#1_3"},
				"west": {"uv": [8.25, 1, 8.375, 1.125], "texture": "#1_3"},
				"up": {"uv": [5, 5.625, 4.75, 5.5], "texture": "#1_3"},
				"down": {"uv": [5.5, 5.5, 5.25, 5.625], "texture": "#1_3"}
			}
		},
		{
			"from": [7.25, 7.08594, 6.65625],
			"to": [7.5625, 7.33594, 6.90625],
			"rotation": {"angle": 45, "axis": "x", "origin": [8, 7.27344, 6.84375]},
			"faces": {
				"north": {"uv": [8.25, 1.5, 8.375, 1.625], "texture": "#1_3"},
				"east": {"uv": [2.5, 8.25, 2.625, 8.375], "texture": "#1_3"},
				"south": {"uv": [8.25, 3, 8.375, 3.125], "texture": "#1_3"},
				"west": {"uv": [8.25, 3.5, 8.375, 3.625], "texture": "#1_3"},
				"up": {"uv": [8.375, 4.625, 8.25, 4.5], "texture": "#1_3"},
				"down": {"uv": [8.375, 5, 8.25, 5.125], "texture": "#1_3"}
			}
		},
		{
			"from": [7.25, 7.21094, 8.71875],
			"to": [7.5625, 7.46094, 8.96875],
			"rotation": {"angle": 45, "axis": "x", "origin": [8, 7.33594, 8.84375]},
			"faces": {
				"north": {"uv": [8.25, 5.5, 8.375, 5.625], "texture": "#1_3"},
				"east": {"uv": [0, 8.5, 0.125, 8.625], "texture": "#1_3"},
				"south": {"uv": [8.5, 0, 8.625, 0.125], "texture": "#1_3"},
				"west": {"uv": [1, 8.5, 1.125, 8.625], "texture": "#1_3"},
				"up": {"uv": [1.625, 8.625, 1.5, 8.5], "texture": "#1_3"},
				"down": {"uv": [2.125, 8.5, 2, 8.625], "texture": "#1_3"}
			}
		},
		{
			"from": [8.4375, 7.14844, 6.71875],
			"to": [8.71875, 7.27344, 6.84375],
			"rotation": {"angle": 45, "axis": "x", "origin": [8, 7.27344, 6.84375]},
			"faces": {
				"north": {"uv": [8.5, 2, 8.625, 2.125], "texture": "#1_3"},
				"east": {"uv": [8.5, 2.5, 8.625, 2.625], "texture": "#1_3"},
				"south": {"uv": [3, 8.5, 3.125, 8.625], "texture": "#1_3"},
				"west": {"uv": [3.5, 8.5, 3.625, 8.625], "texture": "#1_3"},
				"up": {"uv": [4.125, 8.625, 4, 8.5], "texture": "#1_3"},
				"down": {"uv": [8.625, 4, 8.5, 4.125], "texture": "#1_3"}
			}
		},
		{
			"from": [8.4375, 7.27344, 8.78125],
			"to": [8.71875, 7.39844, 8.90625],
			"rotation": {"angle": 45, "axis": "x", "origin": [8, 7.33594, 8.84375]},
			"faces": {
				"north": {"uv": [4.5, 8.5, 4.625, 8.625], "texture": "#1_3"},
				"east": {"uv": [5, 8.5, 5.125, 8.625], "texture": "#1_3"},
				"south": {"uv": [5.5, 8.5, 5.625, 8.625], "texture": "#1_3"},
				"west": {"uv": [6, 8.5, 6.125, 8.625], "texture": "#1_3"},
				"up": {"uv": [8.625, 6.125, 8.5, 6], "texture": "#1_3"},
				"down": {"uv": [6.625, 8.5, 6.5, 8.625], "texture": "#1_3"}
			}
		},
		{
			"from": [7.25, 7.96094, 8.90625],
			"to": [8.75, 8.14844, 9.09375],
			"rotation": {"angle": 45, "axis": "x", "origin": [8, 8.08594, 8.96875]},
			"faces": {
				"north": {"uv": [4.5, 3, 4.875, 3.125], "texture": "#1_3"},
				"east": {"uv": [8.5, 6.5, 8.625, 6.625], "texture": "#1_3"},
				"south": {"uv": [3.25, 4.5, 3.625, 4.625], "texture": "#1_3"},
				"west": {"uv": [7, 8.5, 7.125, 8.625], "texture": "#1_3"},
				"up": {"uv": [4.875, 3.625, 4.5, 3.5], "texture": "#1_3"},
				"down": {"uv": [4.375, 4.5, 4, 4.625], "texture": "#1_3"}
			}
		},
		{
			"from": [7.90625, 8.04175, 8.625],
			"to": [8.15625, 8.29175, 8.875],
			"rotation": {"angle": -45, "axis": "y", "origin": [8, 7.97925, 8.71875]},
			"faces": {
				"north": {"uv": [8.5, 7, 8.625, 7.125], "texture": "#1_3"},
				"east": {"uv": [7.5, 8.5, 7.625, 8.625], "texture": "#1_3"},
				"south": {"uv": [8.5, 7.5, 8.625, 7.625], "texture": "#1_3"},
				"west": {"uv": [8, 8.5, 8.125, 8.625], "texture": "#1_3"},
				"up": {"uv": [8.625, 8.125, 8.5, 8], "texture": "#1_3"},
				"down": {"uv": [8.625, 8.5, 8.5, 8.625], "texture": "#1_3"}
			}
		}
	],
	"display": {
		"thirdperson_righthand": {
			"translation": [0, 0.5, 0.75],
			"scale": [0.55, 0.55, 0.55]
		},
		"thirdperson_lefthand": {
			"translation": [0, 0.5, 0.75],
			"scale": [0.55, 0.55, 0.55]
		},
		"firstperson_righthand": {
			"translation": [-1, 3, 2.5]
		},
		"firstperson_lefthand": {
			"translation": [-1, 3, 2.5]
		},
		"ground": {
			"translation": [0, 3, 0],
			"scale": [0.55, 0.55, 0.55]
		},
		"gui": {
			"rotation": [30, -145, 0],
			"translation": [0, -0.5, 0],
			"scale": [4, 4, 4]
		},
		"fixed": {
			"rotation": [0, 90, 0],
			"translation": [0.75, 1, -1.5],
			"scale": [1.1, 1.1, 1.1]
		}
	},
	"groups": [
		{
			"name": "coyote_sight",
			"origin": [8, 8, 8],
			"color": 0,
			"children": [
				{
					"name": "coyote",
					"origin": [8, 8, 8],
					"color": 0,
					"children": [
						0,
						1,
						{
							"name": "body",
							"origin": [8, 8, 8],
							"color": 0,
							"children": [
								{
									"name": "group",
									"origin": [8, 7.9885, 7.87288],
									"color": 0,
									"children": [2, 3, 4, 5, 6, 7, 8, 9, 10, 11, 12, 13, 14, 15, 16, 17, 18, 19, 20, 21, 22, 23, 24, 25, 26, 27, 28, 29, 30, 31]
								},
								{
									"name": "octagon",
									"origin": [8, 8, 8],
									"color": 0,
									"children": [32, 33, 34, 35]
								}
							]
						},
						{
							"name": "base",
							"origin": [1, 0.25, 0],
							"color": 0,
							"children": [36, 37, 38, 39]
						},
						{
							"name": "group",
							"origin": [16.25, -0.375, 0.125],
							"color": 0,
							"children": [40, 41, 42, 43, 44, 45, 46, 47, 48, 49]
						},
						{
							"name": "knobs",
							"origin": [8, 8, 8],
							"color": 0,
							"children": [
								{
									"name": "octagon",
									"origin": [8, 8, 8],
									"color": 0,
									"children": [50, 51, 52, 53, 54, 55]
								},
								{
									"name": "octagon",
									"origin": [8, 8, 8],
									"color": 0,
									"children": [56, 57, 58, 59, 60, 61, 62, 63]
								}
							]
						},
						{
							"name": "screws",
							"origin": [8, 7.95581, 9.25],
							"color": 0,
							"children": [64, 65, 66, 67, 68, 69]
						}
					]
				}
			]
		}
	]
}