{"credit":"Made with Blockbench","textures":{"2":"tac:items/raythean","3":"tac:items/elcan_14_uv","particle":"tac:items/elcan_14_uv"},"elements":[{"from":[7.25,7,5.375],"to":[8.75,7.3125,6.625],"rotation":{"angle":0,"axis":"y","origin":[7.98047,8.69063,7.03125]},"faces":{"north":{"uv":[8,7.25,8.1875,7.3125],"texture":"#3","tintindex":0},"east":{"uv":[7.625,8,7.8125,8.0625],"texture":"#3","tintindex":0},"south":{"uv":[8,8,8.1875,8.0625],"texture":"#3","tintindex":0},"west":{"uv":[8.125,0,8.3125,0.0625],"texture":"#3","tintindex":0},"up":{"uv":[6.3125,6.1875,6.125,6],"texture":"#3","tintindex":0},"down":{"uv":[1.4375,6.25,1.25,6.4375],"texture":"#3","tintindex":0}}},{"from":[7.25,7.3125,5.03125],"to":[8.75,7.5625,9.625],"rotation":{"angle":0,"axis":"y","origin":[7.98047,8.69063,7.03125]},"faces":{"north":{"uv":[8.125,0.25,8.3125,0.3125],"texture":"#3","tintindex":0},"east":{"uv":[6.125,1.25,6.6875,1.3125],"texture":"#3","tintindex":0},"south":{"uv":[8.125,0.5,8.3125,0.5625],"texture":"#3","tintindex":0},"west":{"uv":[6.125,5.5,6.6875,5.5625],"texture":"#3","tintindex":0},"up":{"uv":[0.5625,1.5625,0.375,1],"texture":"#3","tintindex":0},"down":{"uv":[0.9375,1,0.75,1.5625],"texture":"#3","tintindex":0}}},{"from":[7.25,7,7.875],"to":[8.75,7.3125,8.875],"rotation":{"angle":0,"axis":"y","origin":[7.98047,8.69063,7.28125]},"faces":{"north":{"uv":[0.875,8.125,1.0625,8.1875],"texture":"#3","tintindex":0},"east":{"uv":[8.5,4.25,8.625,4.3125],"texture":"#3","tintindex":0},"south":{"uv":[8.125,1,8.3125,1.0625],"texture":"#3","tintindex":0},"west":{"uv":[8.5,4.5,8.625,4.5625],"texture":"#3","tintindex":0},"up":{"uv":[3.0625,6.875,2.875,6.75],"texture":"#3","tintindex":0},"down":{"uv":[6.9375,3.875,6.75,4],"texture":"#3","tintindex":0}}},{"from":[7.25,7.20791,7.68944],"to":[8.75,7.70791,7.93944],"rotation":{"angle":45,"axis":"x","origin":[7.98047,8.69063,7.03125]},"faces":{"north":{"uv":[1.25,8.125,1.4375,8.1875],"texture":"#3","tintindex":0},"east":{"uv":[4,9.625,4.0625,9.6875],"texture":"#3","tintindex":0},"south":{"uv":[1.625,8.125,1.8125,8.1875],"texture":"#3","tintindex":0},"west":{"uv":[9.625,4,9.6875,4.0625],"texture":"#3","tintindex":0},"up":{"uv":[2.4375,8.1875,2.25,8.125],"texture":"#3","tintindex":0},"down":{"uv":[2.8125,8.125,2.625,8.1875],"texture":"#3","tintindex":0}}},{"from":[7.25,7.07533,6.50564],"to":[8.75,7.57533,6.75564],"rotation":{"angle":-45,"axis":"x","origin":[7.98047,8.69063,7.28125]},"faces":{"north":{"uv":[8.125,3,8.3125,3.0625],"texture":"#3","tintindex":0},"east":{"uv":[4.25,9.625,4.3125,9.6875],"texture":"#3","tintindex":0},"south":{"uv":[3.5,8.125,3.6875,8.1875],"texture":"#3","tintindex":0},"west":{"uv":[4.5,9.625,4.5625,9.6875],"texture":"#3","tintindex":0},"up":{"uv":[4.0625,8.1875,3.875,8.125],"texture":"#3","tintindex":0},"down":{"uv":[4.4375,8.125,4.25,8.1875],"texture":"#3","tintindex":0}}},{"from":[7.25,8.44535,9.42688],"to":[8.75,8.94535,9.67688],"rotation":{"angle":45,"axis":"x","origin":[7.98047,8.69063,7.53125]},"faces":{"north":{"uv":[8.125,4.25,8.3125,4.3125],"texture":"#3","tintindex":0},"east":{"uv":[4.75,9.625,4.8125,9.6875],"texture":"#3","tintindex":0},"south":{"uv":[4.625,8.125,4.8125,8.1875],"texture":"#3","tintindex":0},"west":{"uv":[5,9.625,5.0625,9.6875],"texture":"#3","tintindex":0},"up":{"uv":[5.1875,8.1875,5,8.125],"texture":"#3","tintindex":0},"down":{"uv":[5.8125,8.125,5.625,8.1875],"texture":"#3","tintindex":0}}},{"from":[7.5,7.3125,9.625],"to":[8.5,7.5625,9.875],"rotation":{"angle":0,"axis":"y","origin":[7.98047,8.69063,7.53125]},"faces":{"north":{"uv":[8.5,4.75,8.625,4.8125],"texture":"#3","tintindex":0},"east":{"uv":[5.25,9.625,5.3125,9.6875],"texture":"#3","tintindex":0},"south":{"uv":[8.5,5,8.625,5.0625],"texture":"#3","tintindex":0},"west":{"uv":[5.5,9.625,5.5625,9.6875],"texture":"#3","tintindex":0},"up":{"uv":[8.625,5.3125,8.5,5.25],"texture":"#3","tintindex":0},"down":{"uv":[8.625,5.5,8.5,5.5625],"texture":"#3","tintindex":0}}},{"from":[6.69055,7.3125,9.3059],"to":[7.0441,7.5625,9.5559],"rotation":{"angle":45,"axis":"y","origin":[7.98047,8.69063,7.53125]},"faces":{"north":{"uv":[5.75,9.625,5.8125,9.6875],"texture":"#3","tintindex":0},"east":{"uv":[6,9.625,6.0625,9.6875],"texture":"#3","tintindex":0},"south":{"uv":[9.625,6,9.6875,6.0625],"texture":"#3","tintindex":0},"west":{"uv":[6.25,9.625,6.3125,9.6875],"texture":"#3","tintindex":0},"up":{"uv":[6.5625,9.6875,6.5,9.625],"texture":"#3","tintindex":0},"down":{"uv":[6.8125,9.625,6.75,9.6875],"texture":"#3","tintindex":0}}},{"from":[8.94445,7.3125,9.27827],"to":[9.29801,7.5625,9.52827],"rotation":{"angle":-45,"axis":"y","origin":[7.98047,8.69063,7.53125]},"faces":{"north":{"uv":[9.625,6.75,9.6875,6.8125],"texture":"#3","tintindex":0},"east":{"uv":[7,9.625,7.0625,9.6875],"texture":"#3","tintindex":0},"south":{"uv":[9.625,7,9.6875,7.0625],"texture":"#3","tintindex":0},"west":{"uv":[7.25,9.625,7.3125,9.6875],"texture":"#3","tintindex":0},"up":{"uv":[9.6875,7.3125,9.625,7.25],"texture":"#3","tintindex":0},"down":{"uv":[9.6875,7.5,9.625,7.5625],"texture":"#3","tintindex":0}}},{"from":[7.25,8.31276,4.51821],"to":[8.75,8.81276,4.76821],"rotation":{"angle":-45,"axis":"x","origin":[7.98047,8.69063,6.53125]},"faces":{"north":{"uv":[6,8.125,6.1875,8.1875],"texture":"#3","tintindex":0},"east":{"uv":[9.625,7.75,9.6875,7.8125],"texture":"#3","tintindex":0},"south":{"uv":[6.375,8.125,6.5625,8.1875],"texture":"#3","tintindex":0},"west":{"uv":[9.625,8,9.6875,8.0625],"texture":"#3","tintindex":0},"up":{"uv":[8.3125,6.6875,8.125,6.625],"texture":"#3","tintindex":0},"down":{"uv":[6.9375,8.125,6.75,8.1875],"texture":"#3","tintindex":0}}},{"from":[9.24713,9.10938,8.39063],"to":[9.24775,9.42188,10.39063],"rotation":{"angle":0,"axis":"y","origin":[7.97559,9.11328,6.94531]},"faces":{"north":{"uv":[0.25,2.5,0.25,2.5625],"texture":"#2"},"east":{"uv":[0,6.78125,16,9.28125],"texture":"#2"},"south":{"uv":[0.25,2.75,0.25,2.8125],"texture":"#2"},"west":{"uv":[7.375,1.875,7.625,1.9375],"texture":"#2"},"up":{"uv":[0.25,3.25,0.25,3],"texture":"#2"},"down":{"uv":[1.25,3.5,1.25,3.75],"texture":"#2"}}},{"from":[8.70313,7.3125,3.3125],"to":[9.17188,7.9375,3.625],"rotation":{"angle":0,"axis":"y","origin":[7.97559,9.03516,6.94531]},"faces":{"north":{"uv":[8.5,5.75,8.5625,5.8125],"texture":"#3","tintindex":0},"east":{"uv":[8.5,6.25,8.5625,6.3125],"texture":"#3","tintindex":0},"south":{"uv":[8.5,6.5,8.5625,6.5625],"texture":"#3","tintindex":0},"west":{"uv":[7.5,8.5,7.5625,8.5625],"texture":"#3","tintindex":0},"up":{"uv":[7.8125,8.5625,7.75,8.5],"texture":"#3","tintindex":0},"down":{"uv":[8.0625,8.5,8,8.5625],"texture":"#3","tintindex":0}}},{"from":[8.70313,7.3125,3.625],"to":[9.17188,8.25,5.03125],"rotation":{"angle":0,"axis":"y","origin":[7.97559,9.03516,6.94531]},"faces":{"north":{"uv":[7.125,8.125,7.1875,8.25],"texture":"#3","tintindex":0},"east":{"uv":[6.375,0.5,6.5625,0.625],"texture":"#3","tintindex":0},"south":{"uv":[7.375,8.125,7.4375,8.25],"texture":"#3","tintindex":0},"west":{"uv":[6.375,0.75,6.5625,0.875],"texture":"#3","tintindex":0},"up":{"uv":[7.4375,5.0625,7.375,4.875],"texture":"#3","tintindex":0},"down":{"uv":[5.1875,7.375,5.125,7.5625],"texture":"#3","tintindex":0}}},{"from":[8.70313,5.69021,5.15269],"to":[9.17188,6.13215,5.46519],"rotation":{"angle":45,"axis":"x","origin":[7.97559,9.03516,6.94531]},"faces":{"north":{"uv":[0.5,8.625,0.5625,8.6875],"texture":"#3","tintindex":0},"east":{"uv":[0.75,8.625,0.8125,8.6875],"texture":"#3","tintindex":0},"south":{"uv":[1,8.625,1.0625,8.6875],"texture":"#3","tintindex":0},"west":{"uv":[1.25,8.625,1.3125,8.6875],"texture":"#3","tintindex":0},"up":{"uv":[8.6875,1.3125,8.625,1.25],"texture":"#3","tintindex":0},"down":{"uv":[1.5625,8.625,1.5,8.6875],"texture":"#3","tintindex":0}}},{"from":[6.82813,7.3125,3.3125],"to":[7.29688,7.9375,3.625],"rotation":{"angle":0,"axis":"y","origin":[7.97559,9.03516,6.94531]},"faces":{"north":{"uv":[9.5,9.25,9.5625,9.3125],"texture":"#3","tintindex":0},"east":{"uv":[9.5,9.5,9.5625,9.5625],"texture":"#3","tintindex":0},"south":{"uv":[0.5,9.625,0.5625,9.6875],"texture":"#3","tintindex":0},"west":{"uv":[0.75,9.625,0.8125,9.6875],"texture":"#3","tintindex":0},"up":{"uv":[1.0625,9.6875,1,9.625],"texture":"#3","tintindex":0},"down":{"uv":[1.3125,9.625,1.25,9.6875],"texture":"#3","tintindex":0}}},{"from":[6.82813,7.3125,3.625],"to":[7.29688,8.25,5.03125],"rotation":{"angle":0,"axis":"y","origin":[7.97559,9.03516,6.94531]},"faces":{"north":{"uv":[0,8.5,0.0625,8.625],"texture":"#3","tintindex":0},"east":{"uv":[6.625,5.25,6.8125,5.375],"texture":"#3","tintindex":0},"south":{"uv":[8.5,0,8.5625,0.125],"texture":"#3","tintindex":0},"west":{"uv":[6.625,5.75,6.8125,5.875],"texture":"#3","tintindex":0},"up":{"uv":[8.0625,5.0625,8,4.875],"texture":"#3","tintindex":0},"down":{"uv":[5.4375,8,5.375,8.1875],"texture":"#3","tintindex":0}}},{"from":[6.82813,5.69021,5.15269],"to":[7.29688,6.13215,5.46519],"rotation":{"angle":45,"axis":"x","origin":[7.97559,9.03516,6.94531]},"faces":{"north":{"uv":[9.5,8.5,9.5625,8.5625],"texture":"#3","tintindex":0},"east":{"uv":[8.75,9.5,8.8125,9.5625],"texture":"#3","tintindex":0},"south":{"uv":[9.5,8.75,9.5625,8.8125],"texture":"#3","tintindex":0},"west":{"uv":[9,9.5,9.0625,9.5625],"texture":"#3","tintindex":0},"up":{"uv":[9.5625,9.0625,9.5,9],"texture":"#3","tintindex":0},"down":{"uv":[9.3125,9.5,9.25,9.5625],"texture":"#3","tintindex":0}}},{"from":[7.29688,7.3125,3.54688],"to":[8.70313,8.09375,5.03125],"rotation":{"angle":0,"axis":"y","origin":[7.97559,9.03516,6.94531]},"faces":{"north":{"uv":[6.75,0,6.9375,0.125],"texture":"#3","tintindex":0},"east":{"uv":[6.75,0.25,6.9375,0.375],"texture":"#3","tintindex":0},"south":{"uv":[6.75,0.5,6.9375,0.625],"texture":"#3","tintindex":0},"west":{"uv":[6.75,0.75,6.9375,0.875],"texture":"#3","tintindex":0},"up":{"uv":[6.1875,3.4375,6,3.25],"texture":"#3","tintindex":0},"down":{"uv":[6.3125,3.625,6.125,3.8125],"texture":"#3","tintindex":0}}},{"from":[6.82813,6.50937,5.52991],"to":[7.0625,6.97812,5.84241],"rotation":{"angle":45,"axis":"x","origin":[7.97559,9.03516,6.94531]},"faces":{"north":{"uv":[8.625,1.5,8.6875,1.5625],"texture":"#3","tintindex":0},"east":{"uv":[1.75,8.625,1.8125,8.6875],"texture":"#3","tintindex":0},"south":{"uv":[8.625,1.75,8.6875,1.8125],"texture":"#3","tintindex":0},"west":{"uv":[8.625,2,8.6875,2.0625],"texture":"#3","tintindex":0},"up":{"uv":[2.3125,8.6875,2.25,8.625],"texture":"#3","tintindex":0},"down":{"uv":[8.6875,2.25,8.625,2.3125],"texture":"#3","tintindex":0}}},{"from":[6.82813,8.18853,4.5625],"to":[7.0625,9.75103,6.92578],"rotation":{"angle":0,"axis":"y","origin":[7.97559,9.03516,6.94531]},"faces":{"north":{"uv":[7.375,5.25,7.4375,5.4375],"texture":"#3","tintindex":0},"east":{"uv":[0.375,2,0.6875,2.1875],"texture":"#3","tintindex":0},"south":{"uv":[5.75,7.375,5.8125,7.5625],"texture":"#3","tintindex":0},"west":{"uv":[0.875,2,1.1875,2.1875],"texture":"#3","tintindex":0},"up":{"uv":[0.3125,7.0625,0.25,6.75],"texture":"#3","tintindex":0},"down":{"uv":[2.4375,6.75,2.375,7.0625],"texture":"#3","tintindex":0}}},{"from":[6.59375,8.01563,5.5],"to":[9.40625,8.32813,7.6875],"rotation":{"angle":0,"axis":"y","origin":[7.97559,9.03516,6.94531]},"faces":{"north":{"uv":[6.375,1,6.75,1.0625],"texture":"#3","tintindex":0},"east":{"uv":[5,6.75,5.25,6.8125],"texture":"#3","tintindex":0},"south":{"uv":[6.375,1.5,6.75,1.5625],"texture":"#3","tintindex":0},"west":{"uv":[7,1.75,7.25,1.8125],"texture":"#3","tintindex":0},"up":{"uv":[1.5,0.75,1.125,0.5],"texture":"#3","tintindex":0},"down":{"uv":[1.5,0.875,1.125,1.125],"texture":"#3","tintindex":0}}},{"from":[8.9375,8.18853,4.5625],"to":[9.17187,9.75103,6.92578],"rotation":{"angle":0,"axis":"y","origin":[7.97559,9.03516,6.94531]},"faces":{"north":{"uv":[7.375,6.375,7.4375,6.5625],"texture":"#3","tintindex":0},"east":{"uv":[4.125,2.25,4.4375,2.4375],"texture":"#3","tintindex":0},"south":{"uv":[7.375,7.25,7.4375,7.4375],"texture":"#3","tintindex":0},"west":{"uv":[2.625,4.125,2.9375,4.3125],"texture":"#3","tintindex":0},"up":{"uv":[3.3125,7.0625,3.25,6.75],"texture":"#3","tintindex":0},"down":{"uv":[4.0625,6.75,4,7.0625],"texture":"#3","tintindex":0}}},{"from":[8.9375,6.50937,5.52991],"to":[9.17188,6.97812,5.84241],"rotation":{"angle":45,"axis":"x","origin":[7.97559,9.03516,6.94531]},"faces":{"north":{"uv":[8.75,3.75,8.8125,3.8125],"texture":"#3","tintindex":0},"east":{"uv":[8.75,4.25,8.8125,4.3125],"texture":"#3","tintindex":0},"south":{"uv":[8.75,4.5,8.8125,4.5625],"texture":"#3","tintindex":0},"west":{"uv":[8.75,4.75,8.8125,4.8125],"texture":"#3","tintindex":0},"up":{"uv":[8.8125,5.0625,8.75,5],"texture":"#3","tintindex":0},"down":{"uv":[8.8125,5.25,8.75,5.3125],"texture":"#3","tintindex":0}}},{"from":[8.9375,6.71115,5.21118],"to":[9.17188,7.72677,5.83618],"rotation":{"angle":22.5,"axis":"x","origin":[7.97559,9.03516,6.94531]},"faces":{"north":{"uv":[3.25,8.5,3.3125,8.625],"texture":"#3","tintindex":0},"east":{"uv":[8.5,3.25,8.5625,3.375],"texture":"#3","tintindex":0},"south":{"uv":[8.5,3.5,8.5625,3.625],"texture":"#3","tintindex":0},"west":{"uv":[8.5,3.75,8.5625,3.875],"texture":"#3","tintindex":0},"up":{"uv":[3.5625,9.6875,3.5,9.625],"texture":"#3","tintindex":0},"down":{"uv":[3.8125,9.625,3.75,9.6875],"texture":"#3","tintindex":0}}},{"from":[6.82813,6.71115,5.21118],"to":[7.0625,7.72677,5.83618],"rotation":{"angle":22.5,"axis":"x","origin":[7.97559,9.03516,6.94531]},"faces":{"north":{"uv":[8.5,1,8.5625,1.125],"texture":"#3","tintindex":0},"east":{"uv":[2,8.5,2.0625,8.625],"texture":"#3","tintindex":0},"south":{"uv":[3,8.5,3.0625,8.625],"texture":"#3","tintindex":0},"west":{"uv":[8.5,3,8.5625,3.125],"texture":"#3","tintindex":0},"up":{"uv":[2.8125,9.6875,2.75,9.625],"texture":"#3","tintindex":0},"down":{"uv":[9.6875,2.75,9.625,2.8125],"texture":"#3","tintindex":0}}},{"from":[6.82813,9.43853,4.09375],"to":[7.0625,9.75103,4.5625],"rotation":{"angle":0,"axis":"y","origin":[7.97559,9.03516,6.94531]},"faces":{"north":{"uv":[8.75,5.5,8.8125,5.5625],"texture":"#3","tintindex":0},"east":{"uv":[8.75,5.75,8.8125,5.8125],"texture":"#3","tintindex":0},"south":{"uv":[8.75,6.25,8.8125,6.3125],"texture":"#3","tintindex":0},"west":{"uv":[8.75,6.5,8.8125,6.5625],"texture":"#3","tintindex":0},"up":{"uv":[7.5625,8.8125,7.5,8.75],"texture":"#3","tintindex":0},"down":{"uv":[7.8125,8.75,7.75,8.8125],"texture":"#3","tintindex":0}}},{"from":[8.9375,9.43853,4.09375],"to":[9.17187,9.75103,4.5625],"rotation":{"angle":0,"axis":"y","origin":[7.97559,9.03516,6.94531]},"faces":{"north":{"uv":[8,8.75,8.0625,8.8125],"texture":"#3","tintindex":0},"east":{"uv":[8.75,8.5,8.8125,8.5625],"texture":"#3","tintindex":0},"south":{"uv":[8.75,8.75,8.8125,8.8125],"texture":"#3","tintindex":0},"west":{"uv":[0.5,8.875,0.5625,8.9375],"texture":"#3","tintindex":0},"up":{"uv":[0.8125,8.9375,0.75,8.875],"texture":"#3","tintindex":0},"down":{"uv":[1.0625,8.875,1,8.9375],"texture":"#3","tintindex":0}}},{"from":[6.82813,9.40532,4.46518],"to":[7.0625,10.49907,4.93393],"rotation":{"angle":-22.5,"axis":"x","origin":[7.97559,9.03516,6.94531]},"faces":{"north":{"uv":[8.125,7.5,8.1875,7.625],"texture":"#3","tintindex":0},"east":{"uv":[8.125,7.75,8.1875,7.875],"texture":"#3","tintindex":0},"south":{"uv":[0,8.25,0.0625,8.375],"texture":"#3","tintindex":0},"west":{"uv":[0.25,8.25,0.3125,8.375],"texture":"#3","tintindex":0},"up":{"uv":[1.3125,8.9375,1.25,8.875],"texture":"#3","tintindex":0},"down":{"uv":[8.9375,1.25,8.875,1.3125],"texture":"#3","tintindex":0}}},{"from":[8.9375,9.40532,4.46518],"to":[9.17187,10.49907,4.93393],"rotation":{"angle":-22.5,"axis":"x","origin":[7.97559,9.03516,6.94531]},"faces":{"north":{"uv":[8.25,0.75,8.3125,0.875],"texture":"#3","tintindex":0},"east":{"uv":[2,8.25,2.0625,8.375],"texture":"#3","tintindex":0},"south":{"uv":[3,8.25,3.0625,8.375],"texture":"#3","tintindex":0},"west":{"uv":[3.25,8.25,3.3125,8.375],"texture":"#3","tintindex":0},"up":{"uv":[1.5625,8.9375,1.5,8.875],"texture":"#3","tintindex":0},"down":{"uv":[8.9375,1.5,8.875,1.5625],"texture":"#3","tintindex":0}}},{"from":[7.08429,8.21998,5.5],"to":[7.31867,8.53248,7.6875],"rotation":{"angle":-22.5,"axis":"z","origin":[7.97559,9.03516,6.94531]},"faces":{"north":{"uv":[8.875,8,8.9375,8.0625],"texture":"#3","tintindex":0},"east":{"uv":[2,7,2.25,7.0625],"texture":"#3","tintindex":0},"south":{"uv":[8.25,8.875,8.3125,8.9375],"texture":"#3","tintindex":0},"west":{"uv":[7,2,7.25,2.0625],"texture":"#3","tintindex":0},"up":{"uv":[2.6875,7.25,2.625,7],"texture":"#3","tintindex":0},"down":{"uv":[2.9375,7,2.875,7.25],"texture":"#3","tintindex":0}}},{"from":[9.15234,8.64063,6.28125],"to":[9.40625,9.98828,6.90625],"rotation":{"angle":0,"axis":"y","origin":[7.97559,9.03516,6.94531]},"faces":{"north":{"uv":[0,7.5,0.0625,7.6875],"texture":"#3","tintindex":0},"east":{"uv":[7.5,0,7.5625,0.1875],"texture":"#3","tintindex":0},"south":{"uv":[7.5,0.375,7.5625,0.5625],"texture":"#3","tintindex":0},"west":{"uv":[1.625,7.5,1.6875,7.6875],"texture":"#3","tintindex":0},"up":{"uv":[8.9375,8.3125,8.875,8.25],"texture":"#3","tintindex":0},"down":{"uv":[8.5625,8.875,8.5,8.9375],"texture":"#3","tintindex":0}}},{"from":[9.04802,8.64063,6.36173],"to":[9.2824,9.98828,6.98673],"rotation":{"angle":-22.5,"axis":"y","origin":[7.97559,9.03516,6.94531]},"faces":{"north":{"uv":[1.875,7.5,1.9375,7.6875],"texture":"#3","tintindex":0},"east":{"uv":[2.125,7.5,2.1875,7.6875],"texture":"#3","tintindex":0},"south":{"uv":[7.5,2.125,7.5625,2.3125],"texture":"#3","tintindex":0},"west":{"uv":[2.375,7.5,2.4375,7.6875],"texture":"#3","tintindex":0},"up":{"uv":[0.0625,9.0625,0,9],"texture":"#3","tintindex":0},"down":{"uv":[9.0625,0,9,0.0625],"texture":"#3","tintindex":0}}},{"from":[9.3171,8.64063,6.25429],"to":[9.55147,9.98828,6.87929],"rotation":{"angle":22.5,"axis":"y","origin":[7.97559,9.03516,6.94531]},"faces":{"north":{"uv":[7.5,2.5,7.5625,2.6875],"texture":"#3","tintindex":0},"east":{"uv":[3,7.5,3.0625,7.6875],"texture":"#3","tintindex":0},"south":{"uv":[3.25,7.5,3.3125,7.6875],"texture":"#3","tintindex":0},"west":{"uv":[7.5,3.625,7.5625,3.8125],"texture":"#3","tintindex":0},"up":{"uv":[0.3125,9.0625,0.25,9],"texture":"#3","tintindex":0},"down":{"uv":[9.0625,0.25,9,0.3125],"texture":"#3","tintindex":0}}},{"from":[8.625,8.32813,5.5],"to":[9.40625,8.64063,7.6875],"rotation":{"angle":0,"axis":"y","origin":[7.97559,9.03516,6.94531]},"faces":{"north":{"uv":[8.25,3.25,8.375,3.3125],"texture":"#3","tintindex":0},"east":{"uv":[7,3.5,7.25,3.5625],"texture":"#3","tintindex":0},"south":{"uv":[8.25,3.5,8.375,3.5625],"texture":"#3","tintindex":0},"west":{"uv":[7,4.125,7.25,4.1875],"texture":"#3","tintindex":0},"up":{"uv":[1.75,6.5,1.625,6.25],"texture":"#3","tintindex":0},"down":{"uv":[2,6.25,1.875,6.5],"texture":"#3","tintindex":0}}},{"from":[8.91199,8.12317,5.5],"to":[9.14637,8.74817,7.6875],"rotation":{"angle":22.5,"axis":"z","origin":[7.97559,9.03516,6.94531]},"faces":{"north":{"uv":[9,0.5,9.0625,0.5625],"texture":"#3","tintindex":0},"east":{"uv":[4.25,7,4.5,7.0625],"texture":"#3","tintindex":0},"south":{"uv":[9,0.75,9.0625,0.8125],"texture":"#3","tintindex":0},"west":{"uv":[4.625,7,4.875,7.0625],"texture":"#3","tintindex":0},"up":{"uv":[5.0625,7.25,5,7],"texture":"#3","tintindex":0},"down":{"uv":[5.3125,7,5.25,7.25],"texture":"#3","tintindex":0}}},{"from":[8.67762,8.20129,5.5],"to":[8.91199,8.51379,7.6875],"rotation":{"angle":22.5,"axis":"z","origin":[7.97559,9.03516,6.94531]},"faces":{"north":{"uv":[9,1,9.0625,1.0625],"texture":"#3","tintindex":0},"east":{"uv":[7,5.25,7.25,5.3125],"texture":"#3","tintindex":0},"south":{"uv":[2,9,2.0625,9.0625],"texture":"#3","tintindex":0},"west":{"uv":[5.5,7,5.75,7.0625],"texture":"#3","tintindex":0},"up":{"uv":[7.0625,6,7,5.75],"texture":"#3","tintindex":0},"down":{"uv":[5.9375,7,5.875,7.25],"texture":"#3","tintindex":0}}},{"from":[8.54688,8.32813,7.92188],"to":[8.85938,8.64063,9.64063],"rotation":{"angle":0,"axis":"y","origin":[7.97559,9.03516,6.94531]},"faces":{"north":{"uv":[3,9,3.0625,9.0625],"texture":"#3","tintindex":0},"east":{"uv":[7.375,6.75,7.5625,6.8125],"texture":"#3","tintindex":0},"south":{"uv":[9,3,9.0625,3.0625],"texture":"#3","tintindex":0},"west":{"uv":[7.5,0.75,7.6875,0.8125],"texture":"#3","tintindex":0},"up":{"uv":[4.1875,7.6875,4.125,7.5],"texture":"#3","tintindex":0},"down":{"uv":[4.4375,7.5,4.375,7.6875],"texture":"#3","tintindex":0}}},{"from":[7.14063,8.01563,7.92188],"to":[8.85938,8.32813,9.64063],"rotation":{"angle":0,"axis":"y","origin":[7.97559,9.03516,6.94531]},"faces":{"north":{"uv":[7.5,5.625,7.6875,5.6875],"texture":"#3","tintindex":0},"east":{"uv":[7.5,5.875,7.6875,5.9375],"texture":"#3","tintindex":0},"south":{"uv":[6,7.5,6.1875,7.5625],"texture":"#3","tintindex":0},"west":{"uv":[7,7.5,7.1875,7.5625],"texture":"#3","tintindex":0},"up":{"uv":[3.8125,6.0625,3.625,5.875],"texture":"#3","tintindex":0},"down":{"uv":[6.0625,4.25,5.875,4.4375],"texture":"#3","tintindex":0}}},{"from":[7.14063,8.32813,7.92188],"to":[7.45313,8.64063,9.64063],"rotation":{"angle":0,"axis":"y","origin":[7.97559,9.03516,6.94531]},"faces":{"north":{"uv":[3.25,9,3.3125,9.0625],"texture":"#3","tintindex":0},"east":{"uv":[1,7.625,1.1875,7.6875],"texture":"#3","tintindex":0},"south":{"uv":[9,3.25,9.0625,3.3125],"texture":"#3","tintindex":0},"west":{"uv":[7.625,1.25,7.8125,1.3125],"texture":"#3","tintindex":0},"up":{"uv":[4.6875,7.6875,4.625,7.5],"texture":"#3","tintindex":0},"down":{"uv":[0.3125,7.625,0.25,7.8125],"texture":"#3","tintindex":0}}},{"from":[6.59375,8.64063,6.28125],"to":[6.84766,9.98828,6.90625],"rotation":{"angle":0,"axis":"y","origin":[7.97559,9.03516,6.94531]},"faces":{"north":{"uv":[7.75,1.875,7.8125,2.0625],"texture":"#3","tintindex":0},"east":{"uv":[7.75,2.25,7.8125,2.4375],"texture":"#3","tintindex":0},"south":{"uv":[7.75,2.625,7.8125,2.8125],"texture":"#3","tintindex":0},"west":{"uv":[3.5,7.75,3.5625,7.9375],"texture":"#3","tintindex":0},"up":{"uv":[9.0625,5.8125,9,5.75],"texture":"#3","tintindex":0},"down":{"uv":[9.0625,6.25,9,6.3125],"texture":"#3","tintindex":0}}},{"from":[6.71388,8.64063,6.38042],"to":[6.94826,9.98828,7.00542],"rotation":{"angle":22.5,"axis":"y","origin":[7.97559,9.03516,6.94531]},"faces":{"north":{"uv":[7.75,3.5,7.8125,3.6875],"texture":"#3","tintindex":0},"east":{"uv":[7.75,3.875,7.8125,4.0625],"texture":"#3","tintindex":0},"south":{"uv":[4.875,7.75,4.9375,7.9375],"texture":"#3","tintindex":0},"west":{"uv":[5.125,7.75,5.1875,7.9375],"texture":"#3","tintindex":0},"up":{"uv":[9.0625,6.5625,9,6.5],"texture":"#3","tintindex":0},"down":{"uv":[7.5625,9,7.5,9.0625],"texture":"#3","tintindex":0}}},{"from":[6.44481,8.64063,6.2356],"to":[6.67919,9.98828,6.8606],"rotation":{"angle":-22.5,"axis":"y","origin":[7.97559,9.03516,6.94531]},"faces":{"north":{"uv":[5.625,7.75,5.6875,7.9375],"texture":"#3","tintindex":0},"east":{"uv":[5.875,7.75,5.9375,7.9375],"texture":"#3","tintindex":0},"south":{"uv":[6.125,7.75,6.1875,7.9375],"texture":"#3","tintindex":0},"west":{"uv":[7,7.75,7.0625,7.9375],"texture":"#3","tintindex":0},"up":{"uv":[7.8125,9.0625,7.75,9],"texture":"#3","tintindex":0},"down":{"uv":[8.0625,9,8,9.0625],"texture":"#3","tintindex":0}}},{"from":[6.84992,8.14185,5.5],"to":[7.08429,8.76685,7.6875],"rotation":{"angle":-22.5,"axis":"z","origin":[7.97559,9.03516,6.94531]},"faces":{"north":{"uv":[9,8.5,9.0625,8.5625],"texture":"#3","tintindex":0},"east":{"uv":[0.875,7.125,1.125,7.1875],"texture":"#3","tintindex":0},"south":{"uv":[8.75,9,8.8125,9.0625],"texture":"#3","tintindex":0},"west":{"uv":[1.25,7.125,1.5,7.1875],"texture":"#3","tintindex":0},"up":{"uv":[0.0625,7.375,0,7.125],"texture":"#3","tintindex":0},"down":{"uv":[1.6875,7.125,1.625,7.375],"texture":"#3","tintindex":0}}},{"from":[6.59375,8.32813,5.5],"to":[7.45313,8.64063,7.6875],"rotation":{"angle":0,"axis":"y","origin":[7.97559,9.03516,6.94531]},"faces":{"north":{"uv":[8.375,4,8.5,4.0625],"texture":"#3","tintindex":0},"east":{"uv":[7.125,2.25,7.375,2.3125],"texture":"#3","tintindex":0},"south":{"uv":[4.25,8.375,4.375,8.4375],"texture":"#3","tintindex":0},"west":{"uv":[7.125,2.5,7.375,2.5625],"texture":"#3","tintindex":0},"up":{"uv":[5.75,6.5,5.625,6.25],"texture":"#3","tintindex":0},"down":{"uv":[0.375,6.375,0.25,6.625],"texture":"#3","tintindex":0}}},{"from":[8.85457,9.75391,5.70383],"to":[9.16707,9.98828,7.48367],"rotation":{"angle":0,"axis":"y","origin":[7.97559,9.03516,6.94531]},"faces":{"north":{"uv":[9.5,6.5,9.5625,6.5625],"texture":"#3","tintindex":0},"east":{"uv":[2.625,7.375,2.875,7.4375],"texture":"#3","tintindex":0},"south":{"uv":[7.5,9.5,7.5625,9.5625],"texture":"#3","tintindex":0},"west":{"uv":[7.375,3,7.625,3.0625],"texture":"#3","tintindex":0},"up":{"uv":[7.4375,3.5,7.375,3.25],"texture":"#3","tintindex":0},"down":{"uv":[3.5625,7.375,3.5,7.625],"texture":"#3","tintindex":0}}},{"from":[7.28465,10.19676,5.70383],"to":[7.7534,10.35301,7.48367],"rotation":{"angle":22.5,"axis":"z","origin":[7.97559,9.03516,6.94531]},"faces":{"north":{"uv":[7.75,9.5,7.8125,9.5625],"texture":"#3","tintindex":0},"east":{"uv":[7.375,4,7.625,4.0625],"texture":"#3","tintindex":0},"south":{"uv":[8,9.5,8.0625,9.5625],"texture":"#3","tintindex":0},"west":{"uv":[7.375,4.25,7.625,4.3125],"texture":"#3","tintindex":0},"up":{"uv":[7.4375,4.75,7.375,4.5],"texture":"#3","tintindex":0},"down":{"uv":[4.9375,7.375,4.875,7.625],"texture":"#3","tintindex":0}}},{"from":[6.83293,9.75391,5.70383],"to":[7.14543,9.98828,7.48367],"rotation":{"angle":0,"axis":"y","origin":[7.97559,9.03516,6.94531]},"faces":{"north":{"uv":[2.25,9.125,2.3125,9.1875],"texture":"#3","tintindex":0},"east":{"uv":[2.25,7.25,2.5,7.3125],"texture":"#3","tintindex":0},"south":{"uv":[9.125,2.25,9.1875,2.3125],"texture":"#3","tintindex":0},"west":{"uv":[3.125,7.25,3.375,7.3125],"texture":"#3","tintindex":0},"up":{"uv":[0.3125,7.5,0.25,7.25],"texture":"#3","tintindex":0},"down":{"uv":[3.9375,7.25,3.875,7.5],"texture":"#3","tintindex":0}}},{"from":[8.24288,10.21544,5.70383],"to":[8.71163,10.37169,7.48367],"rotation":{"angle":-22.5,"axis":"z","origin":[7.97559,9.03516,6.94531]},"faces":{"north":{"uv":[2.5,9.125,2.5625,9.1875],"texture":"#3","tintindex":0},"east":{"uv":[4.125,7.25,4.375,7.3125],"texture":"#3","tintindex":0},"south":{"uv":[9.125,2.5,9.1875,2.5625],"texture":"#3","tintindex":0},"west":{"uv":[4.5,7.25,4.75,7.3125],"texture":"#3","tintindex":0},"up":{"uv":[5.5625,7.5,5.5,7.25],"texture":"#3","tintindex":0},"down":{"uv":[7.3125,5.75,7.25,6],"texture":"#3","tintindex":0}}},{"from":[7.34448,8.04351,6.90625],"to":[8.31529,8.19976,11.5],"rotation":{"angle":-45,"axis":"z","origin":[7.97559,9.03516,6.94531]},"faces":{"north":{"uv":[7.625,8.25,7.75,8.3125],"texture":"#3","tintindex":0},"east":{"uv":[5.875,4.625,6.4375,4.6875],"texture":"#3","tintindex":0},"south":{"uv":[7.875,8.25,8,8.3125],"texture":"#3","tintindex":0},"west":{"uv":[5.875,4.875,6.4375,4.9375],"texture":"#3","tintindex":0},"up":{"uv":[1.25,1.8125,1.125,1.25],"texture":"#3","tintindex":0},"down":{"uv":[1.5,1.25,1.375,1.8125],"texture":"#3","tintindex":0}}},{"from":[7.51459,8.09375,6.90625],"to":[8.48541,8.25,11.5],"rotation":{"angle":0,"axis":"y","origin":[7.97559,9.03516,6.94531]},"faces":{"north":{"uv":[8.125,8.25,8.25,8.3125],"texture":"#3","tintindex":0},"east":{"uv":[5.875,5.75,6.4375,5.8125],"texture":"#3","tintindex":0},"south":{"uv":[0.5,8.375,0.625,8.4375],"texture":"#3","tintindex":0},"west":{"uv":[1.75,6,2.3125,6.0625],"texture":"#3","tintindex":0},"up":{"uv":[1.75,1.0625,1.625,0.5],"texture":"#3","tintindex":0},"down":{"uv":[1.75,1.25,1.625,1.8125],"texture":"#3","tintindex":0}}},{"from":[7.34448,10.23101,10.03125],"to":[8.31529,10.38726,11.5],"rotation":{"angle":-45,"axis":"z","origin":[7.97559,9.03516,6.94531]},"faces":{"north":{"uv":[0.75,8.375,0.875,8.4375],"texture":"#3","tintindex":0},"east":{"uv":[7.75,0.25,7.9375,0.3125],"texture":"#3","tintindex":0},"south":{"uv":[1,8.375,1.125,8.4375],"texture":"#3","tintindex":0},"west":{"uv":[0.5,7.75,0.6875,7.8125],"texture":"#3","tintindex":0},"up":{"uv":[3.125,6.5625,3,6.375],"texture":"#3","tintindex":0},"down":{"uv":[3.375,6.375,3.25,6.5625],"texture":"#3","tintindex":0}}},{"from":[7.51459,10.28125,10.03125],"to":[8.48541,10.4375,11.5],"rotation":{"angle":0,"axis":"y","origin":[7.97559,9.03516,6.94531]},"faces":{"north":{"uv":[1.25,8.375,1.375,8.4375],"texture":"#3","tintindex":0},"east":{"uv":[7.75,0.5,7.9375,0.5625],"texture":"#3","tintindex":0},"south":{"uv":[8.375,1.25,8.5,1.3125],"texture":"#3","tintindex":0},"west":{"uv":[7.75,1,7.9375,1.0625],"texture":"#3","tintindex":0},"up":{"uv":[6.5,3.4375,6.375,3.25],"texture":"#3","tintindex":0},"down":{"uv":[6.25,6.375,6.125,6.5625],"texture":"#3","tintindex":0}}},{"from":[7.51459,10.1384,9.92076],"to":[8.48541,10.29465,10.15514],"rotation":{"angle":-45,"axis":"x","origin":[8,10.21653,9.92076]},"faces":{"north":{"uv":[0.25,8.5,0.375,8.5625],"texture":"#3","tintindex":0},"east":{"uv":[9.625,1.25,9.6875,1.3125],"texture":"#3","tintindex":0},"south":{"uv":[8.5,0.25,8.625,0.3125],"texture":"#3","tintindex":0},"west":{"uv":[1.5,9.625,1.5625,9.6875],"texture":"#3","tintindex":0},"up":{"uv":[8.625,0.5625,8.5,0.5],"texture":"#3","tintindex":0},"down":{"uv":[8.625,0.75,8.5,0.8125],"texture":"#3","tintindex":0}}},{"from":[8.84551,8.72998,6.90625],"to":[9.00176,9.70079,11.5],"rotation":{"angle":-45,"axis":"z","origin":[7.97559,9.03516,6.94531]},"faces":{"north":{"uv":[1.5,8.375,1.5625,8.5],"texture":"#3","tintindex":0},"east":{"uv":[0.375,1.75,0.9375,1.875],"texture":"#3","tintindex":0},"south":{"uv":[8.375,1.5,8.4375,1.625],"texture":"#3","tintindex":0},"west":{"uv":[1.875,0.5,2.4375,0.625],"texture":"#3","tintindex":0},"up":{"uv":[1.0625,6.4375,1,5.875],"texture":"#3","tintindex":0},"down":{"uv":[4.0625,6,4,6.5625],"texture":"#3","tintindex":0}}},{"from":[9.01563,8.78022,6.90625],"to":[9.17187,9.75103,11.5],"rotation":{"angle":0,"axis":"y","origin":[7.97559,9.03516,6.94531]},"faces":{"north":{"uv":[1.75,8.375,1.8125,8.5],"texture":"#3","tintindex":0},"east":{"uv":[1.875,0.75,2.4375,0.875],"texture":"#3","tintindex":0},"south":{"uv":[8.375,1.75,8.4375,1.875],"texture":"#3","tintindex":0},"west":{"uv":[1.875,1,2.4375,1.125],"texture":"#3","tintindex":0},"up":{"uv":[5.9375,6.5625,5.875,6],"texture":"#3","tintindex":0},"down":{"uv":[0.5625,6.125,0.5,6.6875],"texture":"#3","tintindex":0}}},{"from":[6.65801,8.72998,10.03125],"to":[6.81426,9.70079,11.5],"rotation":{"angle":-45,"axis":"z","origin":[7.97559,9.03516,6.94531]},"faces":{"north":{"uv":[8.375,2,8.4375,2.125],"texture":"#3","tintindex":0},"east":{"uv":[6.375,4,6.5625,4.125],"texture":"#3","tintindex":0},"south":{"uv":[2.25,8.375,2.3125,8.5],"texture":"#3","tintindex":0},"west":{"uv":[6.375,6.375,6.5625,6.5],"texture":"#3","tintindex":0},"up":{"uv":[1.4375,7.9375,1.375,7.75],"texture":"#3","tintindex":0},"down":{"uv":[7.8125,1.5,7.75,1.6875],"texture":"#3","tintindex":0}}},{"from":[6.82813,8.78022,6.90625],"to":[6.98438,9.75103,11.5],"rotation":{"angle":0,"axis":"y","origin":[7.97559,9.03516,6.94531]},"faces":{"north":{"uv":[8.375,2.25,8.4375,2.375],"texture":"#3","tintindex":0},"east":{"uv":[1.875,1.25,2.4375,1.375],"texture":"#3","tintindex":0},"south":{"uv":[2.5,8.375,2.5625,8.5],"texture":"#3","tintindex":0},"west":{"uv":[1.875,1.5,2.4375,1.625],"texture":"#3","tintindex":0},"up":{"uv":[6.1875,1.0625,6.125,0.5],"texture":"#3","tintindex":0},"down":{"uv":[0.8125,6.125,0.75,6.6875],"texture":"#3","tintindex":0}}},{"from":[7.06537,8.09375,4.875],"to":[8.93463,8.25,5.5],"rotation":{"angle":0,"axis":"y","origin":[7.97559,9.03516,6.94531]},"faces":{"north":{"uv":[7.125,2.75,7.375,2.8125],"texture":"#3","tintindex":0},"east":{"uv":[9.125,1.75,9.1875,1.8125],"texture":"#3","tintindex":0},"south":{"uv":[3.5,7.125,3.75,7.1875],"texture":"#3","tintindex":0},"west":{"uv":[9.125,2,9.1875,2.0625],"texture":"#3","tintindex":0},"up":{"uv":[7.375,3.8125,7.125,3.75],"texture":"#3","tintindex":0},"down":{"uv":[2.125,7.25,1.875,7.3125],"texture":"#3","tintindex":0}}},{"from":[7.34448,10.23101,4.09375],"to":[8.31529,10.38726,6.90625],"rotation":{"angle":-45,"axis":"z","origin":[7.97559,9.03516,6.94531]},"faces":{"north":{"uv":[8.375,2.5,8.5,2.5625],"texture":"#3","tintindex":0},"east":{"uv":[6.5,1.75,6.875,1.8125],"texture":"#3","tintindex":0},"south":{"uv":[2.75,8.375,2.875,8.4375],"texture":"#3","tintindex":0},"west":{"uv":[6.5,2,6.875,2.0625],"texture":"#3","tintindex":0},"up":{"uv":[5.875,3.625,5.75,3.25],"texture":"#3","tintindex":0},"down":{"uv":[5.5,5.75,5.375,6.125],"texture":"#3","tintindex":0}}},{"from":[7.51459,10.20313,4.09375],"to":[8.48541,10.4375,6.90625],"rotation":{"angle":0,"axis":"y","origin":[7.97559,9.03516,6.94531]},"faces":{"north":{"uv":[8.375,2.75,8.5,2.8125],"texture":"#3","tintindex":0},"east":{"uv":[2.125,6.5,2.5,6.5625],"texture":"#3","tintindex":0},"south":{"uv":[3.5,8.375,3.625,8.4375],"texture":"#3","tintindex":0},"west":{"uv":[6.5,3.625,6.875,3.6875],"texture":"#3","tintindex":0},"up":{"uv":[5.75,6.125,5.625,5.75],"texture":"#3","tintindex":0},"down":{"uv":[0.375,5.875,0.25,6.25],"texture":"#3","tintindex":0}}},{"from":[6.65801,8.72998,4.09375],"to":[6.81426,9.70079,6.90625],"rotation":{"angle":-45,"axis":"z","origin":[7.97559,9.03516,6.94531]},"faces":{"north":{"uv":[3.75,8.375,3.8125,8.5],"texture":"#3","tintindex":0},"east":{"uv":[0.5,5.875,0.875,6],"texture":"#3","tintindex":0},"south":{"uv":[4,8.375,4.0625,8.5],"texture":"#3","tintindex":0},"west":{"uv":[5.875,1.5,6.25,1.625],"texture":"#3","tintindex":0},"up":{"uv":[2.6875,6.875,2.625,6.5],"texture":"#3","tintindex":0},"down":{"uv":[4.5625,6.5,4.5,6.875],"texture":"#3","tintindex":0}}},{"from":[6.65801,8.72998,6.90625],"to":[6.81426,9.46642,10.03125],"rotation":{"angle":-45,"axis":"z","origin":[7.97559,9.03516,6.94531]},"faces":{"north":{"uv":[9,8.75,9.0625,8.8125],"texture":"#3","tintindex":0},"east":{"uv":[6.5,4.25,6.875,4.3125],"texture":"#3","tintindex":0},"south":{"uv":[9,9,9.0625,9.0625],"texture":"#3","tintindex":0},"west":{"uv":[6.5,6,6.875,6.0625],"texture":"#3","tintindex":0},"up":{"uv":[4.8125,6.875,4.75,6.5],"texture":"#3","tintindex":0},"down":{"uv":[1.0625,6.625,1,7],"texture":"#3","tintindex":0}}},{"from":[9.17144,8.69545,6.90625],"to":[9.32769,9.43189,10.03125],"rotation":{"angle":45,"axis":"z","origin":[7.97559,9.03516,6.94531]},"faces":{"north":{"uv":[0.5,9.125,0.5625,9.1875],"texture":"#3","tintindex":0},"east":{"uv":[1.25,6.625,1.625,6.6875],"texture":"#3","tintindex":0},"south":{"uv":[0.75,9.125,0.8125,9.1875],"texture":"#3","tintindex":0},"west":{"uv":[6.625,2.25,7,2.3125],"texture":"#3","tintindex":0},"up":{"uv":[1.8125,7,1.75,6.625],"texture":"#3","tintindex":0},"down":{"uv":[6.6875,3,6.625,3.375],"texture":"#3","tintindex":0}}},{"from":[7.34887,10.11552,6.90625],"to":[8.65113,10.27177,10.03125],"rotation":{"angle":0,"axis":"y","origin":[7.97559,9.03516,6.94531]},"faces":{"north":{"uv":[7.75,3,7.9375,3.0625],"texture":"#3","tintindex":0},"east":{"uv":[6.625,2.5,7,2.5625],"texture":"#3","tintindex":0},"south":{"uv":[7.75,4.25,7.9375,4.3125],"texture":"#3","tintindex":0},"west":{"uv":[3.5,6.625,3.875,6.6875],"texture":"#3","tintindex":0},"up":{"uv":[2.0625,2.125,1.875,1.75],"texture":"#3","tintindex":0},"down":{"uv":[0.1875,2,0,2.375],"texture":"#3","tintindex":0}}},{"from":[8.66045,8.07804,8.3125],"to":[8.8167,8.15616,10.5],"rotation":{"angle":45,"axis":"z","origin":[7.97559,9.03516,6.94531]},"faces":{"north":{"uv":[9.5,5.75,9.5625,5.8125],"texture":"#3","tintindex":0},"east":{"uv":[1,7.375,1.25,7.4375],"texture":"#3","tintindex":0},"south":{"uv":[9.5,6.25,9.5625,6.3125],"texture":"#3","tintindex":0},"west":{"uv":[7.375,1,7.625,1.0625],"texture":"#3","tintindex":0},"up":{"uv":[7.4375,1.5,7.375,1.25],"texture":"#3","tintindex":0},"down":{"uv":[1.4375,7.375,1.375,7.625],"texture":"#3","tintindex":0}}},{"from":[9.18051,8.51998,8.3125],"to":[9.25864,8.67623,10.5],"rotation":{"angle":45,"axis":"z","origin":[7.97559,9.03516,6.94531]},"faces":{"north":{"uv":[9.5,5.25,9.5625,5.3125],"texture":"#3","tintindex":0},"east":{"uv":[7,7.25,7.25,7.3125],"texture":"#3","tintindex":0},"south":{"uv":[9.5,5.5,9.5625,5.5625],"texture":"#3","tintindex":0},"west":{"uv":[7.25,7,7.5,7.0625],"texture":"#3","tintindex":0},"up":{"uv":[0.5625,7.625,0.5,7.375],"texture":"#3","tintindex":0},"down":{"uv":[0.8125,7.375,0.75,7.625],"texture":"#3","tintindex":0}}},{"from":[9.169,8.95313,8.3125],"to":[9.24713,9.57813,10.5],"rotation":{"angle":0,"axis":"y","origin":[7.97559,9.03516,6.94531]},"faces":{"north":{"uv":[9.5,4.75,9.5625,4.8125],"texture":"#3","tintindex":0},"east":{"uv":[6.125,7.25,6.375,7.3125],"texture":"#3","tintindex":0},"south":{"uv":[9.5,5,9.5625,5.0625],"texture":"#3","tintindex":0},"west":{"uv":[7.25,6.125,7.5,6.1875],"texture":"#3","tintindex":0},"up":{"uv":[6.5625,7.5,6.5,7.25],"texture":"#3","tintindex":0},"down":{"uv":[6.8125,7.25,6.75,7.5],"texture":"#3","tintindex":0}}},{"from":[7.88958,7.71875,8.23637],"to":[9.45208,8.09375,8.88358],"rotation":{"angle":-22.5,"axis":"y","origin":[7.97559,9.03516,6.94531]},"faces":{"north":{"uv":[2.625,7.625,2.8125,7.6875],"texture":"#3"},"east":{"uv":[9,3.5,9.0625,3.5625],"texture":"#3"},"south":{"uv":[7.625,3.25,7.8125,3.3125],"texture":"#3"},"west":{"uv":[9,3.75,9.0625,3.8125],"texture":"#3"},"up":{"uv":[3.9375,7.6875,3.75,7.625],"texture":"#3"},"down":{"uv":[7.8125,4.5,7.625,4.5625],"texture":"#3"}}},{"from":[7.00185,7.71875,7.79741],"to":[7.64906,8.09375,9.35991],"rotation":{"angle":22.5,"axis":"y","origin":[7.97559,9.03516,6.94531]},"faces":{"north":{"uv":[9,4.25,9.0625,4.3125],"texture":"#3"},"east":{"uv":[7.625,4.75,7.8125,4.8125],"texture":"#3"},"south":{"uv":[9,4.5,9.0625,4.5625],"texture":"#3"},"west":{"uv":[7.625,5,7.8125,5.0625],"texture":"#3"},"up":{"uv":[7.6875,5.4375,7.625,5.25],"texture":"#3"},"down":{"uv":[5.4375,7.625,5.375,7.8125],"texture":"#3"}}},{"from":[8.34722,7.71875,7.77873],"to":[8.99443,8.09375,9.34123],"rotation":{"angle":-22.5,"axis":"y","origin":[7.97559,9.03516,6.94531]},"faces":{"north":{"uv":[9,4.75,9.0625,4.8125],"texture":"#3"},"east":{"uv":[7.625,6.125,7.8125,6.1875],"texture":"#3"},"south":{"uv":[9,5,9.0625,5.0625],"texture":"#3"},"west":{"uv":[6.375,7.625,6.5625,7.6875],"texture":"#3"},"up":{"uv":[7.6875,6.5625,7.625,6.375],"texture":"#3"},"down":{"uv":[6.8125,7.625,6.75,7.8125],"texture":"#3"}}},{"from":[6.54421,7.71875,8.25506],"to":[8.10671,8.09375,8.90227],"rotation":{"angle":22.5,"axis":"y","origin":[7.97559,9.03516,6.94531]},"faces":{"north":{"uv":[7.625,7,7.8125,7.0625],"texture":"#3"},"east":{"uv":[9,5.25,9.0625,5.3125],"texture":"#3"},"south":{"uv":[7.625,7.25,7.8125,7.3125],"texture":"#3"},"west":{"uv":[9,5.5,9.0625,5.5625],"texture":"#3"},"up":{"uv":[7.5625,7.6875,7.375,7.625],"texture":"#3"},"down":{"uv":[7.9375,0,7.75,0.0625],"texture":"#3"}}},{"from":[7.73333,7.60156,8.17165],"to":[9.60833,7.75781,8.9483],"rotation":{"angle":-22.5,"axis":"y","origin":[7.97559,8.97266,6.94531]},"faces":{"north":{"uv":[6.125,7,6.375,7.0625],"texture":"#3"},"east":{"uv":[8.25,3.75,8.375,3.8125],"texture":"#3"},"south":{"uv":[6.5,7,6.75,7.0625],"texture":"#3"},"west":{"uv":[8.25,4.5,8.375,4.5625],"texture":"#3"},"up":{"uv":[2.375,6.375,2.125,6.25],"texture":"#3"},"down":{"uv":[6.5,3,6.25,3.125],"texture":"#3"}}},{"from":[6.93713,7.60156,7.64116],"to":[7.71378,7.75781,9.51616],"rotation":{"angle":22.5,"axis":"y","origin":[7.97559,8.97266,6.94531]},"faces":{"north":{"uv":[8.25,4.75,8.375,4.8125],"texture":"#3"},"east":{"uv":[6.875,7,7.125,7.0625],"texture":"#3"},"south":{"uv":[8.25,5,8.375,5.0625],"texture":"#3"},"west":{"uv":[7.125,0,7.375,0.0625],"texture":"#3"},"up":{"uv":[3.75,6.5,3.625,6.25],"texture":"#3"},"down":{"uv":[4.375,6.25,4.25,6.5],"texture":"#3"}}},{"from":[8.2825,7.60156,7.62248],"to":[9.05915,7.75781,9.49748],"rotation":{"angle":-22.5,"axis":"y","origin":[7.97559,8.97266,6.94531]},"faces":{"north":{"uv":[8.25,5.25,8.375,5.3125],"texture":"#3"},"east":{"uv":[7.125,0.25,7.375,0.3125],"texture":"#3"},"south":{"uv":[8.25,5.5,8.375,5.5625],"texture":"#3"},"west":{"uv":[0.5,7.125,0.75,7.1875],"texture":"#3"},"up":{"uv":[6.375,4.5,6.25,4.25],"texture":"#3"},"down":{"uv":[5.5,6.25,5.375,6.5],"texture":"#3"}}},{"from":[6.38796,7.60156,8.19034],"to":[8.26296,7.75781,8.96699],"rotation":{"angle":22.5,"axis":"y","origin":[7.97559,8.97266,6.94531]},"faces":{"north":{"uv":[7.125,0.5,7.375,0.5625],"texture":"#3"},"east":{"uv":[8.25,5.75,8.375,5.8125],"texture":"#3"},"south":{"uv":[7.125,0.75,7.375,0.8125],"texture":"#3"},"west":{"uv":[8.25,6.25,8.375,6.3125],"texture":"#3"},"up":{"uv":[6.625,0.125,6.375,0],"texture":"#3"},"down":{"uv":[6.625,0.25,6.375,0.375],"texture":"#3"}}},{"from":[7.08235,7.78125,6.28756],"to":[8.64485,8.01563,6.93477],"rotation":{"angle":-22.5,"axis":"y","origin":[7.97559,9.03516,6.94531]},"faces":{"north":{"uv":[7.75,6.75,7.9375,6.8125],"texture":"#3"},"east":{"uv":[2.75,9.125,2.8125,9.1875],"texture":"#3"},"south":{"uv":[7.75,7.5,7.9375,7.5625],"texture":"#3"},"west":{"uv":[9.125,2.75,9.1875,2.8125],"texture":"#3"},"up":{"uv":[7.9375,7.8125,7.75,7.75],"texture":"#3"},"down":{"uv":[8.0625,0.75,7.875,0.8125],"texture":"#3"}}},{"from":[7.80907,7.78125,5.8486],"to":[8.45628,8.01563,7.4111],"rotation":{"angle":22.5,"axis":"y","origin":[7.97559,9.03516,6.94531]},"faces":{"north":{"uv":[3.5,9.125,3.5625,9.1875],"texture":"#3"},"east":{"uv":[0.875,7.875,1.0625,7.9375],"texture":"#3"},"south":{"uv":[3.75,9.125,3.8125,9.1875],"texture":"#3"},"west":{"uv":[1.625,7.875,1.8125,7.9375],"texture":"#3"},"up":{"uv":[0.0625,8.0625,0,7.875],"texture":"#3"},"down":{"uv":[2.0625,7.875,2,8.0625],"texture":"#3"}}},{"from":[8.15221,7.78125,5.30773],"to":[8.33067,7.9375,6.01086],"rotation":{"angle":45,"axis":"y","origin":[7.97559,9.03516,6.94531]},"faces":{"north":{"uv":[4.75,9.125,4.8125,9.1875],"texture":"#3"},"east":{"uv":[5,9.125,5.0625,9.1875],"texture":"#3"},"south":{"uv":[5.25,9.125,5.3125,9.1875],"texture":"#3"},"west":{"uv":[5.5,9.125,5.5625,9.1875],"texture":"#3"},"up":{"uv":[5.8125,9.1875,5.75,9.125],"texture":"#3"},"down":{"uv":[6.0625,9.125,6,9.1875],"texture":"#3"}}},{"from":[6.6781,7.78125,5.53629],"to":[7.06873,7.9375,5.71475],"rotation":{"angle":0,"axis":"y","origin":[7.97559,9.03516,6.94531]},"faces":{"north":{"uv":[9.125,6,9.1875,6.0625],"texture":"#3"},"east":{"uv":[6.25,9.125,6.3125,9.1875],"texture":"#3"},"south":{"uv":[6.5,9.125,6.5625,9.1875],"texture":"#3"},"west":{"uv":[6.75,9.125,6.8125,9.1875],"texture":"#3"},"up":{"uv":[9.1875,6.8125,9.125,6.75],"texture":"#3"},"down":{"uv":[7.0625,9.125,7,9.1875],"texture":"#3"}}},{"from":[6.52185,7.54687,5.30191],"to":[6.83435,7.9375,5.94912],"rotation":{"angle":-22.5,"axis":"z","origin":[6.6781,7.74219,5.62552]},"faces":{"north":{"uv":[9.125,7,9.1875,7.0625],"texture":"#3"},"east":{"uv":[7.25,9.125,7.3125,9.1875],"texture":"#3"},"south":{"uv":[9.125,7.25,9.1875,7.3125],"texture":"#3"},"west":{"uv":[9.125,7.5,9.1875,7.5625],"texture":"#3"},"up":{"uv":[9.1875,7.8125,9.125,7.75],"texture":"#3"},"down":{"uv":[9.1875,8,9.125,8.0625],"texture":"#3"}}},{"from":[7.54,7.78125,5.82992],"to":[8.18721,8.01563,7.39242],"rotation":{"angle":-22.5,"axis":"y","origin":[7.97559,9.03516,6.94531]},"faces":{"north":{"uv":[4,9.125,4.0625,9.1875],"texture":"#3"},"east":{"uv":[2.25,7.875,2.4375,7.9375],"texture":"#3"},"south":{"uv":[9.125,4,9.1875,4.0625],"texture":"#3"},"west":{"uv":[2.625,7.875,2.8125,7.9375],"texture":"#3"},"up":{"uv":[3.0625,8.0625,3,7.875],"texture":"#3"},"down":{"uv":[3.3125,7.875,3.25,8.0625],"texture":"#3"}}},{"from":[7.35143,7.78125,6.30625],"to":[8.91393,8.01563,6.95346],"rotation":{"angle":22.5,"axis":"y","origin":[7.97559,9.03516,6.94531]},"faces":{"north":{"uv":[3.75,7.875,3.9375,7.9375],"texture":"#3"},"east":{"uv":[4.25,9.125,4.3125,9.1875],"texture":"#3"},"south":{"uv":[4.125,7.875,4.3125,7.9375],"texture":"#3"},"west":{"uv":[4.5,9.125,4.5625,9.1875],"texture":"#3"},"up":{"uv":[4.6875,7.9375,4.5,7.875],"texture":"#3"},"down":{"uv":[8.0625,5.25,7.875,5.3125],"texture":"#3"}}},{"from":[6.28125,7.37299,7.90125],"to":[7.14063,8.0202,9.46375],"rotation":{"angle":-45,"axis":"x","origin":[8.30151,8.97754,6.99414]},"faces":{"north":{"uv":[7,8.375,7.125,8.4375],"texture":"#3"},"east":{"uv":[8,1.75,8.1875,1.8125],"texture":"#3"},"south":{"uv":[8.375,7.125,8.5,7.1875],"texture":"#3"},"west":{"uv":[8,2,8.1875,2.0625],"texture":"#3"},"up":{"uv":[4.375,6.8125,4.25,6.625],"texture":"#3"},"down":{"uv":[6.75,4.5,6.625,4.6875],"texture":"#3"}}},{"from":[6.28125,8.94202,8.3125],"to":[7.14063,9.58923,9.875],"rotation":{"angle":0,"axis":"y","origin":[8.30151,8.97754,6.99414]},"faces":{"north":{"uv":[7.25,8.375,7.375,8.4375],"texture":"#3"},"east":{"uv":[8,2.25,8.1875,2.3125],"texture":"#3"},"south":{"uv":[8.375,7.375,8.5,7.4375],"texture":"#3"},"west":{"uv":[8,2.5,8.1875,2.5625],"texture":"#3"},"up":{"uv":[6.75,5.0625,6.625,4.875],"texture":"#3"},"down":{"uv":[5.5,6.625,5.375,6.8125],"texture":"#3"}}},{"from":[6.28125,6.91535,8.35889],"to":[7.14063,8.47785,9.0061],"rotation":{"angle":-45,"axis":"x","origin":[8.30151,8.97754,6.99414]},"faces":{"north":{"uv":[5.625,6.625,5.75,6.8125],"texture":"#3"},"east":{"uv":[0.625,8,0.6875,8.1875],"texture":"#3"},"south":{"uv":[6.375,6.625,6.5,6.8125],"texture":"#3"},"west":{"uv":[8,3.25,8.0625,3.4375],"texture":"#3"},"up":{"uv":[8.5,7.6875,8.375,7.625],"texture":"#3"},"down":{"uv":[8.5,7.875,8.375,7.9375],"texture":"#3"}}},{"from":[6.28125,8.48438,8.77015],"to":[7.14063,10.04688,9.41735],"rotation":{"angle":0,"axis":"y","origin":[8.30151,8.97754,6.99414]},"faces":{"north":{"uv":[6.625,6.625,6.75,6.8125],"texture":"#3"},"east":{"uv":[8,3.625,8.0625,3.8125],"texture":"#3"},"south":{"uv":[0,6.75,0.125,6.9375],"texture":"#3"},"west":{"uv":[8,4.5,8.0625,4.6875],"texture":"#3"},"up":{"uv":[8.5,8.1875,8.375,8.125],"texture":"#3"},"down":{"uv":[8.5,8.375,8.375,8.4375],"texture":"#3"}}},{"from":[6.75,7.57368,3.625],"to":[9.25,7.83257,4.25],"rotation":{"angle":45,"axis":"x","origin":[8,7.70313,3.9375]},"faces":{"north":{"uv":[5.875,6.75,6.1875,6.8125],"texture":"#3"},"east":{"uv":[9.625,1.5,9.6875,1.5625],"texture":"#3"},"south":{"uv":[6.75,6.25,7.0625,6.3125],"texture":"#3"},"west":{"uv":[1.75,9.625,1.8125,9.6875],"texture":"#3"}}},{"from":[6.75,7.57368,3.625],"to":[9.25,7.83257,4.25],"rotation":{"angle":0,"axis":"y","origin":[8,7.70313,3.9375]},"faces":{"north":{"uv":[1.25,6.875,1.5625,6.9375],"texture":"#3"},"east":{"uv":[9.625,1.75,9.6875,1.8125],"texture":"#3"},"south":{"uv":[6.875,1.25,7.1875,1.3125],"texture":"#3"},"west":{"uv":[9.625,2,9.6875,2.0625],"texture":"#3"}}},{"from":[6.75,7.39063,3.80806],"to":[9.25,8.01563,4.06694],"rotation":{"angle":45,"axis":"x","origin":[8,7.70313,3.9375]},"faces":{"east":{"uv":[2.25,9.625,2.3125,9.6875],"texture":"#3"},"west":{"uv":[9.625,2.25,9.6875,2.3125],"texture":"#3"},"up":{"uv":[7.1875,4.5625,6.875,4.5],"texture":"#3"},"down":{"uv":[7.1875,4.75,6.875,4.8125],"texture":"#3"}}},{"from":[6.75,7.39063,3.80806],"to":[9.25,8.01563,4.06694],"rotation":{"angle":0,"axis":"y","origin":[8,7.70313,3.9375]},"faces":{"east":{"uv":[2.5,9.625,2.5625,9.6875],"texture":"#3"},"west":{"uv":[9.625,2.5,9.6875,2.5625],"texture":"#3"},"up":{"uv":[7.1875,6.5625,6.875,6.5],"texture":"#3"},"down":{"uv":[7.1875,6.75,6.875,6.8125],"texture":"#3"}}},{"from":[7.375,10.28125,4.5625],"to":[8.625,10.51563,5.03125],"rotation":{"angle":0,"axis":"y","origin":[7.97559,9.03516,6.94531]},"faces":{"north":{"uv":[7.875,5.5,8.0625,5.5625],"texture":"#3"},"east":{"uv":[8.25,9.125,8.3125,9.1875],"texture":"#3"},"south":{"uv":[7.875,5.75,8.0625,5.8125],"texture":"#3"},"west":{"uv":[9.125,8.25,9.1875,8.3125],"texture":"#3"},"up":{"uv":[6.5625,7.9375,6.375,7.875],"texture":"#3"},"down":{"uv":[8.0625,6.375,7.875,6.4375],"texture":"#3"}}},{"from":[7.375,10.28125,10.53125],"to":[8.625,10.51563,11],"rotation":{"angle":0,"axis":"y","origin":[7.97559,9.03516,7.60156]},"faces":{"north":{"uv":[7.25,7.875,7.4375,7.9375],"texture":"#3"},"east":{"uv":[8.5,9.125,8.5625,9.1875],"texture":"#3"},"south":{"uv":[0.25,8,0.4375,8.0625],"texture":"#3"},"west":{"uv":[0,9.25,0.0625,9.3125],"texture":"#3"},"up":{"uv":[8.1875,1.3125,8,1.25],"texture":"#3"},"down":{"uv":[8.1875,1.5,8,1.5625],"texture":"#3"}}},{"from":[8.90774,9.68566,10.53125],"to":[9.14212,10.15441,11],"rotation":{"angle":22.5,"axis":"z","origin":[7.97559,9.03516,7.60156]},"faces":{"north":{"uv":[9.25,0,9.3125,0.0625],"texture":"#3"},"east":{"uv":[0.25,9.25,0.3125,9.3125],"texture":"#3"},"south":{"uv":[9.25,0.25,9.3125,0.3125],"texture":"#3"},"west":{"uv":[9.25,0.5,9.3125,0.5625],"texture":"#3"},"up":{"uv":[9.3125,0.8125,9.25,0.75],"texture":"#3"},"down":{"uv":[9.3125,1,9.25,1.0625],"texture":"#3"}}},{"from":[8.90774,9.68566,4.5625],"to":[9.14212,10.15441,5.03125],"rotation":{"angle":22.5,"axis":"z","origin":[7.97559,9.03516,6.94531]},"faces":{"north":{"uv":[2,9.25,2.0625,9.3125],"texture":"#3"},"east":{"uv":[3,9.25,3.0625,9.3125],"texture":"#3"},"south":{"uv":[9.25,3,9.3125,3.0625],"texture":"#3"},"west":{"uv":[3.25,9.25,3.3125,9.3125],"texture":"#3"},"up":{"uv":[9.3125,3.3125,9.25,3.25],"texture":"#3"},"down":{"uv":[9.3125,3.5,9.25,3.5625],"texture":"#3"}}},{"from":[6.85417,9.70435,4.5625],"to":[7.08854,10.1731,5.03125],"rotation":{"angle":-22.5,"axis":"z","origin":[7.97559,9.03516,6.94531]},"faces":{"north":{"uv":[9.25,3.75,9.3125,3.8125],"texture":"#3"},"east":{"uv":[9.25,4.25,9.3125,4.3125],"texture":"#3"},"south":{"uv":[9.25,4.5,9.3125,4.5625],"texture":"#3"},"west":{"uv":[9.25,4.75,9.3125,4.8125],"texture":"#3"},"up":{"uv":[9.3125,5.0625,9.25,5],"texture":"#3"},"down":{"uv":[9.3125,5.25,9.25,5.3125],"texture":"#3"}}},{"from":[6.85417,9.70435,10.53125],"to":[7.08854,10.1731,11],"rotation":{"angle":-22.5,"axis":"z","origin":[7.97559,9.03516,7.60156]},"faces":{"north":{"uv":[9.25,5.5,9.3125,5.5625],"texture":"#3"},"east":{"uv":[9.25,5.75,9.3125,5.8125],"texture":"#3"},"south":{"uv":[9.25,6.25,9.3125,6.3125],"texture":"#3"},"west":{"uv":[9.25,6.5,9.3125,6.5625],"texture":"#3"},"up":{"uv":[7.5625,9.3125,7.5,9.25],"texture":"#3"},"down":{"uv":[7.8125,9.25,7.75,9.3125],"texture":"#3"}}},{"from":[6.68319,9.79625,10.625],"to":[6.87735,10.09312,10.90625],"rotation":{"angle":-45,"axis":"z","origin":[7.97559,9.03516,7.60156]},"faces":{"north":{"uv":[8,9.25,8.0625,9.3125],"texture":"#3"},"east":{"uv":[9.25,8.5,9.3125,8.5625],"texture":"#3"},"south":{"uv":[8.75,9.25,8.8125,9.3125],"texture":"#3"},"west":{"uv":[9.25,8.75,9.3125,8.8125],"texture":"#3"},"up":{"uv":[9.0625,9.3125,9,9.25],"texture":"#3","tintindex":0},"down":{"uv":[9.3125,9,9.25,9.0625],"texture":"#3"}}},{"from":[7.90292,10.51563,10.625],"to":[8.09708,10.57813,10.90625],"rotation":{"angle":0,"axis":"y","origin":[7.97559,9.03516,7.60156]},"faces":{"north":{"uv":[9.25,9.25,9.3125,9.3125],"texture":"#3"},"east":{"uv":[0.5,9.375,0.5625,9.4375],"texture":"#3"},"south":{"uv":[0.75,9.375,0.8125,9.4375],"texture":"#3"},"west":{"uv":[1,9.375,1.0625,9.4375],"texture":"#3"},"up":{"uv":[1.3125,9.4375,1.25,9.375],"texture":"#3","tintindex":0},"down":{"uv":[9.4375,1.25,9.375,1.3125],"texture":"#3"}}},{"from":[6.68319,10.43687,10.625],"to":[6.87735,10.49937,10.90625],"rotation":{"angle":-45,"axis":"z","origin":[7.97559,9.03516,7.60156]},"faces":{"north":{"uv":[1.5,9.375,1.5625,9.4375],"texture":"#3"},"east":{"uv":[9.375,1.5,9.4375,1.5625],"texture":"#3"},"south":{"uv":[1.75,9.375,1.8125,9.4375],"texture":"#3"},"west":{"uv":[9.375,1.75,9.4375,1.8125],"texture":"#3"},"up":{"uv":[9.4375,2.0625,9.375,2],"texture":"#3"},"down":{"uv":[2.3125,9.375,2.25,9.4375],"texture":"#3","tintindex":0}}},{"from":[7.90292,10.92188,10.625],"to":[8.09708,10.98438,10.90625],"rotation":{"angle":0,"axis":"y","origin":[7.97559,9.03516,7.60156]},"faces":{"north":{"uv":[9.375,2.25,9.4375,2.3125],"texture":"#3"},"east":{"uv":[2.5,9.375,2.5625,9.4375],"texture":"#3"},"south":{"uv":[9.375,2.5,9.4375,2.5625],"texture":"#3"},"west":{"uv":[2.75,9.375,2.8125,9.4375],"texture":"#3"},"up":{"uv":[9.4375,2.8125,9.375,2.75],"texture":"#3"},"down":{"uv":[3.5625,9.375,3.5,9.4375],"texture":"#3","tintindex":0}}},{"from":[6.95215,10.16792,10.625],"to":[7.24902,10.36208,10.90625],"rotation":{"angle":-45,"axis":"z","origin":[7.97559,9.03516,7.60156]},"faces":{"north":{"uv":[3.75,9.375,3.8125,9.4375],"texture":"#3"},"east":{"uv":[4,9.375,4.0625,9.4375],"texture":"#3"},"south":{"uv":[9.375,4,9.4375,4.0625],"texture":"#3"},"west":{"uv":[4.25,9.375,4.3125,9.4375],"texture":"#3","tintindex":0},"up":{"uv":[4.5625,9.4375,4.5,9.375],"texture":"#3"},"down":{"uv":[4.8125,9.375,4.75,9.4375],"texture":"#3"}}},{"from":[8.17188,10.65292,10.625],"to":[8.23438,10.84708,10.90625],"rotation":{"angle":0,"axis":"y","origin":[7.97559,9.03516,7.60156]},"faces":{"north":{"uv":[5,9.375,5.0625,9.4375],"texture":"#3"},"east":{"uv":[5.25,9.375,5.3125,9.4375],"texture":"#3"},"south":{"uv":[5.5,9.375,5.5625,9.4375],"texture":"#3"},"west":{"uv":[5.75,9.375,5.8125,9.4375],"texture":"#3","tintindex":0},"up":{"uv":[6.0625,9.4375,6,9.375],"texture":"#3"},"down":{"uv":[9.4375,6,9.375,6.0625],"texture":"#3"}}},{"from":[6.5459,10.16792,10.625],"to":[6.6084,10.36208,10.90625],"rotation":{"angle":-45,"axis":"z","origin":[7.97559,9.03516,7.60156]},"faces":{"north":{"uv":[6.25,9.375,6.3125,9.4375],"texture":"#3"},"east":{"uv":[6.5,9.375,6.5625,9.4375],"texture":"#3","tintindex":0},"south":{"uv":[6.75,9.375,6.8125,9.4375],"texture":"#3"},"west":{"uv":[9.375,6.75,9.4375,6.8125],"texture":"#3"},"up":{"uv":[7.0625,9.4375,7,9.375],"texture":"#3"},"down":{"uv":[9.4375,7,9.375,7.0625],"texture":"#3"}}},{"from":[7.76563,10.65292,10.625],"to":[7.82813,10.84708,10.90625],"rotation":{"angle":0,"axis":"y","origin":[7.97559,9.03516,7.60156]},"faces":{"north":{"uv":[7.25,9.375,7.3125,9.4375],"texture":"#3"},"east":{"uv":[9.375,7.25,9.4375,7.3125],"texture":"#3","tintindex":0},"south":{"uv":[9.375,7.5,9.4375,7.5625],"texture":"#3"},"west":{"uv":[9.375,7.75,9.4375,7.8125],"texture":"#3"},"up":{"uv":[9.4375,8.0625,9.375,8],"texture":"#3"},"down":{"uv":[8.3125,9.375,8.25,9.4375],"texture":"#3"}}},{"from":[7.92188,10.51563,4.5625],"to":[8.07813,10.59375,5.03125],"rotation":{"angle":0,"axis":"y","origin":[7.97559,9.03516,6.94531]},"faces":{"north":{"uv":[9.375,8.25,9.4375,8.3125],"texture":"#3"},"east":{"uv":[8.5,9.375,8.5625,9.4375],"texture":"#3"},"south":{"uv":[0,9.5,0.0625,9.5625],"texture":"#3"},"west":{"uv":[9.5,0,9.5625,0.0625],"texture":"#3"},"up":{"uv":[0.3125,9.5625,0.25,9.5],"texture":"#3"},"down":{"uv":[9.5625,0.25,9.5,0.3125],"texture":"#3"}}},{"from":[7.96094,10.59375,4.79688],"to":[8.03906,10.75,4.95313],"rotation":{"angle":0,"axis":"y","origin":[7.97559,9.03516,6.94531]},"faces":{"north":{"uv":[9.5,0.5,9.5625,0.5625],"texture":"#3","tintindex":0},"east":{"uv":[9.5,0.75,9.5625,0.8125],"texture":"#3","tintindex":0},"south":{"uv":[9.5,1,9.5625,1.0625],"texture":"#3","tintindex":0},"west":{"uv":[2,9.5,2.0625,9.5625],"texture":"#3","tintindex":0},"up":{"uv":[3.0625,9.5625,3,9.5],"texture":"#3","tintindex":0},"down":{"uv":[9.5625,3,9.5,3.0625],"texture":"#3","tintindex":0}}},{"from":[7.96094,11.61066,6.40434],"to":[8.03906,11.76691,6.63872],"rotation":{"angle":-45,"axis":"x","origin":[7.97559,9.03516,6.94531]},"faces":{"north":{"uv":[3.25,9.5,3.3125,9.5625],"texture":"#3","tintindex":0},"east":{"uv":[9.5,3.25,9.5625,3.3125],"texture":"#3","tintindex":0},"south":{"uv":[9.5,3.5,9.5625,3.5625],"texture":"#3","tintindex":0},"west":{"uv":[9.5,3.75,9.5625,3.8125],"texture":"#3","tintindex":0},"up":{"uv":[9.5625,4.3125,9.5,4.25],"texture":"#3","tintindex":0},"down":{"uv":[9.5625,4.5,9.5,4.5625],"texture":"#3","tintindex":0}}},{"from":[7.93825,8.08711,3.78125],"to":[8.37338,8.24336,11.34375],"rotation":{"angle":45,"axis":"z","origin":[7.97559,9.03516,6.94531]},"faces":{"north":{"uv":[2.5,8.625,2.5625,8.6875],"texture":"#3","tintindex":0},"east":{"uv":[2.125,0,3.0625,0.0625],"texture":"#3","tintindex":0},"south":{"uv":[8.625,2.5,8.6875,2.5625],"texture":"#3","tintindex":0},"west":{"uv":[2.125,0.25,3.0625,0.3125],"texture":"#3","tintindex":0},"up":{"uv":[1.4375,2.9375,1.375,2],"texture":"#3","tintindex":0},"down":{"uv":[1.6875,2,1.625,2.9375],"texture":"#3","tintindex":0}}},{"from":[7.86878,8.14499,3.78125],"to":[8.3039,8.30124,11.34375],"rotation":{"angle":22.5,"axis":"z","origin":[7.97559,9.03516,6.94531]},"faces":{"north":{"uv":[2.75,8.625,2.8125,8.6875],"texture":"#3","tintindex":0},"east":{"uv":[2.25,1.75,3.1875,1.8125],"texture":"#3","tintindex":0},"south":{"uv":[8.625,2.75,8.6875,2.8125],"texture":"#3","tintindex":0},"west":{"uv":[1.875,2.25,2.8125,2.3125],"texture":"#3","tintindex":0},"up":{"uv":[0.4375,3.3125,0.375,2.375],"texture":"#3","tintindex":0},"down":{"uv":[0.6875,2.375,0.625,3.3125],"texture":"#3","tintindex":0}}},{"from":[7.78244,8.17188,3.78125],"to":[8.21756,8.32813,11.34375],"rotation":{"angle":0,"axis":"y","origin":[7.97559,9.03516,6.94531]},"faces":{"north":{"uv":[3.5,8.625,3.5625,8.6875],"texture":"#3","tintindex":0},"east":{"uv":[2.25,2,3.1875,2.0625],"texture":"#3","tintindex":0},"south":{"uv":[3.75,8.625,3.8125,8.6875],"texture":"#3","tintindex":0},"west":{"uv":[1.875,2.5,2.8125,2.5625],"texture":"#3","tintindex":0},"up":{"uv":[0.9375,3.3125,0.875,2.375],"texture":"#3","tintindex":0},"down":{"uv":[1.1875,2.375,1.125,3.3125],"texture":"#3","tintindex":0}}},{"from":[7.69238,8.16367,3.78125],"to":[8.12751,8.31992,11.34375],"rotation":{"angle":-22.5,"axis":"z","origin":[7.97559,9.03516,6.94531]},"faces":{"north":{"uv":[4,8.625,4.0625,8.6875],"texture":"#3","tintindex":0},"east":{"uv":[2.625,0.5,3.5625,0.5625],"texture":"#3","tintindex":0},"south":{"uv":[8.625,4,8.6875,4.0625],"texture":"#3","tintindex":0},"west":{"uv":[2.625,0.75,3.5625,0.8125],"texture":"#3","tintindex":0},"up":{"uv":[0.0625,3.4375,0,2.5],"texture":"#3","tintindex":0},"down":{"uv":[1.9375,2.75,1.875,3.6875],"texture":"#3","tintindex":0}}},{"from":[7.61232,8.12164,3.78125],"to":[8.04744,8.27789,11.34375],"rotation":{"angle":-45,"axis":"z","origin":[7.97559,9.03516,6.94531]},"faces":{"north":{"uv":[4.25,8.625,4.3125,8.6875],"texture":"#3","tintindex":0},"east":{"uv":[2.625,1,3.5625,1.0625],"texture":"#3","tintindex":0},"south":{"uv":[4.5,8.625,4.5625,8.6875],"texture":"#3","tintindex":0},"west":{"uv":[2.625,1.25,3.5625,1.3125],"texture":"#3","tintindex":0},"up":{"uv":[2.1875,3.6875,2.125,2.75],"texture":"#3","tintindex":0},"down":{"uv":[2.4375,2.75,2.375,3.6875],"texture":"#3","tintindex":0}}},{"from":[7.86878,10.17624,10.1875],"to":[8.3039,10.33249,11.34375],"rotation":{"angle":22.5,"axis":"z","origin":[7.97559,9.03516,6.94531]},"faces":{"north":{"uv":[9.125,1.5,9.1875,1.5625],"texture":"#3","tintindex":0},"east":{"uv":[6.25,8.375,6.375,8.4375],"texture":"#3","tintindex":0},"south":{"uv":[1.75,9.125,1.8125,9.1875],"texture":"#3","tintindex":0},"west":{"uv":[6.5,8.375,6.625,8.4375],"texture":"#3","tintindex":0},"up":{"uv":[6.8125,8.5,6.75,8.375],"texture":"#3","tintindex":0},"down":{"uv":[8.4375,6.875,8.375,7],"texture":"#3","tintindex":0}}},{"from":[7.78244,10.20313,10.1875],"to":[8.21756,10.35938,11.34375],"rotation":{"angle":0,"axis":"y","origin":[7.97559,9.03516,6.94531]},"faces":{"north":{"uv":[9.125,1.25,9.1875,1.3125],"texture":"#3","tintindex":0},"east":{"uv":[5.5,8.375,5.625,8.4375],"texture":"#3","tintindex":0},"south":{"uv":[1.5,9.125,1.5625,9.1875],"texture":"#3","tintindex":0},"west":{"uv":[5.75,8.375,5.875,8.4375],"texture":"#3","tintindex":0},"up":{"uv":[6.0625,8.5,6,8.375],"texture":"#3","tintindex":0},"down":{"uv":[8.4375,6,8.375,6.125],"texture":"#3","tintindex":0}}},{"from":[7.69238,10.19492,10.1875],"to":[8.12751,10.35117,11.34375],"rotation":{"angle":-22.5,"axis":"z","origin":[7.97559,9.03516,6.94531]},"faces":{"north":{"uv":[1,9.125,1.0625,9.1875],"texture":"#3","tintindex":0},"east":{"uv":[4.5,8.375,4.625,8.4375],"texture":"#3","tintindex":0},"south":{"uv":[1.25,9.125,1.3125,9.1875],"texture":"#3","tintindex":0},"west":{"uv":[4.75,8.375,4.875,8.4375],"texture":"#3","tintindex":0},"up":{"uv":[5.0625,8.5,5,8.375],"texture":"#3","tintindex":0},"down":{"uv":[5.3125,8.375,5.25,8.5],"texture":"#3","tintindex":0}}},{"from":[7.93825,10.11836,3.78125],"to":[8.37338,10.27461,11.34375],"rotation":{"angle":45,"axis":"z","origin":[7.97559,9.03516,6.94531]},"faces":{"north":{"uv":[4.75,8.625,4.8125,8.6875],"texture":"#3","tintindex":0},"east":{"uv":[2.625,1.5,3.5625,1.5625],"texture":"#3","tintindex":0},"south":{"uv":[5,8.625,5.0625,8.6875],"texture":"#3","tintindex":0},"west":{"uv":[2.625,2.75,3.5625,2.8125],"texture":"#3","tintindex":0},"up":{"uv":[2.6875,3.9375,2.625,3],"texture":"#3","tintindex":0},"down":{"uv":[2.9375,3,2.875,3.9375],"texture":"#3","tintindex":0}}},{"from":[7.86878,10.17624,3.78125],"to":[8.3039,10.33249,4.25],"rotation":{"angle":22.5,"axis":"z","origin":[7.97559,9.03516,6.94531]},"faces":{"north":{"uv":[5.25,8.625,5.3125,8.6875],"texture":"#3","tintindex":0},"east":{"uv":[5.5,8.625,5.5625,8.6875],"texture":"#3","tintindex":0},"south":{"uv":[5.75,8.625,5.8125,8.6875],"texture":"#3","tintindex":0},"west":{"uv":[6,8.625,6.0625,8.6875],"texture":"#3","tintindex":0},"up":{"uv":[8.6875,6.0625,8.625,6],"texture":"#3","tintindex":0},"down":{"uv":[6.3125,8.625,6.25,8.6875],"texture":"#3","tintindex":0}}},{"from":[7.78244,10.20313,3.78125],"to":[8.21756,10.35938,4.25],"rotation":{"angle":0,"axis":"y","origin":[7.97559,9.03516,6.94531]},"faces":{"north":{"uv":[6.5,8.625,6.5625,8.6875],"texture":"#3","tintindex":0},"east":{"uv":[6.75,8.625,6.8125,8.6875],"texture":"#3","tintindex":0},"south":{"uv":[8.625,6.75,8.6875,6.8125],"texture":"#3","tintindex":0},"west":{"uv":[7,8.625,7.0625,8.6875],"texture":"#3","tintindex":0},"up":{"uv":[8.6875,7.0625,8.625,7],"texture":"#3","tintindex":0},"down":{"uv":[7.3125,8.625,7.25,8.6875],"texture":"#3","tintindex":0}}},{"from":[7.69238,10.19492,3.78125],"to":[8.12751,10.35117,4.25],"rotation":{"angle":-22.5,"axis":"z","origin":[7.97559,9.03516,6.94531]},"faces":{"north":{"uv":[8.625,7.25,8.6875,7.3125],"texture":"#3","tintindex":0},"east":{"uv":[8.625,7.5,8.6875,7.5625],"texture":"#3","tintindex":0},"south":{"uv":[8.625,7.75,8.6875,7.8125],"texture":"#3","tintindex":0},"west":{"uv":[8.625,8,8.6875,8.0625],"texture":"#3","tintindex":0},"up":{"uv":[8.3125,8.6875,8.25,8.625],"texture":"#3","tintindex":0},"down":{"uv":[8.6875,8.25,8.625,8.3125],"texture":"#3","tintindex":0}}},{"from":[7.61232,10.15289,3.78125],"to":[8.04744,10.30914,11.34375],"rotation":{"angle":-45,"axis":"z","origin":[7.97559,9.03516,6.94531]},"faces":{"north":{"uv":[8.5,8.625,8.5625,8.6875],"texture":"#3","tintindex":0},"east":{"uv":[3,2.25,3.9375,2.3125],"texture":"#3","tintindex":0},"south":{"uv":[0,8.75,0.0625,8.8125],"texture":"#3","tintindex":0},"west":{"uv":[3,2.5,3.9375,2.5625],"texture":"#3","tintindex":0},"up":{"uv":[1.4375,4.0625,1.375,3.125],"texture":"#3","tintindex":0},"down":{"uv":[1.6875,3.125,1.625,4.0625],"texture":"#3","tintindex":0}}},{"from":[9.02384,9.02118,3.78125],"to":[9.18009,9.4563,11.34375],"rotation":{"angle":22.5,"axis":"z","origin":[7.97559,9.03516,6.94531]},"faces":{"north":{"uv":[8.75,0,8.8125,0.0625],"texture":"#3","tintindex":0},"east":{"uv":[3.125,3,4.0625,3.0625],"texture":"#3","tintindex":0},"south":{"uv":[0.25,8.75,0.3125,8.8125],"texture":"#3","tintindex":0},"west":{"uv":[3.25,0,4.1875,0.0625],"texture":"#3","tintindex":0},"up":{"uv":[3.1875,4.1875,3.125,3.25],"texture":"#3","tintindex":0},"down":{"uv":[3.4375,3.25,3.375,4.1875],"texture":"#3","tintindex":0}}},{"from":[8.9375,9.04806,3.78125],"to":[9.09375,9.48319,11.34375],"rotation":{"angle":0,"axis":"y","origin":[7.97559,9.03516,6.94531]},"faces":{"north":{"uv":[8.75,0.25,8.8125,0.3125],"texture":"#3","tintindex":0},"east":{"uv":[3.25,0.25,4.1875,0.3125],"texture":"#3","tintindex":0},"south":{"uv":[8.75,0.5,8.8125,0.5625],"texture":"#3","tintindex":0},"west":{"uv":[3.375,1.75,4.3125,1.8125],"texture":"#3","tintindex":0},"up":{"uv":[0.3125,4.4375,0.25,3.5],"texture":"#3","tintindex":0},"down":{"uv":[0.5625,3.5,0.5,4.4375],"texture":"#3","tintindex":0}}},{"from":[8.84745,9.03986,3.78125],"to":[9.0037,9.47498,11.34375],"rotation":{"angle":-22.5,"axis":"z","origin":[7.97559,9.03516,6.94531]},"faces":{"north":{"uv":[8.75,0.75,8.8125,0.8125],"texture":"#3","tintindex":0},"east":{"uv":[3.375,2,4.3125,2.0625],"texture":"#3","tintindex":0},"south":{"uv":[8.75,1,8.8125,1.0625],"texture":"#3","tintindex":0},"west":{"uv":[3.625,3.25,4.5625,3.3125],"texture":"#3","tintindex":0},"up":{"uv":[0.8125,4.4375,0.75,3.5],"texture":"#3","tintindex":0},"down":{"uv":[1.0625,3.5,1,4.4375],"texture":"#3","tintindex":0}}},{"from":[6.99259,9.02118,3.78125],"to":[7.14884,9.4563,11.34375],"rotation":{"angle":22.5,"axis":"z","origin":[7.97559,9.03516,6.94531]},"faces":{"north":{"uv":[2,8.75,2.0625,8.8125],"texture":"#3","tintindex":0},"east":{"uv":[3.625,3.5,4.5625,3.5625],"texture":"#3","tintindex":0},"south":{"uv":[3,8.75,3.0625,8.8125],"texture":"#3","tintindex":0},"west":{"uv":[3.75,0.5,4.6875,0.5625],"texture":"#3","tintindex":0},"up":{"uv":[0.0625,4.5625,0,3.625],"texture":"#3","tintindex":0},"down":{"uv":[3.6875,3.75,3.625,4.6875],"texture":"#3","tintindex":0}}},{"from":[6.90625,9.04806,3.78125],"to":[7.0625,9.48319,11.34375],"rotation":{"angle":0,"axis":"y","origin":[7.97559,9.03516,6.94531]},"faces":{"north":{"uv":[8.75,3,8.8125,3.0625],"texture":"#3","tintindex":0},"east":{"uv":[3.75,0.75,4.6875,0.8125],"texture":"#3","tintindex":0},"south":{"uv":[3.25,8.75,3.3125,8.8125],"texture":"#3","tintindex":0},"west":{"uv":[3.75,1,4.6875,1.0625],"texture":"#3","tintindex":0},"up":{"uv":[1.9375,4.8125,1.875,3.875],"texture":"#3","tintindex":0},"down":{"uv":[2.1875,3.875,2.125,4.8125],"texture":"#3","tintindex":0}}},{"from":[6.8162,9.03986,3.78125],"to":[6.97245,9.47498,11.34375],"rotation":{"angle":-22.5,"axis":"z","origin":[7.97559,9.03516,6.94531]},"faces":{"north":{"uv":[8.75,3.25,8.8125,3.3125],"texture":"#3","tintindex":0},"east":{"uv":[3.75,1.25,4.6875,1.3125],"texture":"#3","tintindex":0},"south":{"uv":[8.75,3.5,8.8125,3.5625],"texture":"#3","tintindex":0},"west":{"uv":[3.75,1.5,4.6875,1.5625],"texture":"#3","tintindex":0},"up":{"uv":[2.4375,4.8125,2.375,3.875],"texture":"#3","tintindex":0},"down":{"uv":[3.9375,3.75,3.875,4.6875],"texture":"#3","tintindex":0}}},{"from":[7.96933,8.24336,4.25],"to":[8.3423,8.35273,11.1875],"rotation":{"angle":45,"axis":"z","origin":[7.97559,9.03516,6.94531]},"faces":{"north":{"uv":[1.75,8.875,1.8125,8.9375],"texture":"#3","tintindex":0},"east":{"uv":[3.75,2.75,4.625,2.8125],"texture":"#3","tintindex":0},"south":{"uv":[8.875,1.75,8.9375,1.8125],"texture":"#3","tintindex":0},"west":{"uv":[4.125,3.75,5,3.8125],"texture":"#3","tintindex":0},"up":{"uv":[4.1875,4.875,4.125,4],"texture":"#3","tintindex":0},"down":{"uv":[1.3125,4.25,1.25,5.125],"texture":"#3","tintindex":0}}},{"from":[7.89986,8.30124,4.25],"to":[8.27282,8.41061,11.1875],"rotation":{"angle":22.5,"axis":"z","origin":[7.97559,9.03516,6.94531]},"faces":{"north":{"uv":[8.875,2,8.9375,2.0625],"texture":"#3","tintindex":0},"east":{"uv":[4.25,3,5.125,3.0625],"texture":"#3","tintindex":0},"south":{"uv":[2.25,8.875,2.3125,8.9375],"texture":"#3","tintindex":0},"west":{"uv":[4.375,0,5.25,0.0625],"texture":"#3","tintindex":0},"up":{"uv":[1.5625,5.125,1.5,4.25],"texture":"#3","tintindex":0},"down":{"uv":[3.1875,4.375,3.125,5.25],"texture":"#3","tintindex":0}}},{"from":[7.81352,8.32813,4.25],"to":[8.18648,8.4375,11.1875],"rotation":{"angle":0,"axis":"y","origin":[7.97559,9.03516,6.94531]},"faces":{"north":{"uv":[8.875,2.25,8.9375,2.3125],"texture":"#3","tintindex":0},"east":{"uv":[4.375,0.25,5.25,0.3125],"texture":"#3","tintindex":0},"south":{"uv":[2.5,8.875,2.5625,8.9375],"texture":"#3","tintindex":0},"west":{"uv":[4.375,4,5.25,4.0625],"texture":"#3","tintindex":0},"up":{"uv":[3.4375,5.25,3.375,4.375],"texture":"#3","tintindex":0},"down":{"uv":[4.4375,4.25,4.375,5.125],"texture":"#3","tintindex":0}}},{"from":[7.72346,8.31992,4.25],"to":[8.09643,8.4293,11.1875],"rotation":{"angle":-22.5,"axis":"z","origin":[7.97559,9.03516,6.94531]},"faces":{"north":{"uv":[8.875,2.5,8.9375,2.5625],"texture":"#3","tintindex":0},"east":{"uv":[4.5,1.75,5.375,1.8125],"texture":"#3","tintindex":0},"south":{"uv":[2.75,8.875,2.8125,8.9375],"texture":"#3","tintindex":0},"west":{"uv":[4.5,2,5.375,2.0625],"texture":"#3","tintindex":0},"up":{"uv":[2.6875,5.375,2.625,4.5],"texture":"#3","tintindex":0},"down":{"uv":[2.9375,4.5,2.875,5.375],"texture":"#3","tintindex":0}}},{"from":[7.6434,8.27789,4.25],"to":[8.01636,8.38726,11.1875],"rotation":{"angle":-45,"axis":"z","origin":[7.97559,9.03516,6.94531]},"faces":{"north":{"uv":[8.875,2.75,8.9375,2.8125],"texture":"#3","tintindex":0},"east":{"uv":[0.25,4.625,1.125,4.6875],"texture":"#3","tintindex":0},"south":{"uv":[3.5,8.875,3.5625,8.9375],"texture":"#3","tintindex":0},"west":{"uv":[4.625,2.25,5.5,2.3125],"texture":"#3","tintindex":0},"up":{"uv":[4.6875,5.125,4.625,4.25],"texture":"#3","tintindex":0},"down":{"uv":[0.0625,4.75,0,5.625],"texture":"#3","tintindex":0}}},{"from":[7.96933,10.00898,4.25],"to":[8.3423,10.11836,11.1875],"rotation":{"angle":45,"axis":"z","origin":[7.97559,9.03516,6.94531]},"faces":{"north":{"uv":[3.75,8.875,3.8125,8.9375],"texture":"#3","tintindex":0},"east":{"uv":[4.625,2.5,5.5,2.5625],"texture":"#3","tintindex":0},"south":{"uv":[4,8.875,4.0625,8.9375],"texture":"#3","tintindex":0},"west":{"uv":[4.75,2.75,5.625,2.8125],"texture":"#3","tintindex":0},"up":{"uv":[0.3125,5.75,0.25,4.875],"texture":"#3","tintindex":0},"down":{"uv":[0.5625,4.875,0.5,5.75],"texture":"#3","tintindex":0}}},{"from":[7.89986,10.06686,4.25],"to":[8.27282,10.17624,11.1875],"rotation":{"angle":22.5,"axis":"z","origin":[7.97559,9.03516,6.94531]},"faces":{"north":{"uv":[8.875,4,8.9375,4.0625],"texture":"#3","tintindex":0},"east":{"uv":[4.75,3.25,5.625,3.3125],"texture":"#3","tintindex":0},"south":{"uv":[4.25,8.875,4.3125,8.9375],"texture":"#3","tintindex":0},"west":{"uv":[4.75,3.5,5.625,3.5625],"texture":"#3","tintindex":0},"up":{"uv":[4.9375,1.375,4.875,0.5],"texture":"#3","tintindex":0},"down":{"uv":[0.8125,4.875,0.75,5.75],"texture":"#3","tintindex":0}}},{"from":[7.81352,10.09375,4.25],"to":[8.18648,10.20313,11.1875],"rotation":{"angle":0,"axis":"y","origin":[7.97559,9.03516,6.94531]},"faces":{"north":{"uv":[4.5,8.875,4.5625,8.9375],"texture":"#3","tintindex":0},"east":{"uv":[4.875,1.5,5.75,1.5625],"texture":"#3","tintindex":0},"south":{"uv":[4.75,8.875,4.8125,8.9375],"texture":"#3","tintindex":0},"west":{"uv":[4.875,4.25,5.75,4.3125],"texture":"#3","tintindex":0},"up":{"uv":[1.0625,5.75,1,4.875],"texture":"#3","tintindex":0},"down":{"uv":[3.6875,4.875,3.625,5.75],"texture":"#3","tintindex":0}}},{"from":[7.72346,10.08555,4.25],"to":[8.09643,10.19492,11.1875],"rotation":{"angle":-22.5,"axis":"z","origin":[7.97559,9.03516,6.94531]},"faces":{"north":{"uv":[5,8.875,5.0625,8.9375],"texture":"#3","tintindex":0},"east":{"uv":[4.875,4.5,5.75,4.5625],"texture":"#3","tintindex":0},"south":{"uv":[5.25,8.875,5.3125,8.9375],"texture":"#3","tintindex":0},"west":{"uv":[4.875,4.75,5.75,4.8125],"texture":"#3","tintindex":0},"up":{"uv":[3.9375,5.75,3.875,4.875],"texture":"#3","tintindex":0},"down":{"uv":[1.8125,5,1.75,5.875],"texture":"#3","tintindex":0}}},{"from":[7.6434,10.04351,4.25],"to":[8.01636,10.15289,11.1875],"rotation":{"angle":-45,"axis":"z","origin":[7.97559,9.03516,6.94531]},"faces":{"north":{"uv":[5.5,8.875,5.5625,8.9375],"texture":"#3","tintindex":0},"east":{"uv":[4.875,5,5.75,5.0625],"texture":"#3","tintindex":0},"south":{"uv":[5.75,8.875,5.8125,8.9375],"texture":"#3","tintindex":0},"west":{"uv":[5.125,0.5,6,0.5625],"texture":"#3","tintindex":0},"up":{"uv":[2.0625,5.875,2,5],"texture":"#3","tintindex":0},"down":{"uv":[2.3125,5,2.25,5.875],"texture":"#3","tintindex":0}}},{"from":[8.91446,9.05226,4.25],"to":[9.02384,9.42522,11.1875],"rotation":{"angle":22.5,"axis":"z","origin":[7.97559,9.03516,6.94531]},"faces":{"north":{"uv":[6,8.875,6.0625,8.9375],"texture":"#3","tintindex":0},"east":{"uv":[5.125,0.75,6,0.8125],"texture":"#3","tintindex":0},"south":{"uv":[8.875,6,8.9375,6.0625],"texture":"#3","tintindex":0},"west":{"uv":[5.125,1,6,1.0625],"texture":"#3","tintindex":0},"up":{"uv":[4.1875,5.875,4.125,5],"texture":"#3","tintindex":0},"down":{"uv":[1.3125,5.25,1.25,6.125],"texture":"#3","tintindex":0}}},{"from":[8.82813,9.07914,4.25],"to":[8.9375,9.45211,11.1875],"rotation":{"angle":0,"axis":"y","origin":[7.97559,9.03516,6.94531]},"faces":{"north":{"uv":[6.25,8.875,6.3125,8.9375],"texture":"#3","tintindex":0},"east":{"uv":[5.125,1.25,6,1.3125],"texture":"#3","tintindex":0},"south":{"uv":[6.5,8.875,6.5625,8.9375],"texture":"#3","tintindex":0},"west":{"uv":[5.125,3.75,6,3.8125],"texture":"#3","tintindex":0},"up":{"uv":[1.5625,6.125,1.5,5.25],"texture":"#3","tintindex":0},"down":{"uv":[4.4375,5.25,4.375,6.125],"texture":"#3","tintindex":0}}},{"from":[8.73807,9.07094,4.25],"to":[8.84745,9.4439,11.1875],"rotation":{"angle":-22.5,"axis":"z","origin":[7.97559,9.03516,6.94531]},"faces":{"north":{"uv":[6.75,8.875,6.8125,8.9375],"texture":"#3","tintindex":0},"east":{"uv":[5.25,3,6.125,3.0625],"texture":"#3","tintindex":0},"south":{"uv":[8.875,6.75,8.9375,6.8125],"texture":"#3","tintindex":0},"west":{"uv":[4.625,5.25,5.5,5.3125],"texture":"#3","tintindex":0},"up":{"uv":[3.1875,6.25,3.125,5.375],"texture":"#3","tintindex":0},"down":{"uv":[3.4375,5.375,3.375,6.25],"texture":"#3","tintindex":0}}},{"from":[7.14884,9.05226,4.25],"to":[7.25821,9.42522,11.1875],"rotation":{"angle":22.5,"axis":"z","origin":[7.97559,9.03516,6.94531]},"faces":{"north":{"uv":[7,8.875,7.0625,8.9375],"texture":"#3","tintindex":0},"east":{"uv":[5.375,0,6.25,0.0625],"texture":"#3","tintindex":0},"south":{"uv":[8.875,7,8.9375,7.0625],"texture":"#3","tintindex":0},"west":{"uv":[5.375,0.25,6.25,0.3125],"texture":"#3","tintindex":0},"up":{"uv":[2.5625,6.375,2.5,5.5],"texture":"#3","tintindex":0},"down":{"uv":[2.8125,5.5,2.75,6.375],"texture":"#3","tintindex":0}}},{"from":[7.0625,9.07914,4.25],"to":[7.17188,9.45211,11.1875],"rotation":{"angle":0,"axis":"y","origin":[7.97559,9.03516,6.94531]},"faces":{"north":{"uv":[7.25,8.875,7.3125,8.9375],"texture":"#3","tintindex":0},"east":{"uv":[5.375,4,6.25,4.0625],"texture":"#3","tintindex":0},"south":{"uv":[8.875,7.25,8.9375,7.3125],"texture":"#3","tintindex":0},"west":{"uv":[5.5,1.75,6.375,1.8125],"texture":"#3","tintindex":0},"up":{"uv":[4.6875,6.375,4.625,5.5],"texture":"#3","tintindex":0},"down":{"uv":[4.9375,5.5,4.875,6.375],"texture":"#3","tintindex":0}}},{"from":[6.97245,9.07094,4.25],"to":[7.08182,9.4439,11.1875],"rotation":{"angle":-22.5,"axis":"z","origin":[7.97559,9.03516,6.94531]},"faces":{"north":{"uv":[8.875,7.5,8.9375,7.5625],"texture":"#3","tintindex":0},"east":{"uv":[5.5,2,6.375,2.0625],"texture":"#3","tintindex":0},"south":{"uv":[8.875,7.75,8.9375,7.8125],"texture":"#3","tintindex":0},"west":{"uv":[5.125,5.5,6,5.5625],"texture":"#3","tintindex":0},"up":{"uv":[0.0625,6.625,0,5.75],"texture":"#3","tintindex":0},"down":{"uv":[5.1875,5.75,5.125,6.625],"texture":"#3","tintindex":0}}}],"display":{"thirdperson_righthand":{"translation":[0,0.5,0.75],"scale":[0.55,0.55,0.55]},"thirdperson_lefthand":{"translation":[-0.5,0,-3.25],"scale":[0.55,0.55,0.55]},"firstperson_righthand":{"translation":[-1,3,-0.25],"scale":[1.15,1.15,1.15]},"firstperson_lefthand":{"translation":[-2,4.25,5]},"ground":{"translation":[0,-1.25,0],"scale":[1.5,1.5,1.5]},"gui":{"rotation":[30,-145,0],"translation":[2,-2.5,0],"scale":[2.71,2.71,2.71]},"fixed":{"rotation":[0,90,0],"translation":[-1,1,-2],"scale":[1.1,1.1,1.1]}},"groups":[{"name":"elcan","origin":[8,8,8],"color":0,"nbt":"{}","children":[{"name":"group","origin":[7.98047,8.69063,7.15625],"color":0,"nbt":"{}","children":[0,1,2,3,4,5,6,7,8,9]},10,{"name":"mount","origin":[8.06634,8.45313,8.33694],"color":9,"nbt":"{}","children":[11,12,13,14,15,16,17,18,19,20,21,22,23,24,25,26,27,28,29,30,31,32,33,34,35,36,37,38,39,40,41,42,43,44,45,46,47,{"name":"shell","origin":[8.22633,12.55492,7.5],"color":9,"nbt":"{}","children":[48,49,50,51,52,53,54,55,56,57,58,59,60,61,62,63]},{"name":"group","origin":[6.6273,8.75,5.625],"color":9,"nbt":"{}","children":[64,65,66]}]},{"name":"knob","origin":[8,8,8],"color":4,"nbt":"{}","children":[{"name":"octagon","origin":[8,8,8],"color":4,"nbt":"{}","children":[67,68,69,70]},{"name":"octagon","origin":[8,8,8],"color":4,"nbt":"{}","children":[71,72,73,74]},{"name":"octagon","origin":[8,8,8],"color":4,"nbt":"{}","children":[75,76,77,78,79,80,81]},{"name":"octagon","origin":[8,8,8],"color":4,"nbt":"{}","children":[82,83,84,85]},{"name":"octagon","origin":[8,8,8],"color":0,"nbt":"{}","children":[86,87,88,89]}]},{"name":"iron_sight","origin":[8,9.91161,10.0625],"color":0,"nbt":"{}","children":[90,91,92,93,94,95,96,97,98,99,100,101,102,103,104,105,106]},{"name":"scope_inner","origin":[8,8,8],"color":5,"nbt":"{}","children":[{"name":"hexadecagon","origin":[8,8,8],"color":5,"nbt":"{}","children":[107,108,109,110,111,112,113,114,115,116,117,118,119,120,121,122,123,124,125]},{"name":"hexadecagon","origin":[8,8,8],"color":5,"nbt":"{}","children":[126,127,128,129,130,131,132,133,134,135,136,137,138,139,140,141]}]}]}]}