{"credit":"Made with Blockbench","texture_size":[64,64],"textures":{"3":"tac:items/raythean","4":"tac:items/eotech_exp3_uv","particle":"tac:items/eotech_exp3_uv"},"elements":[{"from":[6.4375,8.125,9.3125],"to":[6.5625,8.5,9.875],"rotation":{"angle":0,"axis":"y","origin":[7.3125,8.0625,8.875]},"faces":{"north":{"uv":[7.5,10.75,7.625,10.875],"texture":"#4"},"south":{"uv":[10.75,7.5,10.875,7.625],"texture":"#4"},"west":{"uv":[8,10.75,8.125,10.875],"texture":"#4"},"up":{"uv":[0.625,11.125,0.5,11],"texture":"#4"},"down":{"uv":[11.125,0.5,11,0.625],"texture":"#4"}}},{"from":[6.4375,8.125,8.625],"to":[6.5625,8.5,9.1875],"rotation":{"angle":0,"axis":"y","origin":[7.3125,8.0625,8.3125]},"faces":{"north":{"uv":[11,1,11.125,1.125],"texture":"#4"},"south":{"uv":[1.5,11,1.625,11.125],"texture":"#4"},"west":{"uv":[11,3,11.125,3.125],"texture":"#4"},"up":{"uv":[3.625,11.125,3.5,11],"texture":"#4"},"down":{"uv":[11.125,3.5,11,3.625],"texture":"#4"}}},{"from":[6.4375,8.8125,9.375],"to":[6.5625,9.1875,9.75],"rotation":{"angle":45,"axis":"x","origin":[6.5,9,9.5625]},"faces":{"north":{"uv":[4,11,4.125,11.125],"texture":"#4"},"east":{"uv":[4.5,11,4.625,11.125],"texture":"#4"},"south":{"uv":[5,11,5.125,11.125],"texture":"#4"},"west":{"uv":[11,5,11.125,5.125],"texture":"#4"},"up":{"uv":[5.625,11.125,5.5,11],"texture":"#4"},"down":{"uv":[11.125,5.5,11,5.625],"texture":"#4"}}},{"from":[7.3431,9.1569,8.95221],"to":[7.5306,9.3444,9.90533],"rotation":{"angle":45,"axis":"z","origin":[7.8125,8.875,9.43658]},"faces":{"north":{"uv":[10.5,3.5,10.625,3.625],"texture":"#4"},"east":{"uv":[1.5,8,1.75,8.125],"texture":"#4"},"south":{"uv":[4,10.5,4.125,10.625],"texture":"#4"},"west":{"uv":[8,3,8.25,3.125],"texture":"#4"},"up":{"uv":[3.625,8.25,3.5,8],"texture":"#4"},"down":{"uv":[8.125,3.5,8,3.75],"texture":"#4"}}},{"from":[8.4694,8.4056,8.95221],"to":[8.6569,8.5931,9.90533],"rotation":{"angle":45,"axis":"z","origin":[8.1875,8.875,9.43658]},"faces":{"north":{"uv":[10.5,3,10.625,3.125],"texture":"#4"},"east":{"uv":[7.75,7.75,8,7.875],"texture":"#4"},"south":{"uv":[3.5,10.5,3.625,10.625],"texture":"#4"},"west":{"uv":[0.5,8,0.75,8.125],"texture":"#4"},"up":{"uv":[8.125,0.75,8,0.5],"texture":"#4"},"down":{"uv":[8.125,1,8,1.25],"texture":"#4"}}},{"from":[8.5625,7.79688,9.07721],"to":[8.75,8.07813,10.10846],"rotation":{"angle":0,"axis":"y","origin":[8.65625,7.9375,9.59283]},"faces":{"east":{"uv":[7.75,0,8,0.125],"texture":"#4"},"south":{"uv":[10.5,0.5,10.625,0.625],"texture":"#4"},"west":{"uv":[1,7.75,1.25,7.875],"texture":"#4"},"up":{"uv":[7.875,1.75,7.75,1.5],"texture":"#4"},"down":{"uv":[2.125,7.75,2,8],"texture":"#4"}}},{"from":[8.51563,7.84375,9.07721],"to":[8.79688,8.03125,10.10846],"rotation":{"angle":0,"axis":"y","origin":[8.65625,7.9375,9.59283]},"faces":{"east":{"uv":[7.75,2,8,2.125],"texture":"#4"},"south":{"uv":[10.5,1,10.625,1.125],"texture":"#4"},"west":{"uv":[2.5,7.75,2.75,7.875],"texture":"#4"},"up":{"uv":[7.875,2.75,7.75,2.5],"texture":"#4"},"down":{"uv":[3.125,7.75,3,8],"texture":"#4"}}},{"from":[7.25,7.79688,9.07721],"to":[7.4375,8.07813,10.10846],"rotation":{"angle":0,"axis":"y","origin":[7.34375,7.9375,9.59283]},"faces":{"east":{"uv":[7.5,6.25,7.75,6.375],"texture":"#4"},"south":{"uv":[0.5,10.5,0.625,10.625],"texture":"#4"},"west":{"uv":[7.5,6.75,7.75,6.875],"texture":"#4"},"up":{"uv":[7.625,7.5,7.5,7.25],"texture":"#4"},"down":{"uv":[0.125,7.75,0,8],"texture":"#4"}}},{"from":[7.20313,7.84375,9.07721],"to":[7.48438,8.03125,10.10846],"rotation":{"angle":0,"axis":"y","origin":[7.34375,7.9375,9.59283]},"faces":{"east":{"uv":[7.75,4,8,4.125],"texture":"#4"},"south":{"uv":[1.5,10.5,1.625,10.625],"texture":"#4"},"west":{"uv":[7.75,4.5,8,4.625],"texture":"#4"},"up":{"uv":[6.875,8,6.75,7.75],"texture":"#4"},"down":{"uv":[7.375,7.75,7.25,8],"texture":"#4"}}},{"from":[8.625,8.25,9.29289],"to":[9.34375,8.5,9.54289],"rotation":{"angle":45,"axis":"x","origin":[8.84375,8,9.04289]},"faces":{"north":{"uv":[10.25,4.5,10.375,4.625],"texture":"#4"},"east":{"uv":[6.5,10.25,6.625,10.375],"texture":"#4"},"south":{"uv":[7,10.25,7.125,10.375],"texture":"#4"},"west":{"uv":[7.5,10.25,7.625,10.375],"texture":"#4"},"up":{"uv":[10.375,7.625,10.25,7.5],"texture":"#4"},"down":{"uv":[8.125,10.25,8,10.375],"texture":"#4"}}},{"from":[6.46875,8.4375,7.9375],"to":[7.4375,8.6875,8.1875],"rotation":{"angle":45,"axis":"x","origin":[6.9375,8.1875,7.6875]},"faces":{"north":{"uv":[4,8,4.25,8.125],"texture":"#4"},"east":{"uv":[4.5,10.5,4.625,10.625],"texture":"#4"},"south":{"uv":[4.5,8,4.75,8.125],"texture":"#4"},"west":{"uv":[5,10.5,5.125,10.625],"texture":"#4"},"up":{"uv":[5.25,8.125,5,8],"texture":"#4"},"down":{"uv":[8.25,5,8,5.125],"texture":"#4"}}},{"from":[6.46875,8.4375,6.875],"to":[7.4375,8.6875,7.125],"rotation":{"angle":45,"axis":"x","origin":[6.9375,8.1875,6.625]},"faces":{"north":{"uv":[5.5,8,5.75,8.125],"texture":"#4"},"east":{"uv":[10.5,5,10.625,5.125],"texture":"#4"},"south":{"uv":[8,5.5,8.25,5.625],"texture":"#4"},"west":{"uv":[5.5,10.5,5.625,10.625],"texture":"#4"},"up":{"uv":[6.25,8.125,6,8],"texture":"#4"},"down":{"uv":[8.25,6,8,6.125],"texture":"#4"}}},{"from":[9.0625,8.89645,8.625],"to":[9.1875,9.10355,9.125],"rotation":{"angle":45,"axis":"x","origin":[8.75,9,8.875]},"faces":{"north":{"uv":[10.5,5.5,10.625,5.625],"texture":"#4"},"east":{"uv":[6,10.5,6.125,10.625],"texture":"#4"},"south":{"uv":[10.5,6,10.625,6.125],"texture":"#4"},"west":{"uv":[10.5,6.5,10.625,6.625],"texture":"#4"}}},{"from":[9.0625,8.89645,8.625],"to":[9.1875,9.10355,9.125],"rotation":{"angle":0,"axis":"y","origin":[8.75,9,8.875]},"faces":{"north":{"uv":[10.5,7,10.625,7.125],"texture":"#4"},"east":{"uv":[10.5,8,10.625,8.125],"texture":"#4"},"south":{"uv":[8.5,10.5,8.625,10.625],"texture":"#4"}}},{"from":[9.0625,8.75,8.77145],"to":[9.1875,9.25,8.97855],"rotation":{"angle":45,"axis":"x","origin":[8.75,9,8.875]},"faces":{"east":{"uv":[10.5,8.5,10.625,8.625],"texture":"#4"},"west":{"uv":[9,10.5,9.125,10.625],"texture":"#4"},"up":{"uv":[10.625,9.125,10.5,9],"texture":"#4"},"down":{"uv":[9.625,10.5,9.5,10.625],"texture":"#4"}}},{"from":[9.0625,8.75,8.77145],"to":[9.1875,9.25,8.97855],"rotation":{"angle":0,"axis":"y","origin":[8.75,9,8.875]},"faces":{"east":{"uv":[10.5,9.5,10.625,9.625],"texture":"#4"},"up":{"uv":[10.125,10.625,10,10.5],"texture":"#4"},"down":{"uv":[10.625,10,10.5,10.125],"texture":"#4"}}},{"from":[9.0625,8.58395,7.1875],"to":[9.1875,8.79105,7.6875],"rotation":{"angle":45,"axis":"x","origin":[8.6875,8.6875,7.4375]},"faces":{"north":{"uv":[10.5,10.5,10.625,10.625],"texture":"#4"},"east":{"uv":[0,10.75,0.125,10.875],"texture":"#4"},"south":{"uv":[10.75,0,10.875,0.125],"texture":"#4"},"west":{"uv":[1,10.75,1.125,10.875],"texture":"#4"}}},{"from":[9.0625,8.58395,7.1875],"to":[9.1875,8.79105,7.6875],"rotation":{"angle":0,"axis":"y","origin":[8.6875,8.6875,7.4375]},"faces":{"north":{"uv":[10.75,1.5,10.875,1.625],"texture":"#4"},"east":{"uv":[2,10.75,2.125,10.875],"texture":"#4"},"south":{"uv":[10.75,2,10.875,2.125],"texture":"#4"}}},{"from":[9.0625,8.4375,7.33395],"to":[9.1875,8.9375,7.54105],"rotation":{"angle":45,"axis":"x","origin":[8.6875,8.6875,7.4375]},"faces":{"east":{"uv":[2.5,10.75,2.625,10.875],"texture":"#4"},"west":{"uv":[10.75,2.5,10.875,2.625],"texture":"#4"},"up":{"uv":[3.125,10.875,3,10.75],"texture":"#4"},"down":{"uv":[10.875,4,10.75,4.125],"texture":"#4"}}},{"from":[9.0625,8.4375,7.33395],"to":[9.1875,8.9375,7.54105],"rotation":{"angle":0,"axis":"y","origin":[8.6875,8.6875,7.4375]},"faces":{"east":{"uv":[10.75,4.5,10.875,4.625],"texture":"#4"},"up":{"uv":[6.625,10.875,6.5,10.75],"texture":"#4"},"down":{"uv":[7.125,10.75,7,10.875],"texture":"#4"}}},{"from":[6.48438,8.8125,8.0625],"to":[6.5,9.25,9.125],"rotation":{"angle":0,"axis":"y","origin":[7.3125,8.75,8.1875]},"faces":{"north":{"uv":[3,10.25,3.125,10.375],"texture":"#4"},"south":{"uv":[10.25,4,10.375,4.125],"texture":"#4"},"west":{"uv":[5.75,7.5,6,7.625],"texture":"#4"},"up":{"uv":[7.625,6,7.5,5.75],"texture":"#4"},"down":{"uv":[6.375,7.5,6.25,7.75],"texture":"#4"}}},{"from":[6.5,7.75,8.6875],"to":[6.625,9.375,10],"rotation":{"angle":0,"axis":"y","origin":[7.375,7.75,9]},"faces":{"east":{"uv":[0.75,2.5,1.125,2.875],"texture":"#4","tintindex":0},"south":{"uv":[6.25,4.75,6.375,5.125],"texture":"#4","tintindex":0},"west":{"uv":[2.5,0.75,2.875,1.125],"texture":"#4","tintindex":0},"down":{"uv":[6.125,6.25,6,6.625],"texture":"#4","tintindex":0}}},{"from":[6.6875,9.5,7.5],"to":[6.8125,10.3125,9.375],"rotation":{"angle":0,"axis":"y","origin":[7.5625,9.8125,8.375]},"faces":{"north":{"uv":[5,7,5.125,7.25],"texture":"#4","tintindex":0},"east":{"uv":[3,0,3.5,0.25],"texture":"#4","tintindex":0},"south":{"uv":[7,5.25,7.125,5.5],"texture":"#4","tintindex":0},"west":{"uv":[1.5,3,2,3.25],"texture":"#4","tintindex":0}}},{"from":[6.5,7.9375,6.8125],"to":[6.625,9.0625,8.6875],"rotation":{"angle":0,"axis":"y","origin":[7.375,7.75,7.75]},"faces":{"north":{"uv":[5.5,7,5.625,7.25],"texture":"#4","tintindex":0},"east":{"uv":[3,1.5,3.5,1.75],"texture":"#4","tintindex":0},"west":{"uv":[3,2,3.5,2.25],"texture":"#4","tintindex":0},"down":{"uv":[3.125,5,3,5.5],"texture":"#4","tintindex":0}}},{"from":[7.27851,10.71875,7.5],"to":[8.71875,10.84432,9.375],"rotation":{"angle":0,"axis":"y","origin":[8,10.71875,8.4375]},"faces":{"north":{"uv":[1.75,6.5,2.125,6.625],"texture":"#4","tintindex":0},"east":{"uv":[5,1,5.5,1.125],"texture":"#4","tintindex":0},"south":{"uv":[6.5,1.75,6.875,1.875],"texture":"#4","tintindex":0},"up":{"uv":[0.375,2.25,0,1.75],"texture":"#4","tintindex":0},"down":{"uv":[1.125,1.75,0.75,2.25],"texture":"#4","tintindex":0}}},{"from":[6.5,9.0625,7.125],"to":[6.625,9.375,8.6875],"rotation":{"angle":0,"axis":"y","origin":[7.375,8,7.75]},"faces":{"east":{"uv":[6.5,2.25,6.875,2.375],"texture":"#4","tintindex":0},"west":{"uv":[6.5,2.75,6.875,2.875],"texture":"#4","tintindex":0},"up":{"uv":[3.125,6.875,3,6.5],"texture":"#4","tintindex":0}}},{"from":[6.6875,9.4375,7.25],"to":[6.8125,9.5625,10],"rotation":{"angle":0,"axis":"y","origin":[6.78125,9.5,8.25]},"faces":{"north":{"uv":[8,9.25,8.125,9.375],"texture":"#4","tintindex":0},"east":{"uv":[3.75,1.5,4.5,1.625],"texture":"#4","tintindex":0},"south":{"uv":[0.5,9.5,0.625,9.625],"texture":"#4","tintindex":0},"up":{"uv":[3.875,2.75,3.75,2],"texture":"#4","tintindex":0},"down":{"uv":[2.125,4,2,4.75],"texture":"#4","tintindex":0}}},{"from":[6.59218,9.28504,7.25],"to":[6.71718,9.55021,10],"rotation":{"angle":-45,"axis":"z","origin":[6.65468,9.44129,8.25]},"faces":{"north":{"uv":[9.5,0.5,9.625,0.625],"texture":"#4","tintindex":0},"east":{"uv":[4,1,4.75,1.125],"texture":"#4","tintindex":0},"south":{"uv":[9.5,1,9.625,1.125],"texture":"#4","tintindex":0},"west":{"uv":[3.25,4,4,4.125],"texture":"#4","tintindex":0}}},{"from":[6.6875,9.40625,7.3125],"to":[6.8125,10.0625,7.5625],"rotation":{"angle":22.5,"axis":"x","origin":[8.0625,9.625,7.65625]},"faces":{"north":{"uv":[1.5,9.5,1.625,9.625],"texture":"#4","tintindex":0},"east":{"uv":[9.5,3,9.625,3.125],"texture":"#4","tintindex":0},"west":{"uv":[3.5,9.5,3.625,9.625],"texture":"#4","tintindex":0}}},{"from":[6.86219,10.62718,7.5],"to":[7.34657,10.75218,9.375],"rotation":{"angle":22.5,"axis":"z","origin":[7.08094,10.62718,8.4375]},"faces":{"north":{"uv":[9.5,3.5,9.625,3.625],"texture":"#4","tintindex":0},"south":{"uv":[4,9.5,4.125,9.625],"texture":"#4","tintindex":0},"up":{"uv":[4.375,5.5,4.25,5],"texture":"#4","tintindex":0},"down":{"uv":[4.875,5,4.75,5.5],"texture":"#4","tintindex":0}}},{"from":[6.5,8.70044,6.99908],"to":[6.625,9.14239,7.24908],"rotation":{"angle":45,"axis":"x","origin":[7.875,9.10669,7.34283]},"faces":{"north":{"uv":[4.5,9.5,4.625,9.625],"texture":"#4","tintindex":0},"east":{"uv":[5,9.5,5.125,9.625],"texture":"#4","tintindex":0},"west":{"uv":[9.5,5,9.625,5.125],"texture":"#4","tintindex":0}}},{"from":[6.7617,10.24801,7.5],"to":[6.8867,10.62301,9.375],"rotation":{"angle":-22.5,"axis":"z","origin":[6.8867,10.46676,8.4375]},"faces":{"north":{"uv":[5.5,9.5,5.625,9.625],"texture":"#4","tintindex":0},"east":{"uv":[5,3.5,5.5,3.625],"texture":"#4","tintindex":0},"south":{"uv":[9.5,5.5,9.625,5.625],"texture":"#4","tintindex":0},"west":{"uv":[0.75,5.25,1.25,5.375],"texture":"#4","tintindex":0}}},{"from":[6.6875,9.48643,9.48798],"to":[6.8125,9.62705,9.98798],"rotation":{"angle":22.5,"axis":"x","origin":[6.75,9.56455,9.83173]},"faces":{"east":{"uv":[6,9.5,6.125,9.625],"texture":"#4","tintindex":0},"south":{"uv":[9.5,6,9.625,6.125],"texture":"#4","tintindex":0},"west":{"uv":[9.5,6.5,9.625,6.625],"texture":"#4","tintindex":0},"up":{"uv":[9.625,7.125,9.5,7],"texture":"#4","tintindex":0},"down":{"uv":[9.625,8,9.5,8.125],"texture":"#4","tintindex":0}}},{"from":[9.1133,10.24801,7.5],"to":[9.2383,10.62301,9.375],"rotation":{"angle":22.5,"axis":"z","origin":[9.1133,10.46676,8.4375]},"faces":{"north":{"uv":[8.5,9.5,8.625,9.625],"texture":"#4","tintindex":0},"east":{"uv":[5.25,2,5.75,2.125],"texture":"#4","tintindex":0},"south":{"uv":[9.5,8.5,9.625,8.625],"texture":"#4","tintindex":0},"west":{"uv":[5.25,2.5,5.75,2.625],"texture":"#4","tintindex":0}}},{"from":[8.65343,10.62718,7.5],"to":[9.13781,10.75218,9.375],"rotation":{"angle":-22.5,"axis":"z","origin":[8.91906,10.62718,8.4375]},"faces":{"north":{"uv":[9,9.5,9.125,9.625],"texture":"#4","tintindex":0},"south":{"uv":[9.5,9,9.625,9.125],"texture":"#4","tintindex":0},"west":{"uv":[5.25,3,5.75,3.125],"texture":"#4","tintindex":0},"up":{"uv":[1.625,5.75,1.5,5.25],"texture":"#4","tintindex":0},"down":{"uv":[2.625,5.25,2.5,5.75],"texture":"#4","tintindex":0}}},{"from":[6.6875,9.44508,9.26386],"to":[6.8125,10.19508,9.57636],"rotation":{"angle":-22.5,"axis":"x","origin":[8.0625,9.69508,9.32636]},"faces":{"east":{"uv":[7,5.75,7.125,6],"texture":"#4","tintindex":0},"south":{"uv":[6,7,6.125,7.25],"texture":"#4","tintindex":0},"west":{"uv":[7,6.25,7.125,6.5],"texture":"#4","tintindex":0}}},{"from":[6.5,7.86014,8.3213],"to":[6.625,8.04764,8.8213],"rotation":{"angle":22.5,"axis":"x","origin":[6.5625,8.14139,8.47755]},"faces":{"east":{"uv":[9.5,9.5,9.625,9.625],"texture":"#4","tintindex":0},"west":{"uv":[0,9.75,0.125,9.875],"texture":"#4","tintindex":0},"down":{"uv":[9.875,0,9.75,0.125],"texture":"#4","tintindex":0}}},{"from":[9.1875,7.75,9.375],"to":[9.3125,9.5625,10],"rotation":{"angle":0,"axis":"y","origin":[8.4375,7.75,9]},"faces":{"north":{"uv":[3.5,5.25,3.625,5.75],"texture":"#4","tintindex":0},"east":{"uv":[5.25,5,5.375,5.5],"texture":"#4","tintindex":0},"south":{"uv":[0,5.5,0.125,6],"texture":"#4","tintindex":0},"west":{"uv":[5.5,4,5.625,4.5],"texture":"#4","tintindex":0},"down":{"uv":[1.125,9.75,1,9.875],"texture":"#4","tintindex":0}}},{"from":[9.1875,8.125,6.8125],"to":[9.3125,9.0625,6.9375],"rotation":{"angle":0,"axis":"y","origin":[8.4375,7.75,7.75]},"faces":{"north":{"uv":[6.5,7,6.625,7.25],"texture":"#4","tintindex":0},"east":{"uv":[7,6.75,7.125,7],"texture":"#4","tintindex":0},"south":{"uv":[0,7.25,0.125,7.5],"texture":"#4","tintindex":0},"west":{"uv":[7.25,0,7.375,0.25],"texture":"#4","tintindex":0}}},{"from":[9.1875,9.25,7.3125],"to":[9.3125,10.0625,8],"rotation":{"angle":22.5,"axis":"x","origin":[7.9375,9.625,7.65625]},"faces":{"north":{"uv":[1,7.25,1.125,7.5],"texture":"#4","tintindex":0},"east":{"uv":[7.25,1.5,7.375,1.75],"texture":"#4","tintindex":0},"west":{"uv":[7.25,2,7.375,2.25],"texture":"#4","tintindex":0},"down":{"uv":[9.875,1.5,9.75,1.625],"texture":"#4","tintindex":0}}},{"from":[9.1875,8.70044,6.99908],"to":[9.3125,9.32544,7.12408],"rotation":{"angle":45,"axis":"x","origin":[7.9375,9.10669,7.34283]},"faces":{"north":{"uv":[2,9.75,2.125,9.875],"texture":"#4","tintindex":0},"east":{"uv":[9.75,2,9.875,2.125],"texture":"#4","tintindex":0},"west":{"uv":[2.5,9.75,2.625,9.875],"texture":"#4","tintindex":0},"up":{"uv":[9.875,2.625,9.75,2.5],"texture":"#4","tintindex":0}}},{"from":[9.1875,9.44508,9.26386],"to":[9.3125,10.19508,9.57636],"rotation":{"angle":-22.5,"axis":"x","origin":[7.9375,9.69508,9.32636]},"faces":{"east":{"uv":[2.25,7.25,2.375,7.5],"texture":"#4","tintindex":0},"south":{"uv":[7.25,2.5,7.375,2.75],"texture":"#4","tintindex":0},"west":{"uv":[2.75,7.25,2.875,7.5],"texture":"#4","tintindex":0}}},{"from":[9.1875,9.43955,9.48798],"to":[9.3125,9.62705,9.98798],"rotation":{"angle":22.5,"axis":"x","origin":[9.25,9.56455,9.83173]},"faces":{"east":{"uv":[3,9.75,3.125,9.875],"texture":"#4","tintindex":0},"west":{"uv":[9.75,4,9.875,4.125],"texture":"#4","tintindex":0},"up":{"uv":[9.875,4.625,9.75,4.5],"texture":"#4","tintindex":0}}},{"from":[9.1875,8.74112,9.375],"to":[9.3125,9.25888,9.625],"rotation":{"angle":45,"axis":"x","origin":[8.8125,9,8.875]},"faces":{"north":{"uv":[6.5,9.75,6.625,9.875],"texture":"#4","tintindex":0},"east":{"uv":[7,9.75,7.125,9.875],"texture":"#4","tintindex":0},"west":{"uv":[7.5,9.75,7.625,9.875],"texture":"#4","tintindex":0}}},{"from":[9.1875,8.25,8.61612],"to":[9.3125,8.5,9.13388],"rotation":{"angle":45,"axis":"x","origin":[8.8125,9,8.875]},"faces":{"east":{"uv":[9.75,7.5,9.875,7.625],"texture":"#4","tintindex":0},"west":{"uv":[8,9.75,8.125,9.875],"texture":"#4","tintindex":0},"up":{"uv":[0.625,10.125,0.5,10],"texture":"#4","tintindex":0}}},{"from":[9.1875,9.5,8.61612],"to":[9.3125,9.75,9.13388],"rotation":{"angle":45,"axis":"x","origin":[8.8125,9,8.875]},"faces":{"east":{"uv":[10,0.5,10.125,0.625],"texture":"#4","tintindex":0},"west":{"uv":[10,1,10.125,1.125],"texture":"#4","tintindex":0},"down":{"uv":[1.625,10,1.5,10.125],"texture":"#4","tintindex":0}}},{"from":[9.1875,8.42862,6.8125],"to":[9.3125,9.00888,6.9375],"rotation":{"angle":45,"axis":"x","origin":[8.8125,8.6875,7.4375]},"faces":{"east":{"uv":[10,3,10.125,3.125],"texture":"#4","tintindex":0},"south":{"uv":[3.5,10,3.625,10.125],"texture":"#4","tintindex":0},"west":{"uv":[10,3.5,10.125,3.625],"texture":"#4","tintindex":0},"up":{"uv":[4.125,10.125,4,10],"texture":"#4","tintindex":0}}},{"from":[9.1875,8.42862,7.9375],"to":[9.3125,8.94638,8.1875],"rotation":{"angle":45,"axis":"x","origin":[8.8125,8.6875,7.4375]},"faces":{"north":{"uv":[4.5,10,4.625,10.125],"texture":"#4","tintindex":0},"east":{"uv":[5,10,5.125,10.125],"texture":"#4","tintindex":0},"south":{"uv":[10,5,10.125,5.125],"texture":"#4","tintindex":0},"west":{"uv":[5.5,10,5.625,10.125],"texture":"#4","tintindex":0}}},{"from":[9.1875,8.42862,7.9375],"to":[9.3125,9.25888,8.375],"rotation":{"angle":0,"axis":"y","origin":[8.8125,8.6875,7.4375]},"faces":{"north":{"uv":[3.25,7.25,3.375,7.5],"texture":"#4","tintindex":0},"east":{"uv":[7.25,4.25,7.375,4.5],"texture":"#4","tintindex":0},"south":{"uv":[7.25,4.75,7.375,5],"texture":"#4","tintindex":0},"west":{"uv":[7,7.25,7.125,7.5],"texture":"#4","tintindex":0}}},{"from":[9.1875,8.0625,7.17862],"to":[9.3125,8.1875,7.69638],"rotation":{"angle":45,"axis":"x","origin":[8.8125,8.6875,7.4375]},"faces":{"east":{"uv":[10,5.5,10.125,5.625],"texture":"#4","tintindex":0},"west":{"uv":[6,10,6.125,10.125],"texture":"#4","tintindex":0},"up":{"uv":[10.125,6.125,10,6],"texture":"#4","tintindex":0}}},{"from":[9.1875,9.1875,7.17862],"to":[9.3125,10.18382,7.733],"rotation":{"angle":45,"axis":"x","origin":[8.8125,8.6875,7.4375]},"faces":{"east":{"uv":[0.5,7.5,0.625,7.75],"texture":"#4","tintindex":0},"south":{"uv":[7.5,0.5,7.625,0.75],"texture":"#4","tintindex":0},"west":{"uv":[7.5,1,7.625,1.25],"texture":"#4","tintindex":0},"down":{"uv":[10.125,6.5,10,6.625],"texture":"#4","tintindex":0}}},{"from":[9.1875,9.1875,7.17862],"to":[9.3125,9.375,7.69638],"rotation":{"angle":0,"axis":"y","origin":[8.8125,8.6875,7.4375]},"faces":{"east":{"uv":[10,7,10.125,7.125],"texture":"#4","tintindex":0},"west":{"uv":[10,8,10.125,8.125],"texture":"#4","tintindex":0},"up":{"uv":[8.625,10.125,8.5,10],"texture":"#4","tintindex":0},"down":{"uv":[10.125,8.5,10,8.625],"texture":"#4","tintindex":0}}},{"from":[9.1875,7.75,8.6875],"to":[9.3125,8.5,9.375],"rotation":{"angle":0,"axis":"y","origin":[8.4375,7.75,8.375]},"faces":{"east":{"uv":[1.5,7.5,1.625,7.75],"texture":"#4","tintindex":0},"west":{"uv":[7.5,3,7.625,3.25],"texture":"#4","tintindex":0},"up":{"uv":[9.125,10.125,9,10],"texture":"#4","tintindex":0},"down":{"uv":[10.125,9,10,9.125],"texture":"#4","tintindex":0}}},{"from":[9.1875,7.9375,8],"to":[9.3125,8.5,8.6875],"rotation":{"angle":0,"axis":"y","origin":[8.4375,7.75,7.6875]},"faces":{"north":{"uv":[9.5,10,9.625,10.125],"texture":"#4","tintindex":0},"east":{"uv":[10,9.5,10.125,9.625],"texture":"#4","tintindex":0},"west":{"uv":[10,10,10.125,10.125],"texture":"#4","tintindex":0},"up":{"uv":[0.125,10.375,0,10.25],"texture":"#4","tintindex":0},"down":{"uv":[10.375,0,10.25,0.125],"texture":"#4","tintindex":0}}},{"from":[9.1875,7.86014,8.3213],"to":[9.3125,8.04764,8.8213],"rotation":{"angle":22.5,"axis":"x","origin":[9.25,8.14139,8.47755]},"faces":{"east":{"uv":[1,10.25,1.125,10.375],"texture":"#4","tintindex":0},"west":{"uv":[10.25,1.5,10.375,1.625],"texture":"#4","tintindex":0},"down":{"uv":[2.125,10.25,2,10.375],"texture":"#4","tintindex":0}}},{"from":[9.1875,7.9375,6.8125],"to":[9.3125,8.1875,8],"rotation":{"angle":0,"axis":"y","origin":[8.4375,7.75,7]},"faces":{"north":{"uv":[10.25,2,10.375,2.125],"texture":"#4","tintindex":0},"east":{"uv":[7.5,3.5,7.75,3.625],"texture":"#4","tintindex":0},"west":{"uv":[3.75,7.5,4,7.625],"texture":"#4","tintindex":0},"up":{"uv":[4.375,7.75,4.25,7.5],"texture":"#4","tintindex":0},"down":{"uv":[4.875,7.5,4.75,7.75],"texture":"#4","tintindex":0}}},{"from":[9.1875,7.97411,7.21523],"to":[9.3125,8.09911,7.483],"rotation":{"angle":45,"axis":"x","origin":[8.8125,8.59911,7.34911]},"faces":{"east":{"uv":[2.5,10.25,2.625,10.375],"texture":"#4","tintindex":0},"west":{"uv":[10.25,2.5,10.375,2.625],"texture":"#4","tintindex":0}}},{"from":[9.1875,9.5,7.5],"to":[9.3125,10.3125,9.375],"rotation":{"angle":0,"axis":"y","origin":[8.4375,9.8125,8.375]},"faces":{"north":{"uv":[5.25,7.5,5.375,7.75],"texture":"#4","tintindex":0},"east":{"uv":[2.25,3,2.75,3.25],"texture":"#4","tintindex":0},"south":{"uv":[7.5,5.25,7.625,5.5],"texture":"#4","tintindex":0},"west":{"uv":[3,2.5,3.5,2.75],"texture":"#4","tintindex":0},"down":{"uv":[5.875,0,5.75,0.5],"texture":"#4","tintindex":0}}},{"from":[6.9375,7.625,7.125],"to":[8.375,8,9.75],"rotation":{"angle":0,"axis":"y","origin":[8,6.875,8.25]},"faces":{"north":{"uv":[6.25,0.75,6.625,0.875],"texture":"#4"},"south":{"uv":[6.25,1.25,6.625,1.375],"texture":"#4"},"west":{"uv":[4.25,2.5,4.875,2.625],"texture":"#4"},"down":{"uv":[1.875,0,1.5,0.625],"texture":"#4"}}},{"from":[7.125,7.4375,7.125],"to":[7.625,7.625,9.75],"rotation":{"angle":0,"axis":"y","origin":[8,6.875,8.25]},"faces":{"east":{"uv":[4.25,3,4.875,3.125],"texture":"#4"},"south":{"uv":[6,9,6.125,9.125],"texture":"#4"},"down":{"uv":[2.625,4.25,2.5,4.875],"texture":"#4"}}},{"from":[8.86049,7.58682,8.8125],"to":[9.12565,7.77432,9.75],"rotation":{"angle":45,"axis":"z","origin":[9.11049,7.68057,8.1875]},"faces":{"north":{"uv":[9,6,9.125,6.125],"texture":"#4"},"south":{"uv":[9,6.5,9.125,6.625],"texture":"#4"},"down":{"uv":[0.625,7,0.5,7.25],"texture":"#4"}}},{"from":[7.625,7.625,6.5625],"to":[8.375,8,7.125],"rotation":{"angle":0,"axis":"y","origin":[8,6.875,7.6875]},"faces":{"north":{"uv":[7,0.5,7.25,0.625],"texture":"#4"},"down":{"uv":[7.25,1,7,1.125],"texture":"#4"}}},{"from":[8.375,7.4375,8.8125],"to":[9,7.625,9.75],"rotation":{"angle":0,"axis":"y","origin":[8,6.875,8.25]},"faces":{"north":{"uv":[9,7,9.125,7.125],"texture":"#4"},"south":{"uv":[9,8,9.125,8.125],"texture":"#4"},"west":{"uv":[1.75,7,2,7.125],"texture":"#4"},"down":{"uv":[7.125,3.25,7,3.5],"texture":"#4"}}},{"from":[6.99935,7.58682,7.125],"to":[7.26451,7.77432,9.75],"rotation":{"angle":-45,"axis":"z","origin":[7.01451,7.68057,8.1875]},"faces":{"north":{"uv":[8.5,9,8.625,9.125],"texture":"#4"},"south":{"uv":[9,8.5,9.125,8.625],"texture":"#4"},"down":{"uv":[4.375,4,4.25,4.625],"texture":"#4"}}},{"from":[8.375,7.625,8.8125],"to":[9.1875,8,9.75],"rotation":{"angle":0,"axis":"y","origin":[8.125,6.875,8.25]},"faces":{"north":{"uv":[7,3.75,7.25,3.875],"texture":"#4"},"east":{"uv":[4,7,4.25,7.125],"texture":"#4"},"south":{"uv":[4.5,7,4.75,7.125],"texture":"#4"},"up":{"uv":[1.75,5,1.5,4.75],"texture":"#4"}}},{"from":[8.375,7.375,6.5625],"to":[8.875,8,8.8125],"rotation":{"angle":0,"axis":"y","origin":[8,6.875,6.75]},"faces":{"north":{"uv":[9,9,9.125,9.125],"texture":"#4"},"south":{"uv":[0,9.25,0.125,9.375],"texture":"#4"},"west":{"uv":[0,4.5,0.625,4.625],"texture":"#4"},"down":{"uv":[4.625,0,4.5,0.625],"texture":"#4"}}},{"from":[8.875,7.375,6.75],"to":[9.0625,8,8.625],"rotation":{"angle":0,"axis":"y","origin":[8,6.875,6.75]},"faces":{"east":{"uv":[5,0.5,5.5,0.625],"texture":"#4"},"down":{"uv":[2.125,5,2,5.5],"texture":"#4"}}},{"from":[8.54891,7.375,6.69757],"to":[8.73641,8,6.96274],"rotation":{"angle":45,"axis":"y","origin":[8.64266,7.6875,6.46274]},"faces":{"east":{"uv":[9.25,0,9.375,0.125],"texture":"#4"},"up":{"uv":[1.125,9.375,1,9.25],"texture":"#4"},"down":{"uv":[9.375,1.5,9.25,1.625],"texture":"#4"}}},{"from":[8.80871,7.375,8.51988],"to":[8.99621,8,8.78504],"rotation":{"angle":-45,"axis":"y","origin":[8.90246,7.6875,8.65246]},"faces":{"east":{"uv":[2,9.25,2.125,9.375],"texture":"#4"},"up":{"uv":[9.375,2.125,9.25,2],"texture":"#4"},"down":{"uv":[2.625,9.25,2.5,9.375],"texture":"#4"}}},{"from":[7.125,7.375,6.5625],"to":[7.625,8,7.125],"rotation":{"angle":0,"axis":"y","origin":[7.6875,6.875,7.8125]},"faces":{"north":{"uv":[9.25,2.5,9.375,2.625],"texture":"#4"},"east":{"uv":[3,9.25,3.125,9.375],"texture":"#4"},"south":{"uv":[9.25,4,9.375,4.125],"texture":"#4"},"down":{"uv":[9.375,4.5,9.25,4.625],"texture":"#4"}}},{"from":[7.02444,7.375,6.53819],"to":[7.2397,8,7.05787],"rotation":{"angle":-22.5,"axis":"y","origin":[7.01362,7.71875,6.80312]},"faces":{"south":{"uv":[6.5,9.25,6.625,9.375],"texture":"#4"},"west":{"uv":[7,9.25,7.125,9.375],"texture":"#4"},"up":{"uv":[7.625,9.375,7.5,9.25],"texture":"#4"},"down":{"uv":[9.375,7.5,9.25,7.625],"texture":"#4"}}},{"from":[8.5625,7.60983,7.5],"to":[9.1875,7.76517,7.875],"rotation":{"angle":45,"axis":"x","origin":[8.75,7.6875,7.6875]},"faces":{"north":{"uv":[8.75,2.5,8.875,2.625],"texture":"#4"},"east":{"uv":[3,8.75,3.125,8.875],"texture":"#4"},"south":{"uv":[8.75,4,8.875,4.125],"texture":"#4"},"west":{"uv":[8.75,4.5,8.875,4.625],"texture":"#4"}}},{"from":[8.5625,7.60983,7.5],"to":[9.1875,7.76517,7.875],"rotation":{"angle":0,"axis":"y","origin":[8.75,7.6875,7.6875]},"faces":{"north":{"uv":[6.5,8.75,6.625,8.875],"texture":"#4"},"east":{"uv":[7,8.75,7.125,8.875],"texture":"#4"},"south":{"uv":[7.5,8.75,7.625,8.875],"texture":"#4"}}},{"from":[8.5625,7.5,7.60983],"to":[9.1875,7.875,7.76517],"rotation":{"angle":45,"axis":"x","origin":[8.75,7.6875,7.6875]},"faces":{"east":{"uv":[8.75,7.5,8.875,7.625],"texture":"#4"},"west":{"uv":[8,8.75,8.125,8.875],"texture":"#4"},"up":{"uv":[0.625,9.125,0.5,9],"texture":"#4"},"down":{"uv":[9.125,0.5,9,0.625],"texture":"#4"}}},{"from":[8.5625,7.5,7.60983],"to":[9.1875,7.875,7.76517],"rotation":{"angle":0,"axis":"y","origin":[8.75,7.6875,7.6875]},"faces":{"east":{"uv":[9,1,9.125,1.125],"texture":"#4"},"up":{"uv":[1.625,9.125,1.5,9],"texture":"#4"},"down":{"uv":[9.125,3,9,3.125],"texture":"#4"}}},{"from":[6.5,7.4375,8.21875],"to":[6.6875,7.73438,9.875],"rotation":{"angle":0,"axis":"y","origin":[7.4375,6.75,9.0625]},"faces":{"east":{"uv":[6,4.25,6.375,4.375],"texture":"#4"},"south":{"uv":[3.5,9,3.625,9.125],"texture":"#4"},"west":{"uv":[0,6.25,0.375,6.375],"texture":"#4"},"up":{"uv":[6.375,0.375,6.25,0],"texture":"#4"},"down":{"uv":[0.875,6.25,0.75,6.625],"texture":"#4"}}},{"from":[6.5,7.3585,8.10669],"to":[6.6875,7.6085,8.60669],"rotation":{"angle":22.5,"axis":"x","origin":[6.5625,7.4835,8.95044]},"faces":{"east":{"uv":[9,3.5,9.125,3.625],"texture":"#4"},"west":{"uv":[4,9,4.125,9.125],"texture":"#4"},"up":{"uv":[4.625,9.125,4.5,9],"texture":"#4"}}},{"from":[6.5,7.4375,7.4375],"to":[6.6875,7.92188,8.21875],"rotation":{"angle":0,"axis":"y","origin":[7.4375,6.75,8.25]},"faces":{"east":{"uv":[2.5,6.75,2.75,6.875],"texture":"#4"},"west":{"uv":[3.5,6.75,3.75,6.875],"texture":"#4"},"up":{"uv":[6.875,4.5,6.75,4.25],"texture":"#4"},"down":{"uv":[6.875,4.75,6.75,5],"texture":"#4"}}},{"from":[6.54083,7.4375,7.26776],"to":[7.22833,7.92188,7.64276],"rotation":{"angle":22.5,"axis":"y","origin":[6.94708,7.71875,7.45526]},"faces":{"north":{"uv":[5,9,5.125,9.125],"texture":"#4"},"south":{"uv":[9,5,9.125,5.125],"texture":"#4"},"up":{"uv":[5.625,9.125,5.5,9],"texture":"#4"},"down":{"uv":[9.125,5.5,9,5.625],"texture":"#4"}}},{"from":[9.0625,8.42325,5.625],"to":[9.3125,8.88925,6.75],"rotation":{"angle":45,"axis":"x","origin":[8.0625,8.65625,6.1875]},"faces":{"north":{"uv":[8.5,8.5,8.625,8.625],"texture":"#4","tintindex":0},"east":{"uv":[6.5,5.5,6.75,5.625],"texture":"#4","tintindex":0},"south":{"uv":[0,8.75,0.125,8.875],"texture":"#4","tintindex":0},"west":{"uv":[6.5,6,6.75,6.125],"texture":"#4","tintindex":0}}},{"from":[9.0625,8.42325,5.625],"to":[9.3125,8.88925,6.75],"rotation":{"angle":0,"axis":"y","origin":[8.0625,8.65625,6.1875]},"faces":{"north":{"uv":[8.75,0,8.875,0.125],"texture":"#4","tintindex":0},"east":{"uv":[6.5,6.5,6.75,6.625],"texture":"#4","tintindex":0},"south":{"uv":[1,8.75,1.125,8.875],"texture":"#4","tintindex":0}}},{"from":[9.0625,8.09375,5.9545],"to":[9.3125,9.21875,6.4205],"rotation":{"angle":45,"axis":"x","origin":[8.0625,8.65625,6.1875]},"faces":{"east":{"uv":[0,6.75,0.125,7],"texture":"#4","tintindex":0},"west":{"uv":[6.75,0,6.875,0.25],"texture":"#4","tintindex":0},"up":{"uv":[8.875,1.625,8.75,1.5],"texture":"#4","tintindex":0},"down":{"uv":[2.125,8.75,2,8.875],"texture":"#4","tintindex":0}}},{"from":[9.0625,8.09375,5.9545],"to":[9.3125,9.21875,6.4205],"rotation":{"angle":0,"axis":"y","origin":[8.0625,8.65625,6.1875]},"faces":{"east":{"uv":[1.25,6.75,1.375,7],"texture":"#4","tintindex":0},"up":{"uv":[8.875,2.125,8.75,2],"texture":"#4","tintindex":0},"down":{"uv":[2.625,8.75,2.5,8.875],"texture":"#4","tintindex":0}}},{"from":[6.9375,9.1875,5.9375],"to":[7.125,9.3125,7.75],"rotation":{"angle":0,"axis":"y","origin":[8,8.0625,8.25]},"faces":{"west":{"uv":[3,4.5,3.5,4.625],"texture":"#4","tintindex":0},"up":{"uv":[1.125,5,1,4.5],"texture":"#4","tintindex":0}}},{"from":[6.9375,9.1875,7.75],"to":[7.125,10.3125,9.25],"rotation":{"angle":0,"axis":"y","origin":[7.9375,9.0625,8.25]},"faces":{"north":{"uv":[6.5,3.25,6.625,3.5],"texture":"#4","tintindex":0},"east":{"uv":[3.25,1,3.625,1.25],"texture":"#4","tintindex":0},"west":{"uv":[2,3.5,2.375,3.75],"texture":"#4","tintindex":0}}},{"from":[7.25,10.4375,7.75],"to":[8.75,10.625,9.25],"rotation":{"angle":0,"axis":"y","origin":[7.8125,10.53125,8.75]},"faces":{"north":{"uv":[5.5,1.5,5.875,1.625],"texture":"#4","tintindex":0},"south":{"uv":[0.5,5.75,0.875,5.875],"texture":"#4","tintindex":0},"up":{"uv":[2.625,2.125,2.25,1.75],"texture":"#4","tintindex":0},"down":{"uv":[0.375,2.5,0,2.875],"texture":"#4","tintindex":0}}},{"from":[6.9375,9.05986,9.04923],"to":[7.125,10.30986,9.48673],"rotation":{"angle":-22.5,"axis":"x","origin":[7.03125,9.71611,9.36173]},"faces":{"east":{"uv":[5.75,0.75,5.875,1.125],"texture":"#4","tintindex":0},"south":{"uv":[2,5.75,2.125,6.125],"texture":"#4","tintindex":0},"west":{"uv":[3,5.75,3.125,6.125],"texture":"#4","tintindex":0}}},{"from":[8.875,9.1875,5.9375],"to":[9.0625,9.3125,7.75],"rotation":{"angle":0,"axis":"y","origin":[8,8.0625,8.25]},"faces":{"east":{"uv":[4.75,1.5,5.25,1.625],"texture":"#4","tintindex":0},"up":{"uv":[3.875,5,3.75,4.5],"texture":"#4","tintindex":0}}},{"from":[8.875,9.05986,9.04923],"to":[9.0625,10.30986,9.48673],"rotation":{"angle":-22.5,"axis":"x","origin":[8.96875,9.71611,9.36173]},"faces":{"east":{"uv":[4,5.75,4.125,6.125],"texture":"#4","tintindex":0},"south":{"uv":[4.5,5.75,4.625,6.125],"texture":"#4","tintindex":0},"west":{"uv":[5.75,4.75,5.875,5.125],"texture":"#4","tintindex":0}}},{"from":[7.125,8.8125,5.8125],"to":[8.875,9.1875,5.9375],"rotation":{"angle":0,"axis":"y","origin":[8,8.0625,8.125]},"faces":{"east":{"uv":[8,6.5,8.125,6.625],"texture":"#4","tintindex":0},"west":{"uv":[8,7,8.125,7.125],"texture":"#4","tintindex":0},"up":{"uv":[5.25,4.125,4.75,4],"texture":"#4","tintindex":0}}},{"from":[8.875,9.49511,7.34958],"to":[9.0625,9.80761,7.91208],"rotation":{"angle":-45,"axis":"x","origin":[8,9.58886,7.97458]},"faces":{"east":{"uv":[0,8.25,0.125,8.375],"texture":"#4","tintindex":0},"west":{"uv":[8.25,0,8.375,0.125],"texture":"#4","tintindex":0},"up":{"uv":[1.125,8.375,1,8.25],"texture":"#4","tintindex":0}}},{"from":[6.9375,9.49511,7.34958],"to":[7.125,9.80761,7.91208],"rotation":{"angle":-45,"axis":"x","origin":[8,9.58886,7.97458]},"faces":{"east":{"uv":[8.25,1.5,8.375,1.625],"texture":"#4","tintindex":0},"west":{"uv":[2,8.25,2.125,8.375],"texture":"#4","tintindex":0},"up":{"uv":[8.375,2.125,8.25,2],"texture":"#4","tintindex":0}}},{"from":[6.9375,8,5.9375],"to":[9.0625,9.1875,9.75],"rotation":{"angle":0,"axis":"y","origin":[8,8.0625,8.25]},"faces":{"east":{"uv":[0,1.25,1,1.5],"texture":"#4","tintindex":0},"south":{"uv":[1.5,2.5,2,2.75],"texture":"#4","tintindex":0},"west":{"uv":[1.25,1.25,2.25,1.5],"texture":"#4","tintindex":0},"up":{"uv":[0.5,1,0,0],"texture":"#4","tintindex":0},"down":{"uv":[1.25,0,0.75,1],"texture":"#4","tintindex":0}}},{"from":[6.625,7.75,8.75],"to":[6.9375,9.4375,9.625],"rotation":{"angle":0,"axis":"y","origin":[7.75,8.0625,8.1875]},"faces":{"north":{"uv":[5,5.75,5.125,6.125],"texture":"#4","tintindex":0},"east":{"uv":[2.75,3.5,3,3.875],"texture":"#4","tintindex":0},"up":{"uv":[6.625,4,6.5,3.75],"texture":"#4","tintindex":0},"down":{"uv":[4.125,6.5,4,6.75],"texture":"#4","tintindex":0}}},{"from":[7.0625,7.75,9.75],"to":[8.9375,8.5,10],"rotation":{"angle":0,"axis":"y","origin":[8,8.0625,8.5]},"faces":{"east":{"uv":[4.5,6.5,4.625,6.75],"texture":"#4","tintindex":0},"south":{"uv":[2.25,2.5,2.75,2.75],"texture":"#4","tintindex":0},"west":{"uv":[5,6.5,5.125,6.75],"texture":"#4","tintindex":0},"down":{"uv":[5.25,4.5,4.75,4.625],"texture":"#4","tintindex":0}}},{"from":[7.07571,9.97882,7.75],"to":[7.51766,10.16632,9.25],"rotation":{"angle":45,"axis":"z","origin":[6.83016,10.07257,8.75]},"faces":{"north":{"uv":[2.5,8.25,2.625,8.375],"texture":"#4","tintindex":0},"south":{"uv":[8.25,2.5,8.375,2.625],"texture":"#4","tintindex":0},"up":{"uv":[5.625,6.125,5.5,5.75],"texture":"#4","tintindex":0},"down":{"uv":[1.375,6,1.25,6.375],"texture":"#4","tintindex":0}}},{"from":[7.0625,8.42124,9.60405],"to":[8.9375,9.09312,9.85405],"rotation":{"angle":-22.5,"axis":"x","origin":[8,8.82749,9.72905]},"faces":{"east":{"uv":[3,8.25,3.125,8.375],"texture":"#4","tintindex":0},"south":{"uv":[0,5,0.5,5.125],"texture":"#4","tintindex":0},"west":{"uv":[8.25,4,8.375,4.125],"texture":"#4","tintindex":0}}},{"from":[6.625,7.75,9.625],"to":[6.9375,9.1875,9.875],"rotation":{"angle":0,"axis":"y","origin":[7.75,8.0625,8.4375]},"faces":{"east":{"uv":[6,2,6.125,2.375],"texture":"#4","tintindex":0},"south":{"uv":[2.5,6,2.625,6.375],"texture":"#4","tintindex":0},"down":{"uv":[8.375,4.5,8.25,4.625],"texture":"#4","tintindex":0}}},{"from":[8.78661,9.07322,5.9375],"to":[8.97411,9.19822,9.625],"rotation":{"angle":45,"axis":"z","origin":[8.78661,9.13572,6.84375]},"faces":{"north":{"uv":[6.5,8.25,6.625,8.375],"texture":"#4","tintindex":0},"east":{"uv":[3,3,3.875,3.125],"texture":"#4","tintindex":0},"south":{"uv":[7,8.25,7.125,8.375],"texture":"#4","tintindex":0},"up":{"uv":[0.125,4.125,0,3.25],"texture":"#4","tintindex":0},"down":{"uv":[0.625,3.25,0.5,4.125],"texture":"#4","tintindex":0}}},{"from":[6.625,9.05963,9.56629],"to":[6.9375,9.41318,9.81629],"rotation":{"angle":-45,"axis":"x","origin":[6.78125,9.19443,9.69129]},"faces":{"east":{"uv":[7.5,8.25,7.625,8.375],"texture":"#4","tintindex":0},"south":{"uv":[8.25,7.5,8.375,7.625],"texture":"#4","tintindex":0},"west":{"uv":[8,8.25,8.125,8.375],"texture":"#4","tintindex":0}}},{"from":[8.875,9.1875,7.75],"to":[9.0625,10.3125,9.25],"rotation":{"angle":0,"axis":"y","origin":[8.0625,9.0625,8.25]},"faces":{"north":{"uv":[5.5,6.5,5.625,6.75],"texture":"#4","tintindex":0},"east":{"uv":[3.25,3.5,3.625,3.75],"texture":"#4","tintindex":0},"west":{"uv":[3.75,0,4.125,0.25],"texture":"#4","tintindex":0}}},{"from":[7.02589,9.07322,5.9375],"to":[7.21339,9.19822,9.625],"rotation":{"angle":-45,"axis":"z","origin":[7.21339,9.13572,6.84375]},"faces":{"north":{"uv":[0.5,8.5,0.625,8.625],"texture":"#4","tintindex":0},"south":{"uv":[8.5,0.5,8.625,0.625],"texture":"#4","tintindex":0},"west":{"uv":[3.25,0.5,4.125,0.625],"texture":"#4","tintindex":0},"up":{"uv":[1.125,4.125,1,3.25],"texture":"#4","tintindex":0},"down":{"uv":[1.625,3.5,1.5,4.375],"texture":"#4","tintindex":0}}},{"from":[8.48234,9.97882,7.75],"to":[8.92429,10.16632,9.25],"rotation":{"angle":-45,"axis":"z","origin":[9.16984,10.07257,8.75]},"faces":{"north":{"uv":[8.5,1,8.625,1.125],"texture":"#4","tintindex":0},"south":{"uv":[1.5,8.5,1.625,8.625],"texture":"#4","tintindex":0},"up":{"uv":[6.125,3.125,6,2.75],"texture":"#4","tintindex":0},"down":{"uv":[3.625,6,3.5,6.375],"texture":"#4","tintindex":0}}},{"from":[8.875,8.38442,5.55308],"to":[9.0625,8.92808,6.05308],"rotation":{"angle":45,"axis":"x","origin":[8.5625,8.65625,6.20933]},"faces":{"north":{"uv":[8.5,3,8.625,3.125],"texture":"#4","tintindex":0},"east":{"uv":[3.5,8.5,3.625,8.625],"texture":"#4","tintindex":0},"west":{"uv":[8.5,3.5,8.625,3.625],"texture":"#4","tintindex":0}}},{"from":[6.6875,8.38442,5.55308],"to":[7.125,8.92808,6.05308],"rotation":{"angle":45,"axis":"x","origin":[6.625,8.65625,6.20933]},"faces":{"north":{"uv":[4,8.5,4.125,8.625],"texture":"#4","tintindex":0},"east":{"uv":[4.5,8.5,4.625,8.625],"texture":"#4","tintindex":0},"west":{"uv":[5,8.5,5.125,8.625],"texture":"#4","tintindex":0}}},{"from":[7.125,8.38442,5.55308],"to":[8.875,8.7513,6.05308],"rotation":{"angle":45,"axis":"x","origin":[6.8125,8.65625,6.20933]},"faces":{"north":{"uv":[5,0,5.5,0.125],"texture":"#4","tintindex":0}}},{"from":[6.6875,8.38442,5.55308],"to":[9.0625,8.92808,6.05308],"rotation":{"angle":0,"axis":"y","origin":[8.5625,8.65625,6.20933]},"faces":{"north":{"uv":[4,3.5,4.625,3.625],"texture":"#4","tintindex":0},"east":{"uv":[8.5,5,8.625,5.125],"texture":"#4","tintindex":0},"west":{"uv":[5.5,8.5,5.625,8.625],"texture":"#4","tintindex":0}}},{"from":[6.6875,8,5.9375],"to":[6.9375,9.3125,6.55308],"rotation":{"angle":0,"axis":"y","origin":[8.5625,8.65625,6.70933]},"faces":{"west":{"uv":[6,3.5,6.125,3.875],"texture":"#4","tintindex":0},"up":{"uv":[8.625,5.625,8.5,5.5],"texture":"#4","tintindex":0},"down":{"uv":[6.125,8.5,6,8.625],"texture":"#4","tintindex":0}}},{"from":[6.86853,8,6.37454],"to":[7.11853,9.3125,6.74012],"rotation":{"angle":45,"axis":"y","origin":[6.99353,8.65625,6.68233]},"faces":{"west":{"uv":[6,5.5,6.125,5.875],"texture":"#4","tintindex":0},"up":{"uv":[8.625,6.125,8.5,6],"texture":"#4","tintindex":0},"down":{"uv":[8.625,6.5,8.5,6.625],"texture":"#4","tintindex":0}}},{"from":[6.6875,8,5.9375],"to":[9.0625,8.5,6.48116],"rotation":{"angle":45,"axis":"x","origin":[8.5625,8.65625,6.20933]},"faces":{"east":{"uv":[8.5,7,8.625,7.125],"texture":"#4","tintindex":0},"west":{"uv":[8.5,8,8.625,8.125],"texture":"#4","tintindex":0},"down":{"uv":[4.875,2,4.25,2.125],"texture":"#4","tintindex":0}}},{"from":[6.6865,9.8125,7.625],"to":[6.6875,10.2125,9.225],"rotation":{"angle":0,"axis":"y","origin":[7.54688,10.125,8.25]},"faces":{"north":{"uv":[0.251,0,0.252,0.4],"texture":"#3"},"south":{"uv":[0.251,0,0.252,0.4],"texture":"#3"},"west":{"uv":[0,6.03125,16,10.03125],"texture":"#3"},"up":{"uv":[0.251,0,0.252,1.6],"texture":"#3"},"down":{"uv":[0.251,0,0.252,1.6],"texture":"#3"}}},{"from":[9.3125,9.8125,7.625],"to":[9.3135,10.2125,9.225],"rotation":{"angle":0,"axis":"y","origin":[8.45313,10.125,8.25]},"faces":{"north":{"uv":[0.25,0,0.251,0.4],"texture":"#3"},"east":{"uv":[0,6.03125,16,10.03125],"texture":"#3"},"south":{"uv":[0.25,0,0.251,0.4],"texture":"#3"},"up":{"uv":[0.25,0,0.251,1.6],"texture":"#3"},"down":{"uv":[0.25,0,0.251,1.6],"texture":"#3"}}}],"display":{"thirdperson_righthand":{"translation":[0,0.5,0.75],"scale":[0.55,0.55,0.55]},"thirdperson_lefthand":{"translation":[0,0.5,0.75],"scale":[0.55,0.55,0.55]},"firstperson_righthand":{"translation":[-1,3,2.5]},"firstperson_lefthand":{"translation":[-1,3,2.5]},"ground":{"translation":[0,3,0],"scale":[0.55,0.55,0.55]},"gui":{"rotation":[30,-145,0],"translation":[-0.25,-2.5,0],"scale":[3,3,3]},"fixed":{"rotation":[0,90,0],"translation":[0,1,-2],"scale":[1.1,1.1,1.1]}},"groups":[{"name":"eotech_exps3","origin":[8,8,8],"color":0,"nbt":"{}","children":[{"name":"button","origin":[6.5,7.6875,9.5625],"color":0,"nbt":"{}","children":[{"name":"group","origin":[6.5,7.6875,9.5625],"color":0,"nbt":"{}","children":[0,1,2]}]},{"name":"screw","origin":[6.9375,6.875,6.625],"color":0,"nbt":"{}","children":[{"name":"group","origin":[7.34375,6.625,9.59283],"color":0,"nbt":"{}","children":[3,4,5,6,7,8]},9,10,11,{"name":"octagon","origin":[8,8,8],"color":0,"nbt":"{}","children":[12,13,14,15]},{"name":"octagon","origin":[8,8,8],"color":0,"nbt":"{}","children":[16,17,18,19]}]},20,{"name":"shell","origin":[8,8,8],"color":0,"nbt":"{}","children":[{"name":"group","origin":[8,8.63258,9.32636],"color":0,"nbt":"{}","children":[21,22,23,24,25,26,27,28,29,30,31,32,33,34,35,36]},{"name":"group","origin":[8.8125,7.28661,7.34911],"color":0,"nbt":"{}","children":[37,38,39,40,41,42,43,44,45,46,47,48,49,50,51,52,53,54,55,56,57]}]},{"name":"group","origin":[6.82612,6.40625,6.74062],"color":0,"nbt":"{}","children":[58,59,60,61,62,63,64,65,66,67,68,69,70]},{"name":"clip","origin":[8,8,8],"color":0,"nbt":"{}","children":[{"name":"octagon","origin":[8,8,8],"color":0,"nbt":"{}","children":[71,72,73,74]},{"name":"group","origin":[7.00958,6.40625,7.39276],"color":0,"nbt":"{}","children":[75,76,77,78]}]},{"name":"octagon","origin":[8,8,8],"color":0,"nbt":"{}","children":[79,80,81,82]},{"name":"body","origin":[9.16984,8.69757,0.5],"color":0,"nbt":"{}","children":[83,84,85,86,87,88,89,90,91,92,93,94,95,96,97,98,99,100,101,102,{"name":"octagon","origin":[8,8,8],"color":0,"nbt":"{}","children":[103,104,105,106,107,108,109]}]}]},{"name":"pattern","origin":[8.45313,8.8125,8.25],"color":8,"nbt":"{}","children":[110,111]}]}