{"credit":"Made with Blockbench","textures":{"0":"tac:items/glock_slide_17","1":"tac:items/ppsh_bolt","particle":"tac:items/glock_slide_17"},"elements":[{"from":[7.38129,7.74517,7.99289],"to":[8.62184,8.03742,8.67667],"rotation":{"angle":0,"axis":"y","origin":[7.96995,8.125,7.52523]},"faces":{"north":{"uv":[0,0,1.02854,0.16883],"texture":"#1","tintindex":0},"east":{"uv":[0,0,2,0.16883],"texture":"#1","tintindex":0},"south":{"uv":[0,0,1.02854,0.16883],"texture":"#1","tintindex":0},"west":{"uv":[0,0,2,0.16883],"texture":"#1","tintindex":0},"up":{"uv":[0,0,1.02854,2],"texture":"#1","tintindex":0},"down":{"uv":[0,0,1.02854,2],"texture":"#1","tintindex":0}}},{"from":[7.38129,7.74517,6.68749],"to":[8.62184,8.03742,7.37127],"rotation":{"angle":0,"axis":"y","origin":[7.96995,8.125,7.52523]},"faces":{"north":{"uv":[0,0,1.02854,0.16883],"texture":"#1","tintindex":0},"east":{"uv":[0,0,2,0.16883],"texture":"#1","tintindex":0},"south":{"uv":[0,0,1.02854,0.16883],"texture":"#1","tintindex":0},"west":{"uv":[0,0,2,0.16883],"texture":"#1","tintindex":0},"up":{"uv":[0,0,1.02854,2],"texture":"#1","tintindex":0},"down":{"uv":[0,0,1.02854,2],"texture":"#1","tintindex":0}}},{"from":[7.44345,7.74517,7.37127],"to":[8.55967,7.80734,7.99289],"rotation":{"angle":0,"axis":"y","origin":[7.96995,8.125,7.52523]},"faces":{"north":{"uv":[0,0,1.02854,0.16883],"texture":"#1","tintindex":0},"east":{"uv":[0,0,2,0.16883],"texture":"#1","tintindex":0},"south":{"uv":[0,0,1.02854,0.16883],"texture":"#1","tintindex":0},"west":{"uv":[0,0,2,0.16883],"texture":"#1","tintindex":0},"up":{"uv":[0,0,1.02854,2],"texture":"#1","tintindex":0},"down":{"uv":[0,0,1.02854,2],"texture":"#1","tintindex":0}}},{"from":[8.11836,7.43943,7.37127],"to":[8.20628,7.50159,7.99289],"rotation":{"angle":45,"axis":"z","origin":[7.96995,8.125,7.52523]},"faces":{"north":{"uv":[0,0,1.02854,0.16883],"texture":"#1","tintindex":0},"east":{"uv":[0,0,2,0.16883],"texture":"#1","tintindex":0},"south":{"uv":[0,0,1.02854,0.16883],"texture":"#1","tintindex":0},"west":{"uv":[0,0,2,0.16883],"texture":"#1","tintindex":0},"up":{"uv":[0,0,1.02854,2],"texture":"#1","tintindex":0},"down":{"uv":[0,0,1.02854,2],"texture":"#1","tintindex":0}}},{"from":[7.38129,7.80734,7.37127],"to":[8.62184,8.03742,7.99289],"rotation":{"angle":0,"axis":"y","origin":[7.96995,8.125,7.52523]},"faces":{"north":{"uv":[0,0,1.02854,0.16883],"texture":"#1","tintindex":0},"east":{"uv":[0,0,2,0.16883],"texture":"#1","tintindex":0},"south":{"uv":[0,0,1.02854,0.16883],"texture":"#1","tintindex":0},"west":{"uv":[0,0,2,0.16883],"texture":"#1","tintindex":0},"up":{"uv":[0,0,1.02854,2],"texture":"#1","tintindex":0},"down":{"uv":[0,0,1.02854,2],"texture":"#1","tintindex":0}}},{"from":[7.77833,7.48413,7.37127],"to":[7.86624,7.54629,7.99289],"rotation":{"angle":-45,"axis":"z","origin":[7.96995,8.125,7.52523]},"faces":{"north":{"uv":[1.02854,0,0,0.16883],"texture":"#1","tintindex":0},"east":{"uv":[2,0,0,0.16883],"texture":"#1","tintindex":0},"south":{"uv":[1.02854,0,0,0.16883],"texture":"#1","tintindex":0},"west":{"uv":[2,0,0,0.16883],"texture":"#1","tintindex":0},"up":{"uv":[1.02854,0,0,2],"texture":"#1","tintindex":0},"down":{"uv":[1.02854,0,0,2],"texture":"#1","tintindex":0}}},{"from":[7.38129,7.80734,7.37127],"to":[8.62184,8.03742,7.99289],"rotation":{"angle":0,"axis":"y","origin":[7.96995,8.125,7.52523]},"faces":{"north":{"uv":[1.02854,0,0,0.16883],"texture":"#1","tintindex":0},"east":{"uv":[2,0,0,0.16883],"texture":"#1","tintindex":0},"south":{"uv":[1.02854,0,0,0.16883],"texture":"#1","tintindex":0},"west":{"uv":[2,0,0,0.16883],"texture":"#1","tintindex":0},"up":{"uv":[1.02854,0,0,2],"texture":"#1","tintindex":0},"down":{"uv":[1.02854,0,0,2],"texture":"#1","tintindex":0}}},{"from":[7.44345,8.03741,6.68749],"to":[8.55966,8.09958,7.74424],"rotation":{"angle":0,"axis":"y","origin":[7.96995,8.125,7.52523]},"faces":{"north":{"uv":[0,0,1.02854,0.16883],"texture":"#1","tintindex":0},"east":{"uv":[0,0,2,0.16883],"texture":"#1","tintindex":0},"south":{"uv":[0,0,1.02854,0.16883],"texture":"#1","tintindex":0},"west":{"uv":[0,0,2,0.16883],"texture":"#1","tintindex":0},"up":{"uv":[0,0,1.02854,2],"texture":"#1","tintindex":0},"down":{"uv":[0,0,1.02854,2],"texture":"#1","tintindex":0}}},{"from":[7.56507,8.19972,7.69808],"to":[8.43804,8.26188,7.8224],"rotation":{"angle":45,"axis":"x","origin":[7.96995,8.125,7.52523]},"faces":{"north":{"uv":[0,0,1.02854,0.16883],"texture":"#1","tintindex":0},"east":{"uv":[0,0,2,0.16883],"texture":"#1","tintindex":0},"south":{"uv":[0,0,1.02854,0.16883],"texture":"#1","tintindex":0},"west":{"uv":[0,0,2,0.16883],"texture":"#1","tintindex":0},"up":{"uv":[0,0,1.02854,2],"texture":"#1","tintindex":0},"down":{"uv":[0,0,1.02854,2],"texture":"#1","tintindex":0}}},{"from":[7.56508,7.81281,7.87594],"to":[8.43804,7.87497,8.06243],"rotation":{"angle":-22.5,"axis":"x","origin":[7.96995,8.125,7.52523]},"faces":{"north":{"uv":[0,0,1.02854,0.16883],"texture":"#1","tintindex":0},"east":{"uv":[0,0,2,0.16883],"texture":"#1","tintindex":0},"south":{"uv":[0,0,1.02854,0.16883],"texture":"#1","tintindex":0},"west":{"uv":[0,0,2,0.16883],"texture":"#1","tintindex":0},"up":{"uv":[0,0,1.02854,2],"texture":"#1","tintindex":0},"down":{"uv":[0,0,1.02854,2],"texture":"#1","tintindex":0}}},{"from":[7.44345,8.03741,7.74424],"to":[7.56507,8.09958,8.11722],"rotation":{"angle":0,"axis":"y","origin":[7.96995,8.125,7.52523]},"faces":{"north":{"uv":[0,0,1.02854,0.16883],"texture":"#1","tintindex":0},"east":{"uv":[0,0,2,0.16883],"texture":"#1","tintindex":0},"south":{"uv":[0,0,1.02854,0.16883],"texture":"#1","tintindex":0},"west":{"uv":[0,0,2,0.16883],"texture":"#1","tintindex":0},"up":{"uv":[0,0,1.02854,2],"texture":"#1","tintindex":0},"down":{"uv":[0,0,1.02854,2],"texture":"#1","tintindex":0}}},{"from":[8.43804,8.03741,7.74424],"to":[8.55967,8.09958,8.11722],"rotation":{"angle":0,"axis":"y","origin":[7.96995,8.125,7.52523]},"faces":{"north":{"uv":[1.02854,0,0,0.16883],"texture":"#1","tintindex":0},"east":{"uv":[2,0,0,0.16883],"texture":"#1","tintindex":0},"south":{"uv":[1.02854,0,0,0.16883],"texture":"#1","tintindex":0},"west":{"uv":[2,0,0,0.16883],"texture":"#1","tintindex":0},"up":{"uv":[1.02854,0,0,2],"texture":"#1","tintindex":0},"down":{"uv":[1.02854,0,0,2],"texture":"#1","tintindex":0}}},{"from":[7.44345,8.03741,8.11722],"to":[8.55966,8.09958,8.67667],"rotation":{"angle":0,"axis":"y","origin":[7.96995,8.125,7.52523]},"faces":{"north":{"uv":[0,0,1.02854,0.16883],"texture":"#1","tintindex":0},"east":{"uv":[0,0,2,0.16883],"texture":"#1","tintindex":0},"south":{"uv":[0,0,1.02854,0.16883],"texture":"#1","tintindex":0},"west":{"uv":[0,0,2,0.16883],"texture":"#1","tintindex":0},"up":{"uv":[0,0,1.02854,2],"texture":"#1","tintindex":0},"down":{"uv":[0,0,1.02854,2],"texture":"#1","tintindex":0}}},{"from":[8.40492,8.46488,6.68749],"to":[8.49284,8.52401,8.67667],"rotation":{"angle":-45,"axis":"z","origin":[7.96995,8.125,7.52523]},"faces":{"north":{"uv":[0,0,1.02854,0.16883],"texture":"#1","tintindex":0},"east":{"uv":[0,0,2,0.16883],"texture":"#1","tintindex":0},"south":{"uv":[0,0,1.02854,0.16883],"texture":"#1","tintindex":0},"west":{"uv":[0,0,2,0.16883],"texture":"#1","tintindex":0},"up":{"uv":[0,0,1.02854,2],"texture":"#1","tintindex":0},"down":{"uv":[0,0,1.02854,2],"texture":"#1","tintindex":0}}},{"from":[7.49177,8.42018,6.68749],"to":[7.57968,8.47931,8.67667],"rotation":{"angle":45,"axis":"z","origin":[7.96995,8.125,7.52523]},"faces":{"north":{"uv":[1.02854,0,0,0.16883],"texture":"#1","tintindex":0},"east":{"uv":[2,0,0,0.16883],"texture":"#1","tintindex":0},"south":{"uv":[1.02854,0,0,0.16883],"texture":"#1","tintindex":0},"west":{"uv":[2,0,0,0.16883],"texture":"#1","tintindex":0},"up":{"uv":[1.02854,0,0,2],"texture":"#1","tintindex":0},"down":{"uv":[1.02854,0,0,2],"texture":"#1","tintindex":0}}},{"from":[8.5002,8.03742,6.73108],"to":[8.62183,8.96985,7.39629],"rotation":{"angle":0,"axis":"y","origin":[7.96995,8.125,7.52523]},"faces":{"north":{"uv":[0.125,0.125,0.34885,0.71875],"rotation":180,"texture":"#1","tintindex":0},"east":{"uv":[0,0,2,0.16883],"rotation":90,"texture":"#1","tintindex":0},"south":{"uv":[0.25,0.25,0.77854,1.25],"texture":"#1","tintindex":0},"west":{"uv":[0,0,2,0.16883],"rotation":270,"texture":"#1","tintindex":0},"up":{"uv":[0,0,1.02854,0.16883],"texture":"#1","tintindex":0},"down":{"uv":[0,0,1.02854,0.16883],"rotation":180,"texture":"#1","tintindex":0}}},{"from":[8.74281,8.65606,6.73108],"to":[8.89552,8.71823,7.39629],"rotation":{"angle":22.5,"axis":"z","origin":[7.96995,8.125,7.52523]},"faces":{"north":{"uv":[0.125,0.125,0.34885,0.71875],"rotation":180,"texture":"#1","tintindex":0},"east":{"uv":[0,0,2,0.16883],"rotation":90,"texture":"#1","tintindex":0},"south":{"uv":[0.25,0.25,0.47385,0.84375],"texture":"#1","tintindex":0},"west":{"uv":[0,0,2,0.16883],"rotation":270,"texture":"#1","tintindex":0},"up":{"uv":[0,0,1.02854,0.16883],"texture":"#1","tintindex":0},"down":{"uv":[0,0,1.02854,0.16883],"rotation":180,"texture":"#1","tintindex":0}}},{"from":[8.89938,8.31887,6.73108],"to":[9.05209,8.38104,7.39629],"rotation":{"angle":45,"axis":"z","origin":[7.96995,8.125,7.52523]},"faces":{"north":{"uv":[0.125,0.125,0.34885,0.71875],"rotation":180,"texture":"#1","tintindex":0},"east":{"uv":[0,0,2,0.16883],"rotation":90,"texture":"#1","tintindex":0},"south":{"uv":[0.25,0.25,0.47385,0.84375],"texture":"#1","tintindex":0},"west":{"uv":[0,0,2,0.16883],"rotation":270,"texture":"#1","tintindex":0},"up":{"uv":[0,0,1.02854,0.16883],"texture":"#1","tintindex":0},"down":{"uv":[0,0,1.02854,0.16883],"rotation":180,"texture":"#1","tintindex":0}}},{"from":[8.08535,9.07002,6.73108],"to":[8.14751,9.22273,7.39629],"rotation":{"angle":-22.5,"axis":"z","origin":[7.96995,8.125,7.52523]},"faces":{"north":{"uv":[0.125,0.125,0.34885,0.71875],"rotation":270,"texture":"#1","tintindex":0},"east":{"uv":[0,0,1.02854,0.16883],"rotation":90,"texture":"#1","tintindex":0},"south":{"uv":[0.25,0.25,0.47385,0.84375],"rotation":270,"texture":"#1","tintindex":0},"west":{"uv":[0,0,1.02854,0.16883],"rotation":270,"texture":"#1","tintindex":0},"up":{"uv":[0,0,2,0.16883],"texture":"#1","tintindex":0},"down":{"uv":[0,0,2,0.16883],"rotation":180,"texture":"#1","tintindex":0}}},{"from":[8.37233,8.93622,6.73108],"to":[8.49666,9.09502,7.39629],"rotation":{"angle":0,"axis":"y","origin":[7.96995,8.125,7.52523]},"faces":{"north":{"uv":[0.125,0.125,0.34885,0.71875],"rotation":270,"texture":"#1","tintindex":0},"east":{"uv":[0,0,1.02854,0.16883],"rotation":90,"texture":"#1","tintindex":0},"south":{"uv":[0.25,0.25,0.47385,0.84375],"rotation":270,"texture":"#1","tintindex":0},"west":{"uv":[0,0,1.02854,0.16883],"rotation":270,"texture":"#1","tintindex":0},"up":{"uv":[0,0,2,0.16883],"texture":"#1","tintindex":0},"down":{"uv":[0,0,2,0.16883],"rotation":180,"texture":"#1","tintindex":0}}},{"from":[7.50646,8.93622,6.73108],"to":[7.63078,9.09502,7.39629],"rotation":{"angle":0,"axis":"y","origin":[7.96995,8.125,7.52523]},"faces":{"north":{"uv":[0.125,0.71875,0.34885,0.125],"rotation":270,"texture":"#1","tintindex":0},"east":{"uv":[0,0.16883,1.02854,0],"rotation":270,"texture":"#1","tintindex":0},"south":{"uv":[0.25,0.84375,0.47385,0.25],"rotation":270,"texture":"#1","tintindex":0},"west":{"uv":[0,0.16883,1.02854,0],"rotation":90,"texture":"#1","tintindex":0},"up":{"uv":[2,0,0,0.16883],"texture":"#1","tintindex":0},"down":{"uv":[2,0,0,0.16883],"rotation":180,"texture":"#1","tintindex":0}}},{"from":[7.73027,8.92995,6.73108],"to":[8.27284,9.03106,7.39629],"rotation":{"angle":0,"axis":"y","origin":[7.96995,8.125,7.52523]},"faces":{"north":{"uv":[0.125,0.71875,0.34885,0.125],"rotation":270,"texture":"#1","tintindex":0},"east":{"uv":[0,0.16883,1.02854,0],"rotation":270,"texture":"#1","tintindex":0},"south":{"uv":[0.25,0.84375,0.47385,0.25],"rotation":270,"texture":"#1","tintindex":0},"west":{"uv":[0,0.16883,1.02854,0],"rotation":90,"texture":"#1","tintindex":0},"up":{"uv":[2,0,0,0.16883],"texture":"#1","tintindex":0},"down":{"uv":[2,0,0,0.16883],"rotation":180,"texture":"#1","tintindex":0}}},{"from":[7.28539,8.76975,6.73108],"to":[7.45634,8.89138,7.39629],"rotation":{"angle":-22.5,"axis":"z","origin":[7.96995,8.125,7.52523]},"faces":{"north":{"uv":[0.125,0.71875,0.34885,0.125],"rotation":270,"texture":"#1","tintindex":0},"east":{"uv":[0,0.16883,1.02854,0],"rotation":270,"texture":"#1","tintindex":0},"south":{"uv":[0.25,0.84375,0.47385,0.25],"rotation":270,"texture":"#1","tintindex":0},"west":{"uv":[0,0.16883,1.02854,0],"rotation":90,"texture":"#1","tintindex":0},"up":{"uv":[2,0,0,0.16883],"texture":"#1","tintindex":0},"down":{"uv":[2,0,0,0.16883],"rotation":180,"texture":"#1","tintindex":0}}},{"from":[8.54196,8.74556,6.73108],"to":[8.71291,8.86719,7.39629],"rotation":{"angle":22.5,"axis":"z","origin":[7.96995,8.125,7.52523]},"faces":{"north":{"uv":[0.125,0.125,0.34885,0.71875],"rotation":270,"texture":"#1","tintindex":0},"east":{"uv":[0,0,1.02854,0.16883],"rotation":90,"texture":"#1","tintindex":0},"south":{"uv":[0.25,0.25,0.47385,0.84375],"rotation":270,"texture":"#1","tintindex":0},"west":{"uv":[0,0,1.02854,0.16883],"rotation":270,"texture":"#1","tintindex":0},"up":{"uv":[0,0,2,0.16883],"texture":"#1","tintindex":0},"down":{"uv":[0,0,2,0.16883],"rotation":180,"texture":"#1","tintindex":0}}},{"from":[7.10278,8.68025,6.73108],"to":[7.25549,8.74241,7.39629],"rotation":{"angle":-22.5,"axis":"z","origin":[7.96995,8.125,7.52523]},"faces":{"north":{"uv":[0.34885,0.125,0.125,0.71875],"rotation":180,"texture":"#1","tintindex":0},"east":{"uv":[0,0.16883,2,0],"rotation":270,"texture":"#1","tintindex":0},"south":{"uv":[0.09885,0.25,0.25,0.21875],"texture":"#1","tintindex":0},"west":{"uv":[0,0.16883,2,0],"rotation":90,"texture":"#1","tintindex":0},"up":{"uv":[1.02854,0,0,0.16883],"texture":"#1","tintindex":0},"down":{"uv":[1.02854,0,0,0.16883],"rotation":180,"texture":"#1","tintindex":0}}},{"from":[6.93251,8.36357,6.73108],"to":[7.08522,8.42573,7.39629],"rotation":{"angle":-45,"axis":"z","origin":[7.96995,8.125,7.52523]},"faces":{"north":{"uv":[0.34885,0.125,0.125,0.71875],"rotation":180,"texture":"#1","tintindex":0},"east":{"uv":[0,0.16883,2,0],"rotation":270,"texture":"#1","tintindex":0},"south":{"uv":[0.34885,0.25,0.25,0.46875],"texture":"#1","tintindex":0},"west":{"uv":[0,0.16883,2,0],"rotation":90,"texture":"#1","tintindex":0},"up":{"uv":[1.02854,0,0,0.16883],"texture":"#1","tintindex":0},"down":{"uv":[1.02854,0,0,0.16883],"rotation":180,"texture":"#1","tintindex":0}}},{"from":[7.85079,9.04583,6.73108],"to":[7.91295,9.19854,7.39629],"rotation":{"angle":22.5,"axis":"z","origin":[7.96995,8.125,7.52523]},"faces":{"north":{"uv":[0.125,0.71875,0.34885,0.125],"rotation":270,"texture":"#1","tintindex":0},"east":{"uv":[0,0.16883,1.02854,0],"rotation":270,"texture":"#1","tintindex":0},"south":{"uv":[0.25,0.84375,0.47385,0.25],"rotation":270,"texture":"#1","tintindex":0},"west":{"uv":[0,0.16883,1.02854,0],"rotation":90,"texture":"#1","tintindex":0},"up":{"uv":[2,0,0,0.16883],"texture":"#1","tintindex":0},"down":{"uv":[2,0,0,0.16883],"rotation":180,"texture":"#1","tintindex":0}}},{"from":[8.5002,7.9441,7.36714],"to":[8.62183,8.861,7.69046],"rotation":{"angle":-22.5,"axis":"x","origin":[7.96995,8.125,7.52523]},"faces":{"north":{"uv":[0,0,1.02854,2],"rotation":180,"texture":"#1","tintindex":0},"east":{"uv":[0,0,2,0.16883],"rotation":90,"texture":"#1","tintindex":0},"south":{"uv":[0,0,1.02854,2],"texture":"#1","tintindex":0},"west":{"uv":[0,0,2,0.16883],"rotation":270,"texture":"#1","tintindex":0},"up":{"uv":[0,0,1.02854,0.16883],"texture":"#1","tintindex":0},"down":{"uv":[0,0,1.02854,0.16883],"rotation":180,"texture":"#1","tintindex":0}}},{"from":[8.5002,7.82271,7.60728],"to":[8.62183,8.11798,7.6975],"rotation":{"angle":-45,"axis":"x","origin":[7.96995,8.125,7.52523]},"faces":{"north":{"uv":[0,0,1.02854,2],"rotation":180,"texture":"#1","tintindex":0},"east":{"uv":[0,0,2,0.16883],"rotation":90,"texture":"#1","tintindex":0},"south":{"uv":[0,0,1.02854,2],"texture":"#1","tintindex":0},"west":{"uv":[0,0,2,0.16883],"rotation":270,"texture":"#1","tintindex":0},"up":{"uv":[0,0,1.02854,0.16883],"texture":"#1","tintindex":0},"down":{"uv":[0,0,1.02854,0.16883],"rotation":180,"texture":"#1","tintindex":0}}},{"from":[7.38129,7.82271,7.60728],"to":[7.50292,8.11798,7.6975],"rotation":{"angle":-45,"axis":"x","origin":[7.96995,8.125,7.52523]},"faces":{"north":{"uv":[1.02854,0,0,2],"rotation":180,"texture":"#1","tintindex":0},"east":{"uv":[0,0.16883,2,0],"rotation":270,"texture":"#1","tintindex":0},"south":{"uv":[1.02854,0,0,2],"texture":"#1","tintindex":0},"west":{"uv":[0,0.16883,2,0],"rotation":90,"texture":"#1","tintindex":0},"up":{"uv":[1.02854,0,0,0.16883],"texture":"#1","tintindex":0},"down":{"uv":[1.02854,0,0,0.16883],"rotation":180,"texture":"#1","tintindex":0}}},{"from":[8.5002,8.03742,6.68749],"to":[8.62183,8.48809,6.73108],"rotation":{"angle":0,"axis":"y","origin":[7.96995,8.125,7.52523]},"faces":{"north":{"uv":[0.125,0.125,0.65354,1.125],"rotation":180,"texture":"#1","tintindex":0},"east":{"uv":[0,0,2,0.16883],"rotation":90,"texture":"#1","tintindex":0},"south":{"uv":[0.25,0.25,0.77854,1.25],"texture":"#1","tintindex":0},"west":{"uv":[0,0,2,0.16883],"rotation":270,"texture":"#1","tintindex":0},"up":{"uv":[0,0,1.02854,0.16883],"texture":"#1","tintindex":0},"down":{"uv":[0,0,1.02854,0.16883],"rotation":180,"texture":"#1","tintindex":0}}},{"from":[7.38129,8.03742,6.73108],"to":[7.50292,8.96985,7.39629],"rotation":{"angle":0,"axis":"y","origin":[7.96995,8.125,7.52523]},"faces":{"north":{"uv":[0.34885,0.125,0.125,0.71875],"rotation":180,"texture":"#1","tintindex":0},"east":{"uv":[0,0.16883,2,0],"rotation":270,"texture":"#1","tintindex":0},"south":{"uv":[0.77854,0.25,0.25,1.25],"texture":"#1","tintindex":0},"west":{"uv":[0,0.16883,2,0],"rotation":90,"texture":"#1","tintindex":0},"up":{"uv":[1.02854,0,0,0.16883],"texture":"#1","tintindex":0},"down":{"uv":[1.02854,0,0,0.16883],"rotation":180,"texture":"#1","tintindex":0}}},{"from":[7.80706,8.93848,6.73108],"to":[8.11787,9.04974,7.39629],"rotation":{"angle":22.5,"axis":"z","origin":[7.96995,8.125,7.52523]},"faces":{"north":{"uv":[0.34885,0.125,0.125,0.71875],"rotation":90,"texture":"#1","tintindex":0},"east":{"uv":[1.02854,0,0,0.16883],"rotation":90,"texture":"#1","tintindex":0},"south":{"uv":[0.47385,0.25,0.25,0.84375],"rotation":90,"texture":"#1","tintindex":0},"west":{"uv":[1.02854,0,0,0.16883],"rotation":270,"texture":"#1","tintindex":0},"up":{"uv":[0,0.16883,2,0],"rotation":180,"texture":"#1","tintindex":0},"down":{"uv":[0,0.16883,2,0],"texture":"#1","tintindex":0}}},{"from":[7.25321,8.32826,6.73108],"to":[7.3334,8.67015,7.39629],"rotation":{"angle":-22.5,"axis":"z","origin":[7.96995,8.125,7.52523]},"faces":{"north":{"uv":[0.34885,0.125,0.125,0.71875],"rotation":180,"texture":"#1","tintindex":0},"east":{"uv":[0,0.16883,2,0],"rotation":270,"texture":"#1","tintindex":0},"south":{"uv":[0.47385,0.25,0.25,0.84375],"texture":"#1","tintindex":0},"west":{"uv":[0,0.16883,2,0],"rotation":90,"texture":"#1","tintindex":0},"up":{"uv":[1.02854,0,0,0.16883],"texture":"#1","tintindex":0},"down":{"uv":[1.02854,0,0,0.16883],"rotation":180,"texture":"#1","tintindex":0}}},{"from":[7.50761,7.90597,6.68749],"to":[7.88059,8.0276,7.6169],"rotation":{"angle":-22.5,"axis":"z","origin":[7.96995,8.125,7.52523]},"faces":{"north":{"uv":[0.52854,0,0,1],"rotation":270,"texture":"#1","tintindex":0},"east":{"uv":[1.02854,0,0,0.16883],"rotation":90,"texture":"#1","tintindex":0},"south":{"uv":[1.02854,0,0,2],"rotation":270,"texture":"#1","tintindex":0},"west":{"uv":[1.02854,0,0,0.16883],"rotation":270,"texture":"#1","tintindex":0},"up":{"uv":[0,0.16883,2,0],"rotation":180,"texture":"#1","tintindex":0},"down":{"uv":[0,0.16883,2,0],"texture":"#1","tintindex":0}}},{"from":[8.11772,7.88178,6.68749],"to":[8.49069,8.00341,7.6169],"rotation":{"angle":22.5,"axis":"z","origin":[7.96995,8.125,7.52523]},"faces":{"north":{"uv":[0.52854,1,0,0],"rotation":270,"texture":"#1","tintindex":0},"east":{"uv":[1.02854,0.16883,0,0],"rotation":270,"texture":"#1","tintindex":0},"south":{"uv":[1.02854,2,0,0],"rotation":270,"texture":"#1","tintindex":0},"west":{"uv":[1.02854,0.16883,0,0],"rotation":90,"texture":"#1","tintindex":0},"up":{"uv":[2,0.16883,0,0],"rotation":180,"texture":"#1","tintindex":0},"down":{"uv":[2,0.16883,0,0],"texture":"#1","tintindex":0}}},{"from":[8.6649,8.30407,6.73108],"to":[8.74509,8.64596,7.39629],"rotation":{"angle":22.5,"axis":"z","origin":[7.96995,8.125,7.52523]},"faces":{"north":{"uv":[0.125,0.125,0.34885,0.71875],"rotation":180,"texture":"#1","tintindex":0},"east":{"uv":[0,0,2,0.16883],"rotation":90,"texture":"#1","tintindex":0},"south":{"uv":[0.25,0.25,0.47385,0.84375],"texture":"#1","tintindex":0},"west":{"uv":[0,0,2,0.16883],"rotation":270,"texture":"#1","tintindex":0},"up":{"uv":[0,0,1.02854,0.16883],"texture":"#1","tintindex":0},"down":{"uv":[0,0,1.02854,0.16883],"rotation":180,"texture":"#1","tintindex":0}}},{"from":[7.88043,8.96266,6.73108],"to":[8.19124,9.07393,7.39629],"rotation":{"angle":-22.5,"axis":"z","origin":[7.96995,8.125,7.52523]},"faces":{"north":{"uv":[0.34885,0.71875,0.125,0.125],"rotation":90,"texture":"#1","tintindex":0},"east":{"uv":[1.02854,0.16883,0,0],"rotation":270,"texture":"#1","tintindex":0},"south":{"uv":[0.47385,0.84375,0.25,0.25],"rotation":90,"texture":"#1","tintindex":0},"west":{"uv":[1.02854,0.16883,0,0],"rotation":90,"texture":"#1","tintindex":0},"up":{"uv":[2,0.16883,0,0],"rotation":180,"texture":"#1","tintindex":0},"down":{"uv":[2,0.16883,0,0],"texture":"#1","tintindex":0}}},{"from":[7.38129,8.03742,6.68749],"to":[7.50292,8.48809,6.73108],"rotation":{"angle":0,"axis":"y","origin":[7.96995,8.125,7.52523]},"faces":{"north":{"uv":[0.65354,0.125,0.125,1.125],"rotation":180,"texture":"#1","tintindex":0},"east":{"uv":[0,0.16883,2,0],"rotation":270,"texture":"#1","tintindex":0},"south":{"uv":[0.77854,0.25,0.25,1.25],"texture":"#1","tintindex":0},"west":{"uv":[0,0.16883,2,0],"rotation":90,"texture":"#1","tintindex":0},"up":{"uv":[1.02854,0,0,0.16883],"texture":"#1","tintindex":0},"down":{"uv":[1.02854,0,0,0.16883],"rotation":180,"texture":"#1","tintindex":0}}},{"from":[7.38129,8.13986,6.61231],"to":[7.50292,8.27972,6.6559],"rotation":{"angle":22.5,"axis":"x","origin":[7.96995,8.125,7.52523]},"faces":{"north":{"uv":[0.65354,0.125,0.125,1.125],"rotation":180,"texture":"#1","tintindex":0},"east":{"uv":[0,0.16883,2,0],"rotation":270,"texture":"#1","tintindex":0},"south":{"uv":[0.77854,0.25,0.25,1.25],"texture":"#1","tintindex":0},"west":{"uv":[0,0.16883,2,0],"rotation":90,"texture":"#1","tintindex":0},"up":{"uv":[1.02854,0,0,0.16883],"texture":"#1","tintindex":0},"down":{"uv":[1.02854,0,0,0.16883],"rotation":180,"texture":"#1","tintindex":0}}},{"from":[8.5002,8.13986,6.61231],"to":[8.62183,8.27972,6.6559],"rotation":{"angle":22.5,"axis":"x","origin":[7.96995,8.125,7.52523]},"faces":{"north":{"uv":[0.125,0.125,0.65354,1.125],"rotation":180,"texture":"#1","tintindex":0},"east":{"uv":[0,0,2,0.16883],"rotation":90,"texture":"#1","tintindex":0},"south":{"uv":[0.25,0.25,0.77854,1.25],"texture":"#1","tintindex":0},"west":{"uv":[0,0,2,0.16883],"rotation":270,"texture":"#1","tintindex":0},"up":{"uv":[0,0,1.02854,0.16883],"texture":"#1","tintindex":0},"down":{"uv":[0,0,1.02854,0.16883],"rotation":180,"texture":"#1","tintindex":0}}},{"from":[7.38129,7.9441,7.36714],"to":[7.50292,8.861,7.69046],"rotation":{"angle":-22.5,"axis":"x","origin":[7.96995,8.125,7.52523]},"faces":{"north":{"uv":[1.02854,0,0,2],"rotation":180,"texture":"#1","tintindex":0},"east":{"uv":[0,0.16883,2,0],"rotation":270,"texture":"#1","tintindex":0},"south":{"uv":[1.02854,0,0,2],"texture":"#1","tintindex":0},"west":{"uv":[0,0.16883,2,0],"rotation":90,"texture":"#1","tintindex":0},"up":{"uv":[1.02854,0,0,0.16883],"texture":"#1","tintindex":0},"down":{"uv":[1.02854,0,0,0.16883],"rotation":180,"texture":"#1","tintindex":0}}},{"from":[7.61566,8.00618,8.16478],"to":[7.73925,8.14293,8.46316],"rotation":{"angle":22.5,"axis":"y","origin":[7.96995,8.125,7.52523]},"faces":{"north":{"uv":[0,0,1,1],"texture":"#0"},"east":{"uv":[0,0,1,1],"texture":"#0"},"south":{"uv":[0,0,1,1],"texture":"#0"},"west":{"uv":[0,0,1,1],"texture":"#0"},"up":{"uv":[0,0,1,1],"texture":"#0"},"down":{"uv":[0,0,1,1],"texture":"#0"}}},{"from":[8.25905,8.00618,8.14059],"to":[8.38264,8.14293,8.43897],"rotation":{"angle":-22.5,"axis":"y","origin":[7.96995,8.125,7.52523]},"faces":{"north":{"uv":[0,0,1,1],"texture":"#0"},"east":{"uv":[0,0,1,1],"texture":"#0"},"south":{"uv":[0,0,1,1],"texture":"#0"},"west":{"uv":[0,0,1,1],"texture":"#0"},"up":{"uv":[0,0,1,1],"texture":"#0"},"down":{"uv":[0,0,1,1],"texture":"#0"}}},{"from":[7.52827,8.00618,8.25218],"to":[7.82665,8.14293,8.37576],"rotation":{"angle":22.5,"axis":"y","origin":[7.96995,8.125,7.52523]},"faces":{"north":{"uv":[0,0,1,1],"texture":"#0"},"east":{"uv":[0,0,1,1],"texture":"#0"},"south":{"uv":[0,0,1,1],"texture":"#0"},"west":{"uv":[0,0,1,1],"texture":"#0"},"up":{"uv":[0,0,1,1],"texture":"#0"},"down":{"uv":[0,0,1,1],"texture":"#0"}}},{"from":[8.17166,8.00618,8.22799],"to":[8.47004,8.14293,8.35158],"rotation":{"angle":-22.5,"axis":"y","origin":[7.96995,8.125,7.52523]},"faces":{"north":{"uv":[0,0,1,1],"texture":"#0"},"east":{"uv":[0,0,1,1],"texture":"#0"},"south":{"uv":[0,0,1,1],"texture":"#0"},"west":{"uv":[0,0,1,1],"texture":"#0"},"up":{"uv":[0,0,1,1],"texture":"#0"},"down":{"uv":[0,0,1,1],"texture":"#0"}}},{"from":[7.33228,8.14535,8.13075],"to":[7.57782,8.22774,8.32967],"rotation":{"angle":22.5,"axis":"x","origin":[7.96995,8.125,7.52523]},"faces":{"north":{"uv":[0,0,1,1],"texture":"#0"},"east":{"uv":[0,0,1,1],"texture":"#0"},"south":{"uv":[0,0,1,1],"texture":"#0"},"west":{"uv":[0,0,1,1],"texture":"#0"},"up":{"uv":[0,0,1,1],"texture":"#0"},"down":{"uv":[0,0,1,1],"texture":"#0"}}},{"from":[7.33228,7.62883,7.96779],"to":[7.57782,7.71122,8.16671],"rotation":{"angle":-22.5,"axis":"x","origin":[7.96995,8.125,7.52523]},"faces":{"north":{"uv":[0,0,1,1],"texture":"#0"},"east":{"uv":[0,0,1,1],"texture":"#0"},"south":{"uv":[0,0,1,1],"texture":"#0"},"west":{"uv":[0,0,1,1],"texture":"#0"},"up":{"uv":[0,0,1,1],"texture":"#0"},"down":{"uv":[0,0,1,1],"texture":"#0"}}},{"from":[7.33228,8.08709,8.18901],"to":[7.57782,8.28601,8.2714],"rotation":{"angle":22.5,"axis":"x","origin":[7.96995,8.125,7.52523]},"faces":{"north":{"uv":[0,0,1,1],"texture":"#0"},"east":{"uv":[0,0,1,1],"texture":"#0"},"south":{"uv":[0,0,1,1],"texture":"#0"},"west":{"uv":[0,0,1,1],"texture":"#0"},"up":{"uv":[0,0,1,1],"texture":"#0"},"down":{"uv":[0,0,1,1],"texture":"#0"}}},{"from":[7.33228,7.57057,8.02605],"to":[7.57782,7.76949,8.10844],"rotation":{"angle":-22.5,"axis":"x","origin":[7.96995,8.125,7.52523]},"faces":{"north":{"uv":[0,0,1,1],"texture":"#0"},"east":{"uv":[0,0,1,1],"texture":"#0"},"south":{"uv":[0,0,1,1],"texture":"#0"},"west":{"uv":[0,0,1,1],"texture":"#0"},"up":{"uv":[0,0,1,1],"texture":"#0"},"down":{"uv":[0,0,1,1],"texture":"#0"}}}],"display":{"thirdperson_righthand":{"rotation":[0,45,0],"translation":[0,0.75,0]},"thirdperson_lefthand":{"rotation":[0,45,0],"translation":[0,0.75,0]},"firstperson_righthand":{"translation":[-2,3.75,4.25]},"firstperson_lefthand":{"translation":[-2,3.75,4.25]},"ground":{"translation":[0,-1.25,0],"scale":[1.5,1.5,1.5]},"gui":{"rotation":[25,-145,0],"scale":[4,4,4]},"fixed":{"rotation":[0,90,0],"translation":[0,0,-1.5],"scale":[2,2,2]}},"groups":[{"name":"Mini Dot probably","origin":[8,8,8],"color":0,"nbt":"{}","children":[{"name":"scope_base","origin":[8,8,8],"color":0,"nbt":"{}","children":[{"name":"scope","origin":[7.9722,1.00625,8.14875],"color":0,"nbt":"{}","children":[0,1,2,3,4,5,6,7,8,9,10,11,12,13,14,15,16,17,18,19,20,21,22,23,24,25,26,27,28,29,30,31,32,33,34,35,36,37,38,39,40,41]}]},{"name":"octagon","origin":[8,8,8],"color":0,"nbt":"{}","children":[42,43,44,45]},{"name":"octagon","origin":[8,8,8],"color":0,"nbt":"{}","children":[]},{"name":"octagon","origin":[8,8,8],"color":0,"nbt":"{}","children":[]},{"name":"octagon","origin":[8,8,8],"color":0,"nbt":"{}","children":[46,47,48,49]}]}]}