{"credit":"Made with Blockbench","textures":{"1":"tac:items/m60_body","2":"tac:items/ppsh_bolt","particle":"tac:items/m60_body"},"elements":[{"from":[7.767,11.75,10.85938],"to":[8.233,11.7875,17.54688],"rotation":{"angle":45,"axis":"z","origin":[8,12.3125,17.04688]},"faces":{"north":{"uv":[0,0,0.466,0.0375],"texture":"#2","tintindex":0},"up":{"uv":[0,0,0.466,6.6875],"texture":"#2","tintindex":0},"down":{"uv":[0,0,0.466,6.6875],"texture":"#2","tintindex":0}}},{"from":[7.767,11.75,10.85938],"to":[8.233,11.7875,17.54688],"rotation":{"angle":0,"axis":"y","origin":[8,12.3125,17.04688]},"faces":{"north":{"uv":[0,0,0.466,0.0375],"texture":"#2","tintindex":0},"up":{"uv":[0,0,0.466,6.6875],"texture":"#2","tintindex":0},"down":{"uv":[0,0,0.466,6.6875],"texture":"#2","tintindex":0}}},{"from":[7.767,12.8375,10.85938],"to":[8.233,12.875,17.54688],"rotation":{"angle":45,"axis":"z","origin":[8,12.3125,17.04688]},"faces":{"north":{"uv":[0,0,0.466,0.0375],"texture":"#2","tintindex":0},"up":{"uv":[0,0,0.466,6.6875],"texture":"#2","tintindex":0},"down":{"uv":[0,0,0.466,6.6875],"texture":"#2","tintindex":0}}},{"from":[7.767,12.8375,10.85938],"to":[8.233,12.875,17.54688],"rotation":{"angle":0,"axis":"y","origin":[8,12.3125,17.04688]},"faces":{"north":{"uv":[0,0,0.466,0.0375],"texture":"#2","tintindex":0},"up":{"uv":[0,0,0.466,6.6875],"texture":"#2","tintindex":0},"down":{"uv":[0,0,0.466,6.6875],"texture":"#2","tintindex":0}}},{"from":[7.4375,12.0795,10.85938],"to":[7.475,12.5455,17.54688],"rotation":{"angle":45,"axis":"z","origin":[8,12.3125,17.04688]},"faces":{"north":{"uv":[0,0,0.0375,0.466],"texture":"#2","tintindex":0},"east":{"uv":[0,0,6.6875,0.466],"texture":"#2","tintindex":0},"west":{"uv":[0,0,6.6875,0.466],"texture":"#2","tintindex":0}}},{"from":[7.4375,12.0795,10.85938],"to":[7.475,12.5455,17.54688],"rotation":{"angle":0,"axis":"y","origin":[8,12.3125,17.04688]},"faces":{"north":{"uv":[0,0,0.0375,0.466],"texture":"#2","tintindex":0},"east":{"uv":[0,0,6.6875,0.466],"texture":"#2","tintindex":0},"west":{"uv":[0,0,6.6875,0.466],"texture":"#2","tintindex":0}}},{"from":[8.525,12.0795,10.85938],"to":[8.5625,12.5455,17.54688],"rotation":{"angle":45,"axis":"z","origin":[8,12.3125,17.04688]},"faces":{"north":{"uv":[0,0,0.0375,0.466],"texture":"#2","tintindex":0},"east":{"uv":[0,0,6.6875,0.466],"texture":"#2","tintindex":0},"west":{"uv":[0,0,6.6875,0.466],"texture":"#2","tintindex":0}}},{"from":[8.525,12.0795,10.85938],"to":[8.5625,12.5455,17.54688],"rotation":{"angle":0,"axis":"y","origin":[8,12.3125,17.04688]},"faces":{"north":{"uv":[0,0,0.0375,0.466],"texture":"#2","tintindex":0},"east":{"uv":[0,0,6.6875,0.466],"texture":"#2","tintindex":0},"west":{"uv":[0,0,6.6875,0.466],"texture":"#2","tintindex":0}}},{"from":[7.71523,11.625,17.04688],"to":[8.28477,11.75,18.60938],"rotation":{"angle":45,"axis":"z","origin":[8,12.3125,17.54688]},"faces":{"north":{"uv":[0,0,0.56954,0.125],"texture":"#2","tintindex":0},"south":{"uv":[0,0,0.56954,0.125],"texture":"#2","tintindex":0},"up":{"uv":[0,0,0.56954,1.5],"texture":"#2","tintindex":0},"down":{"uv":[0,0,0.56954,1.5],"texture":"#2","tintindex":0}}},{"from":[7.71523,11.625,17.04688],"to":[8.28477,11.75,18.60938],"rotation":{"angle":0,"axis":"y","origin":[8,12.3125,17.54688]},"faces":{"north":{"uv":[0,0,0.56954,0.125],"texture":"#2","tintindex":0},"south":{"uv":[0,0,0.56954,0.125],"texture":"#2","tintindex":0},"up":{"uv":[0,0,0.56954,1.5],"texture":"#2","tintindex":0},"down":{"uv":[0,0,0.56954,1.5],"texture":"#2","tintindex":0}}},{"from":[7.71523,12.875,17.04688],"to":[8.28477,13,18.60938],"rotation":{"angle":45,"axis":"z","origin":[8,12.3125,17.54688]},"faces":{"north":{"uv":[0,0,0.56954,0.125],"texture":"#2","tintindex":0},"south":{"uv":[0,0,0.56954,0.125],"texture":"#2","tintindex":0},"up":{"uv":[0,0,0.56954,1.5],"texture":"#2","tintindex":0},"down":{"uv":[0,0,0.56954,1.5],"texture":"#2","tintindex":0}}},{"from":[7.71523,12.875,17.04688],"to":[8.28477,13,18.60938],"rotation":{"angle":0,"axis":"y","origin":[8,12.3125,17.54688]},"faces":{"north":{"uv":[0,0,0.56954,0.125],"texture":"#2","tintindex":0},"south":{"uv":[0,0,0.56954,0.125],"texture":"#2","tintindex":0},"up":{"uv":[0,0,0.56954,1.5],"texture":"#2","tintindex":0},"down":{"uv":[0,0,0.56954,1.5],"texture":"#2","tintindex":0}}},{"from":[7.3125,12.02773,17.04688],"to":[7.4375,12.59727,18.60938],"rotation":{"angle":45,"axis":"z","origin":[8,12.3125,17.54688]},"faces":{"north":{"uv":[0,0,0.125,0.56954],"texture":"#2","tintindex":0},"east":{"uv":[0,0,1.5,0.56954],"texture":"#2","tintindex":0},"south":{"uv":[0,0,0.125,0.56954],"texture":"#2","tintindex":0},"west":{"uv":[0,0,1.5,0.56954],"texture":"#2","tintindex":0}}},{"from":[7.3125,12.02773,17.04688],"to":[7.4375,12.59727,18.60938],"rotation":{"angle":0,"axis":"y","origin":[8,12.3125,17.54688]},"faces":{"north":{"uv":[0,0,0.125,0.56954],"texture":"#2","tintindex":0},"east":{"uv":[0,0,1.5,0.56954],"texture":"#2","tintindex":0},"south":{"uv":[0,0,0.125,0.56954],"texture":"#2","tintindex":0},"west":{"uv":[0,0,1.5,0.56954],"texture":"#2","tintindex":0}}},{"from":[8.5625,12.02773,17.04688],"to":[8.6875,12.59727,18.60938],"rotation":{"angle":45,"axis":"z","origin":[8,12.3125,17.54688]},"faces":{"north":{"uv":[0,0,0.125,0.56954],"texture":"#2","tintindex":0},"east":{"uv":[0,0,1.5,0.56954],"texture":"#2","tintindex":0},"south":{"uv":[0,0,0.125,0.56954],"texture":"#2","tintindex":0},"west":{"uv":[0,0,1.5,0.56954],"texture":"#2","tintindex":0}}},{"from":[8.5625,12.02773,17.04688],"to":[8.6875,12.59727,18.60938],"rotation":{"angle":0,"axis":"y","origin":[8,12.3125,17.54688]},"faces":{"north":{"uv":[0,0,0.125,0.56954],"texture":"#2","tintindex":0},"east":{"uv":[0,0,1.5,0.56954],"texture":"#2","tintindex":0},"south":{"uv":[0,0,0.125,0.56954],"texture":"#2","tintindex":0},"west":{"uv":[0,0,1.5,0.56954],"texture":"#2","tintindex":0}}},{"from":[7.74112,11.6875,16.04688],"to":[8.25888,11.82813,18.42188],"rotation":{"angle":45,"axis":"z","origin":[8,12.3125,16.54688]},"faces":{"north":{"uv":[0,0,0.51776,0.125],"texture":"#2","tintindex":0},"south":{"uv":[0,0,0.51776,0.125],"texture":"#2","tintindex":0},"up":{"uv":[0,0,0.51776,0.75],"texture":"#2","tintindex":0},"down":{"uv":[0,0,0.51776,0.75],"texture":"#2","tintindex":0}}},{"from":[7.74112,11.6875,16.04688],"to":[8.25888,11.82813,18.42188],"rotation":{"angle":0,"axis":"y","origin":[8,12.3125,16.54688]},"faces":{"north":{"uv":[0,0,0.51776,0.125],"texture":"#2","tintindex":0},"south":{"uv":[0,0,0.51776,0.125],"texture":"#2","tintindex":0},"up":{"uv":[0,0,0.51776,0.75],"texture":"#2","tintindex":0},"down":{"uv":[0,0,0.51776,0.75],"texture":"#2","tintindex":0}}},{"from":[7.74112,12.79688,16.04688],"to":[8.25888,12.9375,18.42188],"rotation":{"angle":45,"axis":"z","origin":[8,12.3125,16.54688]},"faces":{"north":{"uv":[0,0,0.51776,0.125],"texture":"#2","tintindex":0},"south":{"uv":[0,0,0.51776,0.125],"texture":"#2","tintindex":0},"up":{"uv":[0,0,0.51776,0.75],"texture":"#2","tintindex":0},"down":{"uv":[0,0,0.51776,0.75],"texture":"#2","tintindex":0}}},{"from":[7.74112,12.79688,16.04688],"to":[8.25888,12.9375,18.42188],"rotation":{"angle":0,"axis":"y","origin":[8,12.3125,16.54688]},"faces":{"north":{"uv":[0,0,0.51776,0.125],"texture":"#2","tintindex":0},"south":{"uv":[0,0,0.51776,0.125],"texture":"#2","tintindex":0},"up":{"uv":[0,0,0.51776,0.75],"texture":"#2","tintindex":0},"down":{"uv":[0,0,0.51776,0.75],"texture":"#2","tintindex":0}}},{"from":[7.375,12.05362,16.04688],"to":[7.51563,12.57138,18.42188],"rotation":{"angle":45,"axis":"z","origin":[8,12.3125,16.54688]},"faces":{"north":{"uv":[0,0,0.125,0.51776],"texture":"#2","tintindex":0},"east":{"uv":[0,0,0.75,0.51776],"texture":"#2","tintindex":0},"south":{"uv":[0,0,0.125,0.51776],"texture":"#2","tintindex":0},"west":{"uv":[0,0,0.75,0.51776],"texture":"#2","tintindex":0}}},{"from":[7.375,12.05362,16.04688],"to":[7.51563,12.57138,18.42188],"rotation":{"angle":0,"axis":"y","origin":[8,12.3125,16.54688]},"faces":{"north":{"uv":[0,0,0.125,0.51776],"texture":"#2","tintindex":0},"east":{"uv":[0,0,0.75,0.51776],"texture":"#2","tintindex":0},"south":{"uv":[0,0,0.125,0.51776],"texture":"#2","tintindex":0},"west":{"uv":[0,0,0.75,0.51776],"texture":"#2","tintindex":0}}},{"from":[8.48438,12.05362,16.04688],"to":[8.625,12.57138,18.42188],"rotation":{"angle":45,"axis":"z","origin":[8,12.3125,16.54688]},"faces":{"north":{"uv":[0,0,0.125,0.51776],"texture":"#2","tintindex":0},"east":{"uv":[0,0,0.75,0.51776],"texture":"#2","tintindex":0},"south":{"uv":[0,0,0.125,0.51776],"texture":"#2","tintindex":0},"west":{"uv":[0,0,0.75,0.51776],"texture":"#2","tintindex":0}}},{"from":[8.48438,12.05362,16.04688],"to":[8.625,12.57138,18.42188],"rotation":{"angle":0,"axis":"y","origin":[8,12.3125,16.54688]},"faces":{"north":{"uv":[0,0,0.125,0.51776],"texture":"#2","tintindex":0},"east":{"uv":[0,0,0.75,0.51776],"texture":"#2","tintindex":0},"south":{"uv":[0,0,0.125,0.51776],"texture":"#2","tintindex":0},"west":{"uv":[0,0,0.75,0.51776],"texture":"#2","tintindex":0}}},{"from":[7.74112,11.6875,10.35938],"to":[8.25888,11.75,11.35938],"rotation":{"angle":45,"axis":"z","origin":[8,12.3125,10.85938]},"faces":{"north":{"uv":[0,0,0.51776,0.0625],"texture":"#2","tintindex":0},"south":{"uv":[0,0,0.51776,0.0625],"texture":"#2","tintindex":0},"up":{"uv":[0,0,0.51776,1],"texture":"#2","tintindex":0},"down":{"uv":[0,0,0.51776,1],"texture":"#2","tintindex":0}}},{"from":[7.74112,11.6875,10.35938],"to":[8.25888,11.75,11.35938],"rotation":{"angle":0,"axis":"y","origin":[8,12.3125,10.85938]},"faces":{"north":{"uv":[0,0,0.51776,0.0625],"texture":"#2","tintindex":0},"south":{"uv":[0,0,0.51776,0.0625],"texture":"#2","tintindex":0},"up":{"uv":[0,0,0.51776,1],"texture":"#2","tintindex":0},"down":{"uv":[0,0,0.51776,1],"texture":"#2","tintindex":0}}},{"from":[7.74112,12.875,10.35938],"to":[8.25888,12.9375,11.35938],"rotation":{"angle":45,"axis":"z","origin":[8,12.3125,10.85938]},"faces":{"north":{"uv":[0,0,0.51776,0.0625],"texture":"#2","tintindex":0},"south":{"uv":[0,0,0.51776,0.0625],"texture":"#2","tintindex":0},"up":{"uv":[0,0,0.51776,1],"texture":"#2","tintindex":0},"down":{"uv":[0,0,0.51776,1],"texture":"#2","tintindex":0}}},{"from":[7.74112,12.875,10.35938],"to":[8.25888,12.9375,11.35938],"rotation":{"angle":0,"axis":"y","origin":[8,12.3125,10.85938]},"faces":{"north":{"uv":[0,0,0.51776,0.0625],"texture":"#2","tintindex":0},"south":{"uv":[0,0,0.51776,0.0625],"texture":"#2","tintindex":0},"up":{"uv":[0,0,0.51776,1],"texture":"#2","tintindex":0},"down":{"uv":[0,0,0.51776,1],"texture":"#2","tintindex":0}}},{"from":[7.375,12.05362,10.35938],"to":[7.4375,12.57138,11.35938],"rotation":{"angle":45,"axis":"z","origin":[8,12.3125,10.85938]},"faces":{"north":{"uv":[0,0,0.0625,0.51776],"texture":"#2","tintindex":0},"east":{"uv":[0,0,1,0.51776],"texture":"#2","tintindex":0},"south":{"uv":[0,0,0.0625,0.51776],"texture":"#2","tintindex":0},"west":{"uv":[0,0,1,0.51776],"texture":"#2","tintindex":0}}},{"from":[7.375,12.05362,10.35938],"to":[7.4375,12.57138,11.35938],"rotation":{"angle":0,"axis":"y","origin":[8,12.3125,10.85938]},"faces":{"north":{"uv":[0,0,0.0625,0.51776],"texture":"#2","tintindex":0},"east":{"uv":[0,0,1,0.51776],"texture":"#2","tintindex":0},"south":{"uv":[0,0,0.0625,0.51776],"texture":"#2","tintindex":0},"west":{"uv":[0,0,1,0.51776],"texture":"#2","tintindex":0}}},{"from":[8.5625,12.05362,10.35938],"to":[8.625,12.57138,11.35938],"rotation":{"angle":45,"axis":"z","origin":[8,12.3125,10.85938]},"faces":{"north":{"uv":[0,0,0.0625,0.51776],"texture":"#2","tintindex":0},"east":{"uv":[0,0,1,0.51776],"texture":"#2","tintindex":0},"south":{"uv":[0,0,0.0625,0.51776],"texture":"#2","tintindex":0},"west":{"uv":[0,0,1,0.51776],"texture":"#2","tintindex":0}}},{"from":[8.5625,12.05362,10.35938],"to":[8.625,12.57138,11.35938],"rotation":{"angle":0,"axis":"y","origin":[8,12.3125,10.85938]},"faces":{"north":{"uv":[0,0,0.0625,0.51776],"texture":"#2","tintindex":0},"east":{"uv":[0,0,1,0.51776],"texture":"#2","tintindex":0},"south":{"uv":[0,0,0.0625,0.51776],"texture":"#2","tintindex":0},"west":{"uv":[0,0,1,0.51776],"texture":"#2","tintindex":0}}},{"from":[7.71523,11.625,9.35938],"to":[8.28477,11.6875,10.35938],"rotation":{"angle":45,"axis":"z","origin":[8,12.3125,9.85938]},"faces":{"north":{"uv":[0,0,0.56954,0.0625],"texture":"#2","tintindex":0},"south":{"uv":[0,0,0.56954,0.0625],"texture":"#2","tintindex":0},"up":{"uv":[0,0,0.56954,1],"texture":"#2","tintindex":0},"down":{"uv":[0,0,0.56954,1],"texture":"#2","tintindex":0}}},{"from":[7.71523,11.625,9.35938],"to":[8.28477,11.6875,10.35938],"rotation":{"angle":0,"axis":"y","origin":[8,12.3125,9.85938]},"faces":{"north":{"uv":[0,0,0.56954,0.0625],"texture":"#2","tintindex":0},"south":{"uv":[0,0,0.56954,0.0625],"texture":"#2","tintindex":0},"up":{"uv":[0,0,0.56954,1],"texture":"#2","tintindex":0},"down":{"uv":[0,0,0.56954,1],"texture":"#2","tintindex":0}}},{"from":[7.71523,12.9375,9.35938],"to":[8.28477,13,10.35938],"rotation":{"angle":45,"axis":"z","origin":[8,12.3125,9.85938]},"faces":{"north":{"uv":[0,0,0.56954,0.0625],"texture":"#2","tintindex":0},"south":{"uv":[0,0,0.56954,0.0625],"texture":"#2","tintindex":0},"up":{"uv":[0,0,0.56954,1],"texture":"#2","tintindex":0},"down":{"uv":[0,0,0.56954,1],"texture":"#2","tintindex":0}}},{"from":[7.71523,12.9375,9.35938],"to":[8.28477,13,10.35938],"rotation":{"angle":0,"axis":"y","origin":[8,12.3125,9.85938]},"faces":{"north":{"uv":[0,0,0.56954,0.0625],"texture":"#2","tintindex":0},"south":{"uv":[0,0,0.56954,0.0625],"texture":"#2","tintindex":0},"up":{"uv":[0,0,0.56954,1],"texture":"#2","tintindex":0},"down":{"uv":[0,0,0.56954,1],"texture":"#2","tintindex":0}}},{"from":[7.3125,12.02773,9.35938],"to":[7.375,12.59727,10.35938],"rotation":{"angle":45,"axis":"z","origin":[8,12.3125,9.85938]},"faces":{"north":{"uv":[0,0,0.0625,0.56954],"texture":"#2","tintindex":0},"east":{"uv":[0,0,1,0.56954],"texture":"#2","tintindex":0},"south":{"uv":[0,0,0.0625,0.56954],"texture":"#2","tintindex":0},"west":{"uv":[0,0,1,0.56954],"texture":"#2","tintindex":0}}},{"from":[7.3125,12.02773,9.35938],"to":[7.375,12.59727,10.35938],"rotation":{"angle":0,"axis":"y","origin":[8,12.3125,9.85938]},"faces":{"north":{"uv":[0,0,0.0625,0.56954],"texture":"#2","tintindex":0},"east":{"uv":[0,0,1,0.56954],"texture":"#2","tintindex":0},"south":{"uv":[0,0,0.0625,0.56954],"texture":"#2","tintindex":0},"west":{"uv":[0,0,1,0.56954],"texture":"#2","tintindex":0}}},{"from":[8.625,12.02773,9.35938],"to":[8.6875,12.59727,10.35938],"rotation":{"angle":45,"axis":"z","origin":[8,12.3125,9.85938]},"faces":{"north":{"uv":[0,0,0.0625,0.56954],"texture":"#2","tintindex":0},"east":{"uv":[0,0,1,0.56954],"texture":"#2","tintindex":0},"south":{"uv":[0,0,0.0625,0.56954],"texture":"#2","tintindex":0},"west":{"uv":[0,0,1,0.56954],"texture":"#2","tintindex":0}}},{"from":[8.625,12.02773,9.35938],"to":[8.6875,12.59727,10.35938],"rotation":{"angle":0,"axis":"y","origin":[8,12.3125,9.85938]},"faces":{"north":{"uv":[0,0,0.0625,0.56954],"texture":"#2","tintindex":0},"east":{"uv":[0,0,1,0.56954],"texture":"#2","tintindex":0},"south":{"uv":[0,0,0.0625,0.56954],"texture":"#2","tintindex":0},"west":{"uv":[0,0,1,0.56954],"texture":"#2","tintindex":0}}},{"from":[7.3125,12.02773,13.04688],"to":[7.4375,12.59727,14.42188],"rotation":{"angle":45,"axis":"x","origin":[7.8125,12.3125,13.73438]},"faces":{"north":{"uv":[5,1,5.125,1.56954],"texture":"#1"},"east":{"uv":[4.5,5,5.875,5.56954],"texture":"#1"},"south":{"uv":[1,1.5,1.125,2.06954],"texture":"#1"},"west":{"uv":[2.5,2.5,4.375,3.06954],"texture":"#1"},"up":{"uv":[1.5,6,1.5,6],"texture":"#1"},"down":{"uv":[2.5,1,2.5,1],"texture":"#1"}}},{"from":[7.3125,11.625,13.44961],"to":[7.4375,13,14.01915],"rotation":{"angle":45,"axis":"x","origin":[7.8125,12.3125,13.73438]},"faces":{"north":{"uv":[5,1,5,1],"texture":"#1"},"east":{"uv":[4.5,5,5.06954,6.375],"texture":"#1"},"south":{"uv":[1,1.5,1,1.5],"texture":"#1"},"west":{"uv":[2.5,2.5,3.56954,3.875],"texture":"#1"},"up":{"uv":[1.5,6,1.625,6.56954],"texture":"#1"},"down":{"uv":[2.5,1,2.625,1.56954],"texture":"#1"}}},{"from":[7.3125,11.625,13.44961],"to":[7.4375,13,14.01915],"rotation":{"angle":0,"axis":"y","origin":[7.8125,12.3125,13.73438]},"faces":{"north":{"uv":[5,1,5,1],"texture":"#1"},"east":{"uv":[4.5,5,5.06954,6.375],"texture":"#1"},"south":{"uv":[1,1.5,1,1.5],"texture":"#1"},"west":{"uv":[2.5,2.5,3.56954,3.875],"texture":"#1"},"up":{"uv":[1.5,6,1.5,6],"texture":"#1"},"down":{"uv":[2.5,1,2.5,1],"texture":"#1"}}},{"from":[8.5625,12.02773,13.04688],"to":[8.6875,12.59727,14.42188],"rotation":{"angle":45,"axis":"x","origin":[8.1875,12.3125,13.73438]},"faces":{"north":{"uv":[5.125,1,5,1.56954],"texture":"#1"},"east":{"uv":[5.875,5,4.5,5.56954],"texture":"#1"},"south":{"uv":[1.125,1.5,1,2.06954],"texture":"#1"},"west":{"uv":[2.5,2.5,1.125,3.06954],"texture":"#1"},"up":{"uv":[1.5,6,1.5,6],"texture":"#1"},"down":{"uv":[2.5,1,2.5,1],"texture":"#1"}}},{"from":[8.5625,11.625,13.44961],"to":[8.6875,13,14.01915],"rotation":{"angle":45,"axis":"x","origin":[8.1875,12.3125,13.73438]},"faces":{"north":{"uv":[5,1,5,1],"texture":"#1"},"east":{"uv":[5.06954,5,4.5,6.375],"texture":"#1"},"south":{"uv":[1,1.5,1,1.5],"texture":"#1"},"west":{"uv":[2.5,2.5,1.93046,3.875],"texture":"#1"},"up":{"uv":[1.625,6,1.5,6.56954],"texture":"#1"},"down":{"uv":[2.625,1,2.5,1.56954],"texture":"#1"}}},{"from":[8.5625,11.625,13.44961],"to":[8.6875,13,14.01915],"rotation":{"angle":0,"axis":"y","origin":[8.1875,12.3125,13.73438]},"faces":{"north":{"uv":[5,1,5,1],"texture":"#1"},"east":{"uv":[5.06954,5,4.5,6.375],"texture":"#1"},"south":{"uv":[1,1.5,1,1.5],"texture":"#1"},"west":{"uv":[2.5,2.5,1.93046,3.875],"texture":"#1"},"up":{"uv":[1.5,6,1.5,6],"texture":"#1"},"down":{"uv":[2.5,1,2.5,1],"texture":"#1"}}},{"from":[7.71523,11.625,13.04688],"to":[8.28477,11.75,14.42188],"rotation":{"angle":45,"axis":"z","origin":[8,12.3125,14.73438]},"faces":{"north":{"uv":[5,1,5.56954,1.125],"texture":"#1"},"east":{"uv":[4.5,5,4.5,5],"texture":"#1"},"south":{"uv":[1,1.5,1.56954,1.625],"texture":"#1"},"west":{"uv":[2.5,2.5,2.5,2.5],"texture":"#1"},"up":{"uv":[1.5,6,1.5,6],"texture":"#1"},"down":{"uv":[2.5,1,3.06954,2.375],"texture":"#1"}}},{"from":[7.71523,12.875,13.04688],"to":[8.28477,13,14.42188],"rotation":{"angle":45,"axis":"z","origin":[8,12.3125,14.73438]},"faces":{"north":{"uv":[5,1,5.56954,1.125],"texture":"#1"},"east":{"uv":[4.5,5,4.5,5],"texture":"#1"},"south":{"uv":[1,1.5,1.56954,1.625],"texture":"#1"},"west":{"uv":[2.5,2.5,2.5,2.5],"texture":"#1"},"up":{"uv":[1.5,6,2.06954,7.375],"texture":"#1"},"down":{"uv":[2.5,1,2.5,1],"texture":"#1"}}},{"from":[7.3125,12.02773,13.04688],"to":[7.4375,12.59727,14.42188],"rotation":{"angle":45,"axis":"z","origin":[8,12.3125,14.73438]},"faces":{"north":{"uv":[5,1,5.125,1.56954],"texture":"#1"},"east":{"uv":[4.5,5,4.5,5],"texture":"#1"},"south":{"uv":[1,1.5,1.125,2.06954],"texture":"#1"},"west":{"uv":[2.5,2.5,3.875,3.06954],"texture":"#1"},"up":{"uv":[1.5,6,1.5,6],"texture":"#1"},"down":{"uv":[2.5,1,2.5,1],"texture":"#1"}}},{"from":[7.3125,12.02773,13.04688],"to":[7.4375,12.59727,14.42188],"rotation":{"angle":0,"axis":"y","origin":[8,12.3125,14.73438]},"faces":{"north":{"uv":[5,1,5.125,1.56954],"texture":"#1"},"east":{"uv":[4.5,5,4.5,5],"texture":"#1"},"south":{"uv":[1,1.5,1.125,2.06954],"texture":"#1"},"west":{"uv":[2.5,2.5,4.375,3.06954],"texture":"#1"},"up":{"uv":[1.5,6,1.5,6],"texture":"#1"},"down":{"uv":[2.5,1,2.5,1],"texture":"#1"}}},{"from":[8.5625,12.02773,13.04688],"to":[8.6875,12.59727,14.42188],"rotation":{"angle":45,"axis":"z","origin":[8,12.3125,14.73438]},"faces":{"north":{"uv":[5,1,5.125,1.56954],"texture":"#1"},"east":{"uv":[4.5,5,5.875,5.56954],"texture":"#1"},"south":{"uv":[1,1.5,1.125,2.06954],"texture":"#1"},"west":{"uv":[2.5,2.5,2.5,2.5],"texture":"#1"},"up":{"uv":[1.5,6,1.5,6],"texture":"#1"},"down":{"uv":[2.5,1,2.5,1],"texture":"#1"}}},{"from":[8.5625,12.02773,13.04688],"to":[8.6875,12.59727,14.42188],"rotation":{"angle":0,"axis":"y","origin":[8,12.3125,14.73438]},"faces":{"north":{"uv":[5,1,5.125,1.56954],"texture":"#1"},"east":{"uv":[4.5,5,5.875,5.56954],"texture":"#1"},"south":{"uv":[1,1.5,1.125,2.06954],"texture":"#1"},"west":{"uv":[2.5,2.5,2.5,2.5],"texture":"#1"},"up":{"uv":[1.5,6,1.5,6],"texture":"#1"},"down":{"uv":[2.5,1,2.5,1],"texture":"#1"}}},{"from":[7.71523,11.625,13.04688],"to":[8.28477,11.75,14.42188],"rotation":{"angle":45,"axis":"y","origin":[8,11.25,13.73438]},"faces":{"north":{"uv":[5,1,5.56954,1.125],"texture":"#1"},"east":{"uv":[4.5,5,4.5,5],"texture":"#1"},"south":{"uv":[1,1.5,1.56954,1.625],"texture":"#1"},"west":{"uv":[2.5,2.5,2.5,2.5],"texture":"#1"},"up":{"uv":[1.5,6,2.06954,7.375],"texture":"#1"},"down":{"uv":[2.5,1,3.06954,2.375],"texture":"#1"}}},{"from":[7.71523,11.625,13.04688],"to":[8.28477,11.75,14.42188],"rotation":{"angle":0,"axis":"y","origin":[8,11.25,13.73438]},"faces":{"north":{"uv":[5,1,5.56954,1.125],"texture":"#1"},"east":{"uv":[4.5,5,4.5,5],"texture":"#1"},"south":{"uv":[1,1.5,1.56954,1.625],"texture":"#1"},"west":{"uv":[2.5,2.5,2.5,2.5],"texture":"#1"},"up":{"uv":[1.5,6,1.5,6],"texture":"#1"},"down":{"uv":[2.5,1,3.06954,2.375],"texture":"#1"}}},{"from":[7.3125,11.625,13.44961],"to":[8.6875,11.75,14.01915],"rotation":{"angle":45,"axis":"y","origin":[8,11.25,13.73438]},"faces":{"north":{"uv":[5,1,5,1],"texture":"#1"},"east":{"uv":[4.5,5,5.06954,5.125],"texture":"#1"},"south":{"uv":[1,1.5,1,1.5],"texture":"#1"},"west":{"uv":[2.5,2.5,3.06954,2.625],"texture":"#1"},"up":{"uv":[1.5,6,2.875,6.56954],"texture":"#1"},"down":{"uv":[2.5,1,3.875,1.56954],"texture":"#1"}}},{"from":[7.3125,11.625,13.44961],"to":[8.6875,11.75,14.01915],"rotation":{"angle":0,"axis":"y","origin":[8,11.25,13.73438]},"faces":{"north":{"uv":[5,1,5,1],"texture":"#1"},"east":{"uv":[4.5,5,4.5,5],"texture":"#1"},"south":{"uv":[1,1.5,1,1.5],"texture":"#1"},"west":{"uv":[2.5,2.5,2.5,2.5],"texture":"#1"},"up":{"uv":[1.5,6,2.875,6.56954],"texture":"#1"},"down":{"uv":[2.5,1,3.875,1.56954],"texture":"#1"}}},{"from":[7.71523,12.875,13.04688],"to":[8.28477,13,14.42188],"rotation":{"angle":45,"axis":"y","origin":[8,12.5,13.73438]},"faces":{"north":{"uv":[5,1,5.56954,1.125],"texture":"#1"},"east":{"uv":[4.5,5,4.5,5],"texture":"#1"},"south":{"uv":[1,1.5,1.56954,1.625],"texture":"#1"},"west":{"uv":[2.5,2.5,2.5,2.5],"texture":"#1"},"up":{"uv":[1.5,6,2.06954,7.375],"texture":"#1"},"down":{"uv":[2.5,1,3.06954,2.375],"texture":"#1"}}},{"from":[7.71523,12.875,13.04688],"to":[8.28477,13,14.42188],"rotation":{"angle":0,"axis":"y","origin":[8,12.5,13.73438]},"faces":{"north":{"uv":[5,1,5.56954,1.125],"texture":"#1"},"east":{"uv":[4.5,5,4.5,5],"texture":"#1"},"south":{"uv":[1,1.5,1.56954,1.625],"texture":"#1"},"west":{"uv":[2.5,2.5,2.5,2.5],"texture":"#1"},"up":{"uv":[1.5,6,2.06954,7.375],"texture":"#1"},"down":{"uv":[2.5,1,2.5,1],"texture":"#1"}}},{"from":[7.3125,12.875,13.44961],"to":[8.6875,13,14.01915],"rotation":{"angle":45,"axis":"y","origin":[8,12.5,13.73438]},"faces":{"north":{"uv":[5,1,5,1],"texture":"#1"},"east":{"uv":[4.5,5,5.06954,5.125],"texture":"#1"},"south":{"uv":[1,1.5,1,1.5],"texture":"#1"},"west":{"uv":[2.5,2.5,3.06954,2.625],"texture":"#1"},"up":{"uv":[1.5,6,2.875,6.56954],"texture":"#1"},"down":{"uv":[2.5,1,3.875,1.56954],"texture":"#1"}}},{"from":[7.3125,12.875,13.44961],"to":[8.6875,13,14.01915],"rotation":{"angle":0,"axis":"y","origin":[8,12.5,13.73438]},"faces":{"north":{"uv":[5,1,5,1],"texture":"#1"},"east":{"uv":[4.5,5,4.5,5],"texture":"#1"},"south":{"uv":[1,1.5,1,1.5],"texture":"#1"},"west":{"uv":[2.5,2.5,2.5,2.5],"texture":"#1"},"up":{"uv":[1.5,6,2.875,6.56954],"texture":"#1"},"down":{"uv":[2.5,1,3.875,1.56954],"texture":"#1"}}},{"from":[8.4375,12.1996,13.04688],"to":[8.5625,12.4254,13.17188],"rotation":{"angle":45,"axis":"x","origin":[9.1875,12.3125,13.73438]},"faces":{"north":{"uv":[5,1,5.125,1.2258],"texture":"#1"},"east":{"uv":[4.5,5,4.5,5],"texture":"#1"},"south":{"uv":[1,1.5,1.125,1.7258],"texture":"#1"},"west":{"uv":[2.5,2.5,2.625,2.7258],"texture":"#1"},"up":{"uv":[1.5,6,1.625,6.125],"texture":"#1"},"down":{"uv":[2.5,1,2.625,1.125],"texture":"#1"}}},{"from":[8.4375,12.1996,14.29688],"to":[8.5625,12.4254,14.42188],"rotation":{"angle":45,"axis":"x","origin":[9.1875,12.3125,13.73438]},"faces":{"north":{"uv":[5,1,5.125,1.2258],"texture":"#1"},"east":{"uv":[4.5,5,4.5,5],"texture":"#1"},"south":{"uv":[1,1.5,1.125,1.7258],"texture":"#1"},"west":{"uv":[2.5,2.5,2.625,2.7258],"texture":"#1"},"up":{"uv":[1.5,6,1.625,6.125],"texture":"#1"},"down":{"uv":[2.5,1,2.625,1.125],"texture":"#1"}}},{"from":[8.4375,11.625,13.62148],"to":[8.5625,11.75,13.84728],"rotation":{"angle":45,"axis":"x","origin":[9.1875,12.3125,13.73438]},"faces":{"north":{"uv":[5,1,5.125,1.125],"texture":"#1"},"east":{"uv":[4.5,5,4.5,5],"texture":"#1"},"south":{"uv":[1,1.5,1.125,1.625],"texture":"#1"},"west":{"uv":[2.5,2.5,2.7258,2.625],"texture":"#1"},"up":{"uv":[1.5,6,1.625,6.2258],"texture":"#1"},"down":{"uv":[2.5,1,2.625,1.2258],"texture":"#1"}}},{"from":[8.4375,12.875,13.62148],"to":[8.5625,13,13.84728],"rotation":{"angle":45,"axis":"x","origin":[9.1875,12.3125,13.73438]},"faces":{"north":{"uv":[5,1,5.125,1.125],"texture":"#1"},"east":{"uv":[4.5,5,4.5,5],"texture":"#1"},"south":{"uv":[1,1.5,1.125,1.625],"texture":"#1"},"west":{"uv":[2.5,2.5,2.7258,2.625],"texture":"#1"},"up":{"uv":[1.5,6,1.625,6.2258],"texture":"#1"},"down":{"uv":[2.5,1,2.625,1.2258],"texture":"#1"}}},{"from":[7.4375,12.1996,13.04688],"to":[7.5625,12.4254,13.17188],"rotation":{"angle":45,"axis":"x","origin":[6.8125,12.3125,13.73438]},"faces":{"north":{"uv":[5.125,1,5,1.2258],"texture":"#1"},"east":{"uv":[4.625,5,4.5,5.2258],"texture":"#1"},"south":{"uv":[1.125,1.5,1,1.7258],"texture":"#1"},"west":{"uv":[2.5,2.5,2.5,2.5],"texture":"#1"},"up":{"uv":[1.625,6,1.5,6.125],"texture":"#1"},"down":{"uv":[2.625,1,2.5,1.125],"texture":"#1"}}},{"from":[7.4375,12.1996,14.29688],"to":[7.5625,12.4254,14.42188],"rotation":{"angle":45,"axis":"x","origin":[6.8125,12.3125,13.73438]},"faces":{"north":{"uv":[5.125,1,5,1.2258],"texture":"#1"},"east":{"uv":[4.625,5,4.5,5.2258],"texture":"#1"},"south":{"uv":[1.125,1.5,1,1.7258],"texture":"#1"},"west":{"uv":[2.5,2.5,2.5,2.5],"texture":"#1"},"up":{"uv":[1.625,6,1.5,6.125],"texture":"#1"},"down":{"uv":[2.625,1,2.5,1.125],"texture":"#1"}}},{"from":[7.4375,11.625,13.62148],"to":[7.5625,11.75,13.84728],"rotation":{"angle":45,"axis":"x","origin":[6.8125,12.3125,13.73438]},"faces":{"north":{"uv":[5.125,1,5,1.125],"texture":"#1"},"east":{"uv":[4.7258,5,4.5,5.125],"texture":"#1"},"south":{"uv":[1.125,1.5,1,1.625],"texture":"#1"},"west":{"uv":[2.5,2.5,2.5,2.5],"texture":"#1"},"up":{"uv":[1.625,6,1.5,6.2258],"texture":"#1"},"down":{"uv":[2.625,1,2.5,1.2258],"texture":"#1"}}},{"from":[7.4375,12.875,13.62148],"to":[7.5625,13,13.84728],"rotation":{"angle":45,"axis":"x","origin":[6.8125,12.3125,13.73438]},"faces":{"north":{"uv":[5.125,1,5,1.125],"texture":"#1"},"east":{"uv":[4.7258,5,4.5,5.125],"texture":"#1"},"south":{"uv":[1.125,1.5,1,1.625],"texture":"#1"},"west":{"uv":[2.5,2.5,2.5,2.5],"texture":"#1"},"up":{"uv":[1.625,6,1.5,6.2258],"texture":"#1"},"down":{"uv":[2.625,1,2.5,1.2258],"texture":"#1"}}},{"from":[7.3125,12.75,13.62148],"to":[7.4375,12.875,13.84728],"rotation":{"angle":45,"axis":"y","origin":[8,12.125,13.73438]},"faces":{"north":{"uv":[5.125,1,5,1.125],"rotation":270,"texture":"#1"},"east":{"uv":[4.625,5,4.5,5.2258],"rotation":270,"texture":"#1"},"south":{"uv":[1.125,1.5,1,1.625],"rotation":270,"texture":"#1"},"west":{"uv":[2.5,2.5,2.375,2.7258],"rotation":90,"texture":"#1"},"up":{"uv":[1.5,6,1.5,6],"texture":"#1"},"down":{"uv":[2.625,1,2.5,1.2258],"texture":"#1"}}},{"from":[8.5625,12.75,13.62148],"to":[8.6875,12.875,13.84728],"rotation":{"angle":45,"axis":"y","origin":[8,12.125,13.73438]},"faces":{"north":{"uv":[5.125,1,5,1.125],"rotation":270,"texture":"#1"},"east":{"uv":[4.625,5,4.5,5.2258],"rotation":270,"texture":"#1"},"south":{"uv":[1.125,1.5,1,1.625],"rotation":270,"texture":"#1"},"west":{"uv":[2.5,2.5,2.375,2.7258],"rotation":90,"texture":"#1"},"up":{"uv":[1.5,6,1.5,6],"texture":"#1"},"down":{"uv":[2.625,1,2.5,1.2258],"texture":"#1"}}},{"from":[7.8871,12.75,13.04688],"to":[8.1129,12.875,13.17188],"rotation":{"angle":45,"axis":"y","origin":[8,12.125,13.73438]},"faces":{"north":{"uv":[5.125,1,5,1.2258],"rotation":270,"texture":"#1"},"east":{"uv":[4.625,5,4.5,5.125],"rotation":270,"texture":"#1"},"south":{"uv":[1.125,1.5,1,1.7258],"rotation":270,"texture":"#1"},"west":{"uv":[2.5,2.5,2.375,2.625],"rotation":90,"texture":"#1"},"up":{"uv":[1.5,6,1.5,6],"texture":"#1"},"down":{"uv":[2.7258,1,2.5,1.125],"texture":"#1"}}},{"from":[7.8871,12.75,14.29688],"to":[8.1129,12.875,14.42188],"rotation":{"angle":45,"axis":"y","origin":[8,12.125,13.73438]},"faces":{"north":{"uv":[5.125,1,5,1.2258],"rotation":270,"texture":"#1"},"east":{"uv":[4.625,5,4.5,5.125],"rotation":270,"texture":"#1"},"south":{"uv":[1.125,1.5,1,1.7258],"rotation":270,"texture":"#1"},"west":{"uv":[2.5,2.5,2.375,2.625],"rotation":90,"texture":"#1"},"up":{"uv":[1.5,6,1.5,6],"texture":"#1"},"down":{"uv":[2.7258,1,2.5,1.125],"texture":"#1"}}},{"from":[7.3125,11.75,13.62148],"to":[7.4375,11.875,13.84728],"rotation":{"angle":45,"axis":"y","origin":[8,11.125,13.73438]},"faces":{"north":{"uv":[5.125,1,5,1.125],"rotation":270,"texture":"#1"},"east":{"uv":[4.625,5,4.5,5.2258],"rotation":270,"texture":"#1"},"south":{"uv":[1.125,1.5,1,1.625],"rotation":270,"texture":"#1"},"west":{"uv":[2.5,2.5,2.375,2.7258],"rotation":90,"texture":"#1"},"up":{"uv":[1.625,6,1.5,6.2258],"rotation":180,"texture":"#1"},"down":{"uv":[2.5,1,2.5,1],"texture":"#1"}}},{"from":[8.5625,11.75,13.62148],"to":[8.6875,11.875,13.84728],"rotation":{"angle":45,"axis":"y","origin":[8,11.125,13.73438]},"faces":{"north":{"uv":[5.125,1,5,1.125],"rotation":270,"texture":"#1"},"east":{"uv":[4.625,5,4.5,5.2258],"rotation":270,"texture":"#1"},"south":{"uv":[1.125,1.5,1,1.625],"rotation":270,"texture":"#1"},"west":{"uv":[2.5,2.5,2.375,2.7258],"rotation":90,"texture":"#1"},"up":{"uv":[1.625,6,1.5,6.2258],"rotation":180,"texture":"#1"},"down":{"uv":[2.5,1,2.5,1],"texture":"#1"}}},{"from":[7.8871,11.75,13.04688],"to":[8.1129,11.875,13.17188],"rotation":{"angle":45,"axis":"y","origin":[8,11.125,13.73438]},"faces":{"north":{"uv":[5.125,1,5,1.2258],"rotation":270,"texture":"#1"},"east":{"uv":[4.625,5,4.5,5.125],"rotation":270,"texture":"#1"},"south":{"uv":[1.125,1.5,1,1.7258],"rotation":270,"texture":"#1"},"west":{"uv":[2.5,2.5,2.375,2.625],"rotation":90,"texture":"#1"},"up":{"uv":[1.7258,6,1.5,6.125],"rotation":180,"texture":"#1"},"down":{"uv":[2.5,1,2.5,1],"texture":"#1"}}},{"from":[7.8871,11.75,14.29688],"to":[8.1129,11.875,14.42188],"rotation":{"angle":45,"axis":"y","origin":[8,11.125,13.73438]},"faces":{"north":{"uv":[5.125,1,5,1.2258],"rotation":270,"texture":"#1"},"east":{"uv":[4.625,5,4.5,5.125],"rotation":270,"texture":"#1"},"south":{"uv":[1.125,1.5,1,1.7258],"rotation":270,"texture":"#1"},"west":{"uv":[2.5,2.5,2.375,2.625],"rotation":90,"texture":"#1"},"up":{"uv":[1.7258,6,1.5,6.125],"rotation":180,"texture":"#1"},"down":{"uv":[2.5,1,2.5,1],"texture":"#1"}}},{"from":[7.5,13,13.52727],"to":[8.5,13.23438,13.94149],"rotation":{"angle":-22.5,"axis":"y","origin":[8,13.5,13.73438]},"faces":{"north":{"uv":[2,1.5,2,1.5],"texture":"#1"},"east":{"uv":[2,1.5,2.41422,1.875],"texture":"#1"},"south":{"uv":[1.5,1.5,1.5,1.5],"texture":"#1"},"west":{"uv":[2,1.5,2.41422,1.875],"texture":"#1"},"up":{"uv":[1.5,1.5,1.91422,2.5],"rotation":270,"texture":"#1"},"down":{"uv":[1.5,2,1.91422,3],"rotation":90,"texture":"#1"}}},{"from":[7.79289,13,13.23438],"to":[8.20711,13.23438,14.23438],"rotation":{"angle":22.5,"axis":"y","origin":[8,13.5,13.73438]},"faces":{"north":{"uv":[2,1.5,2.41422,1.875],"texture":"#1"},"east":{"uv":[2,1.5,2,1.5],"texture":"#1"},"south":{"uv":[1.5,1.5,1.91422,1.875],"texture":"#1"},"west":{"uv":[2,1.5,2,1.5],"texture":"#1"},"up":{"uv":[1.5,1.5,1.91422,2.5],"texture":"#1"},"down":{"uv":[1.5,2,1.91422,3],"texture":"#1"}}},{"from":[7.79289,13,13.23438],"to":[8.20711,13.23438,14.23438],"rotation":{"angle":-22.5,"axis":"y","origin":[8,13.5,13.73438]},"faces":{"north":{"uv":[2,1.5,2.41422,1.875],"texture":"#1"},"east":{"uv":[2,1.5,2,1.5],"texture":"#1"},"south":{"uv":[1.5,1.5,1.91422,1.875],"texture":"#1"},"west":{"uv":[2,1.5,2,1.5],"texture":"#1"},"up":{"uv":[1.5,1.5,2.5,1.91422],"rotation":270,"texture":"#1"},"down":{"uv":[1.5,2,2.5,2.41422],"rotation":90,"texture":"#1"}}},{"from":[7.5,13,13.52727],"to":[8.5,13.23438,13.94149],"rotation":{"angle":22.5,"axis":"y","origin":[8,13.5,13.73438]},"faces":{"north":{"uv":[2,1.5,2,1.5],"texture":"#1"},"east":{"uv":[2,1.5,2.41422,1.875],"texture":"#1"},"south":{"uv":[1.5,1.5,1.5,1.5],"texture":"#1"},"west":{"uv":[2,1.5,2.41422,1.875],"texture":"#1"},"up":{"uv":[1.5,1.5,2.5,1.91422],"texture":"#1"},"down":{"uv":[1.5,2,2.5,2.41422],"texture":"#1"}}},{"from":[7.14063,12.10539,13.23438],"to":[7.3125,12.51961,14.23438],"rotation":{"angle":22.5,"axis":"x","origin":[7.5,12.3125,13.73438]},"faces":{"north":{"uv":[0.8125,0.5,0.5,0.91422],"texture":"#1"},"east":{"uv":[2.5,1,2.125,1.41422],"texture":"#1"},"south":{"uv":[1.3125,0.5,1,0.91422],"texture":"#1"},"west":{"uv":[1,3,1,3.41422],"texture":"#1"},"up":{"uv":[1.5,0,2,0],"texture":"#1"},"down":{"uv":[0.5,1.5,1,1.5],"texture":"#1"}}},{"from":[7.14063,12.10539,13.23438],"to":[7.3125,12.51961,14.23438],"rotation":{"angle":-22.5,"axis":"x","origin":[7.5,12.3125,13.73438]},"faces":{"north":{"uv":[0.8125,0.5,0.5,0.91422],"texture":"#1"},"east":{"uv":[2.5,1,2.125,1.41422],"texture":"#1"},"south":{"uv":[1.3125,0.5,1,0.91422],"texture":"#1"},"west":{"uv":[1,3,1,3.41422],"texture":"#1"},"up":{"uv":[1.5,0,2,0],"texture":"#1"},"down":{"uv":[0.5,1.5,1,1.5],"texture":"#1"}}},{"from":[7.14063,11.8125,13.52727],"to":[7.3125,12.8125,13.94149],"rotation":{"angle":22.5,"axis":"x","origin":[7.5,12.3125,13.73438]},"faces":{"north":{"uv":[0.5,0.5,0.5,0.5],"texture":"#1"},"east":{"uv":[1.91422,1,2.125,2],"texture":"#1"},"south":{"uv":[1,0.5,1,0.5],"texture":"#1"},"west":{"uv":[1,3,1.08578,4],"texture":"#1"},"up":{"uv":[1.8125,0,2,0.41422],"texture":"#1"},"down":{"uv":[0.8125,1.5,1,1.91422],"texture":"#1"}}},{"from":[7.14063,11.8125,13.52727],"to":[7.3125,12.8125,13.94149],"rotation":{"angle":-22.5,"axis":"x","origin":[7.5,12.3125,13.73438]},"faces":{"north":{"uv":[0.5,0.5,0.5,0.5],"texture":"#1"},"east":{"uv":[1.91422,1,2.125,2],"texture":"#1"},"south":{"uv":[1,0.5,1,0.5],"texture":"#1"},"west":{"uv":[1,3,1.08578,4],"texture":"#1"},"up":{"uv":[1.8125,0,2,0.41422],"texture":"#1"},"down":{"uv":[0.8125,1.5,1,1.91422],"texture":"#1"}}}],"display":{"thirdperson_righthand":{"translation":[0,-2.25,-2.25],"scale":[0.6,0.6,0.6]},"thirdperson_lefthand":{"translation":[0,2,-6],"scale":[0.6,0.6,0.6]},"firstperson_righthand":{"translation":[-2.75,-1,-2.4]},"firstperson_lefthand":{"translation":[-4.5,5.25,-5]},"ground":{"translation":[-0.25,-6,-3.75],"scale":[0.6,0.6,0.6]},"gui":{"rotation":[30,-145,0],"translation":[8,-13.25,0],"scale":[2.31,2.31,2.31]},"fixed":{"rotation":[0,90,0],"translation":[-6.25,-4.25,-2],"scale":[1.2,1.2,1.2]}},"groups":[{"name":"scope-m1903","origin":[8,8,8],"color":1,"nbt":"{}","children":[{"name":"scope body","origin":[8,8,8],"color":1,"nbt":"{}","children":[{"name":"octagon","origin":[8,8,8],"color":1,"nbt":"{}","children":[0,1,2,3,4,5,6,7]},{"name":"group","origin":[8,8,8],"color":1,"nbt":"{}","children":[{"name":"octagon","origin":[8,8,8],"color":1,"nbt":"{}","children":[8,9,10,11,12,13,14,15]},{"name":"octagon","origin":[8,8,8],"color":1,"nbt":"{}","children":[16,17,18,19,20,21,22,23]}]},{"name":"group","origin":[8,8,8],"color":1,"nbt":"{}","children":[{"name":"octagon","origin":[8,8,8],"color":1,"nbt":"{}","children":[24,25,26,27,28,29,30,31]},{"name":"octagon","origin":[8,8,8],"color":1,"nbt":"{}","children":[32,33,34,35,36,37,38,39]}]}]},{"name":"knob-base","origin":[8,8.125,12.875],"color":1,"nbt":"{}","children":[40,41,42,43,44,45,46,47,48,49,50,51,52,53,54,55,56,57,58,59,60,61,62,63,64,65,66,67,68,69,70,71,72,73,74,75]},{"name":"knob","origin":[8,8,8],"color":1,"nbt":"{}","children":[{"name":"octagon","origin":[8,8,8],"color":1,"nbt":"{}","children":[76,77,78,79]},{"name":"octagon","origin":[8,8,8],"color":1,"nbt":"{}","children":[80,81,82,83]}]}]}]}