{"credit":"Made with Blockbench","texture_size":[64,64],"textures":{"4":"tac:items/raythean","5":"tac:items/lungmen_512","7":"tac:items/qmk152"},"elements":[{"from":[6.999,8.19516,5.775],"to":[6.999,10.19516,7.775],"rotation":{"angle":0,"axis":"y","origin":[8.0615,9.23438,5.5625]},"faces":{"west":{"uv":[0,0,16,16],"texture":"#4"}}},{"from":[9,8.80484,6.7125],"to":[9.00781,9.67984,7.5875],"rotation":{"angle":0,"axis":"y","origin":[8.0625,8.74234,6.65]},"faces":{"north":{"uv":[0,0,0,0],"texture":"#5"},"east":{"uv":[0,0,16,16],"texture":"#5"},"south":{"uv":[0,0,0,0],"texture":"#5"},"west":{"uv":[0,0,16,16],"texture":"#5"},"up":{"uv":[0,0,0,0],"texture":"#5"},"down":{"uv":[0,0,0,0],"texture":"#5"}}},{"from":[7.10613,8.825,10.3125],"to":[7.30013,9.61251,10.6875],"rotation":{"angle":0,"axis":"y","origin":[7.98438,9.21876,10.43594]},"faces":{"north":{"uv":[1.75,9.5,1.875,9.75],"texture":"#7"},"south":{"uv":[2.25,9.5,2.375,9.75],"texture":"#7"},"west":{"uv":[9.5,2.5,9.625,2.75],"texture":"#7"},"up":{"uv":[11.125,9.625,11,9.5],"texture":"#7"},"down":{"uv":[10.125,11,10,11.125],"texture":"#7"}}},{"from":[8.69988,8.825,10.3125],"to":[8.89388,9.61251,10.6875],"rotation":{"angle":0,"axis":"y","origin":[8.79688,9.21876,10.27969]},"faces":{"north":{"uv":[2.75,9.5,2.875,9.75],"texture":"#7"},"east":{"uv":[3.25,9.5,3.375,9.75],"texture":"#7"},"south":{"uv":[3.75,9.5,3.875,9.75],"texture":"#7"},"up":{"uv":[0.125,11.375,0,11.25],"texture":"#7"},"down":{"uv":[1.125,11.25,1,11.375],"texture":"#7"}}},{"from":[8.48125,8.81786,10.3125],"to":[8.7358,8.92513,10.6875],"rotation":{"angle":22.5,"axis":"z","origin":[8.79688,9.21876,10.27969]},"faces":{"north":{"uv":[11.25,1,11.375,1.125],"texture":"#7"},"south":{"uv":[11.25,1.5,11.375,1.625],"texture":"#7"},"down":{"uv":[11.375,2,11.25,2.125],"texture":"#7"}}},{"from":[8.60149,9.5634,10.3125],"to":[8.87168,9.67066,10.6875],"rotation":{"angle":-22.5,"axis":"z","origin":[8.73659,9.58578,10.27969]},"faces":{"north":{"uv":[11.25,3,11.375,3.125],"texture":"#7"},"south":{"uv":[4,11.25,4.125,11.375],"texture":"#7"},"up":{"uv":[4.625,11.375,4.5,11.25],"texture":"#7"}}},{"from":[7.2642,8.81786,10.3125],"to":[7.53438,8.92513,10.6875],"rotation":{"angle":-22.5,"axis":"z","origin":[7.20313,9.21876,10.27969]},"faces":{"north":{"uv":[5,11.25,5.125,11.375],"texture":"#7"},"south":{"uv":[5.5,11.25,5.625,11.375],"texture":"#7"},"down":{"uv":[11.375,5.5,11.25,5.625],"texture":"#7"}}},{"from":[7.12833,9.5634,10.3125],"to":[7.41414,9.67066,10.6875],"rotation":{"angle":22.5,"axis":"z","origin":[7.26342,9.58578,10.27969]},"faces":{"north":{"uv":[6,11.25,6.125,11.375],"texture":"#7"},"south":{"uv":[11.25,7,11.375,7.125],"texture":"#7"},"up":{"uv":[8.625,11.375,8.5,11.25],"texture":"#7"}}},{"from":[7.57603,9.67979,10.3125],"to":[7.6833,9.94997,10.6875],"rotation":{"angle":-22.5,"axis":"z","origin":[8,9.95533,10.27969]},"faces":{"north":{"uv":[9,11.25,9.125,11.375],"texture":"#7"},"south":{"uv":[11.25,10,11.375,10.125],"texture":"#7"},"west":{"uv":[10.5,11.25,10.625,11.375],"texture":"#7"},"up":{"uv":[11.375,10.625,11.25,10.5],"texture":"#7"}}},{"from":[8.3167,9.67979,10.3125],"to":[8.42397,9.94997,10.6875],"rotation":{"angle":22.5,"axis":"z","origin":[8,9.95533,10.27969]},"faces":{"north":{"uv":[11,11.25,11.125,11.375],"texture":"#7"},"east":{"uv":[11.5,0,11.625,0.125],"texture":"#7"},"south":{"uv":[0.5,11.5,0.625,11.625],"texture":"#7"},"up":{"uv":[11.625,0.625,11.5,0.5],"texture":"#7"}}},{"from":[7.57603,8.48753,10.3125],"to":[7.6833,8.74209,10.6875],"rotation":{"angle":22.5,"axis":"z","origin":[8,8.48217,10.27969]},"faces":{"north":{"uv":[1.5,11.5,1.625,11.625],"texture":"#7"},"south":{"uv":[2,11.5,2.125,11.625],"texture":"#7"},"west":{"uv":[2.5,11.5,2.625,11.625],"texture":"#7"},"down":{"uv":[11.625,2.5,11.5,2.625],"texture":"#7"}}},{"from":[8.3167,8.48753,10.3125],"to":[8.42397,8.74209,10.6875],"rotation":{"angle":-22.5,"axis":"z","origin":[8,8.48217,10.27969]},"faces":{"north":{"uv":[3,11.5,3.125,11.625],"texture":"#7"},"east":{"uv":[3.5,11.5,3.625,11.625],"texture":"#7"},"south":{"uv":[11.5,3.5,11.625,3.625],"texture":"#7"},"down":{"uv":[11.625,4,11.5,4.125],"texture":"#7"}}},{"from":[7.60625,9.91863,10.3125],"to":[8.39375,10.11262,10.6875],"rotation":{"angle":0,"axis":"y","origin":[8,9.23438,10.43594]},"faces":{"north":{"uv":[9.5,3.75,9.75,3.875],"texture":"#7"},"south":{"uv":[9.5,4.25,9.75,4.375],"texture":"#7"},"up":{"uv":[9.75,4.875,9.5,4.75],"texture":"#7"}}},{"from":[7.60625,8.32488,10.3125],"to":[8.39375,8.51887,10.6875],"rotation":{"angle":0,"axis":"y","origin":[8,9.20313,10.43594]},"faces":{"north":{"uv":[9.5,5.25,9.75,5.375],"texture":"#7"},"south":{"uv":[9.5,6.5,9.75,6.625],"texture":"#7"},"down":{"uv":[7.25,9.5,7,9.625],"texture":"#7"}}},{"from":[7.63756,8.34375,10.3125],"to":[8.36244,8.46875,10.6875],"rotation":{"angle":45,"axis":"z","origin":[8,9.21875,11.3125]},"faces":{"north":{"uv":[14,12,14.125,12.125],"texture":"#7"},"south":{"uv":[12.5,14,12.625,14.125],"texture":"#7"},"down":{"uv":[14.125,12.5,14,12.625],"texture":"#7"}}},{"from":[7.63756,9.96875,10.3125],"to":[8.36244,10.09375,10.6875],"rotation":{"angle":45,"axis":"z","origin":[8,9.21875,11.3125]},"faces":{"north":{"uv":[13,14,13.125,14.125],"texture":"#7"},"south":{"uv":[14,13,14.125,13.125],"texture":"#7"},"up":{"uv":[13.625,14.125,13.5,14],"texture":"#7"}}},{"from":[7.125,8.85631,10.3125],"to":[7.25,9.58119,10.6875],"rotation":{"angle":45,"axis":"z","origin":[8,9.21875,11.3125]},"faces":{"north":{"uv":[14,13.5,14.125,13.625],"texture":"#7"},"south":{"uv":[14,14,14.125,14.125],"texture":"#7"},"west":{"uv":[0,14.25,0.125,14.375],"texture":"#7"}}},{"from":[8.75,8.85631,10.3125],"to":[8.875,9.58119,10.6875],"rotation":{"angle":45,"axis":"z","origin":[8,9.21875,11.3125]},"faces":{"north":{"uv":[1,14.25,1.125,14.375],"texture":"#7"},"east":{"uv":[14.25,1,14.375,1.125],"texture":"#7"},"south":{"uv":[14.25,1.5,14.375,1.625],"texture":"#7"}}},{"from":[7.84087,8.43437,4.75],"to":[8.15913,8.55937,10.9375],"rotation":{"angle":-45,"axis":"z","origin":[8,9.23438,9.9375]},"faces":{"north":{"uv":[14.25,5.5,14.375,5.625],"texture":"#7"},"south":{"uv":[6,14.25,6.125,14.375],"texture":"#7"},"up":{"uv":[1.125,3.75,1,2.25],"texture":"#7"},"down":{"uv":[2.375,1,2.25,2.5],"texture":"#7"}}},{"from":[7.84087,8.43437,4.75],"to":[8.15913,8.55937,10.9375],"rotation":{"angle":-22.5,"axis":"z","origin":[8,9.23438,9.9375]},"faces":{"north":{"uv":[14.25,7,14.375,7.125],"texture":"#7"},"south":{"uv":[8.5,14.25,8.625,14.375],"texture":"#7"},"up":{"uv":[1.625,3.75,1.5,2.25],"texture":"#7"},"down":{"uv":[0.625,2.5,0.5,4],"texture":"#7"}}},{"from":[7.84087,8.43437,4.75],"to":[8.15913,8.55937,10.9375],"rotation":{"angle":0,"axis":"y","origin":[8,9.23438,9.9375]},"faces":{"north":{"uv":[9,14.25,9.125,14.375],"texture":"#7"},"south":{"uv":[14.25,10,14.375,10.125],"texture":"#7"},"up":{"uv":[2.875,2.5,2.75,1],"texture":"#7"},"down":{"uv":[2.125,2.75,2,4.25],"texture":"#7"}}},{"from":[7.84087,8.43437,4.75],"to":[8.15913,8.55937,10.9375],"rotation":{"angle":22.5,"axis":"z","origin":[8,9.23438,9.9375]},"faces":{"north":{"uv":[10.5,14.25,10.625,14.375],"texture":"#7"},"south":{"uv":[14.25,10.5,14.375,10.625],"texture":"#7"},"up":{"uv":[2.625,4.25,2.5,2.75],"texture":"#7"},"down":{"uv":[3.125,2.75,3,4.25],"texture":"#7"}}},{"from":[7.84087,8.43437,4.75],"to":[8.15913,8.55937,10.9375],"rotation":{"angle":45,"axis":"z","origin":[8,9.23438,9.9375]},"faces":{"north":{"uv":[11,14.25,11.125,14.375],"texture":"#7"},"south":{"uv":[14.5,0,14.625,0.125],"texture":"#7"},"up":{"uv":[0.125,4.75,0,3.25],"texture":"#7"},"down":{"uv":[3.375,0,3.25,1.5],"texture":"#7"}}},{"from":[7.84087,9.90938,4.75],"to":[8.15913,10.03438,10.9375],"rotation":{"angle":-45,"axis":"z","origin":[8,9.23438,9.9375]},"faces":{"north":{"uv":[0.5,14.5,0.625,14.625],"texture":"#7"},"south":{"uv":[14.5,0.5,14.625,0.625],"texture":"#7"},"up":{"uv":[3.625,3.25,3.5,1.75],"texture":"#7"},"down":{"uv":[3.625,3.5,3.5,5],"texture":"#7"}}},{"from":[7.84087,9.90938,4.75],"to":[8.15913,10.03438,10.9375],"rotation":{"angle":-22.5,"axis":"z","origin":[8,9.23438,9.9375]},"faces":{"north":{"uv":[1.5,14.5,1.625,14.625],"texture":"#7"},"south":{"uv":[2,14.5,2.125,14.625],"texture":"#7"},"up":{"uv":[3.875,1.5,3.75,0],"texture":"#7"},"down":{"uv":[1.125,4,1,5.5],"texture":"#7"}}},{"from":[7.84087,9.90938,4.75],"to":[8.15913,10.03438,10.9375],"rotation":{"angle":0,"axis":"y","origin":[8,9.23438,9.9375]},"faces":{"north":{"uv":[2.5,14.5,2.625,14.625],"texture":"#7"},"south":{"uv":[14.5,2.5,14.625,2.625],"texture":"#7"},"up":{"uv":[1.625,5.5,1.5,4],"texture":"#7"},"down":{"uv":[4.125,1.75,4,3.25],"texture":"#7"}}},{"from":[7.84087,9.90938,4.75],"to":[8.15913,10.03438,10.9375],"rotation":{"angle":22.5,"axis":"z","origin":[8,9.23438,9.9375]},"faces":{"north":{"uv":[3,14.5,3.125,14.625],"texture":"#7"},"south":{"uv":[3.5,14.5,3.625,14.625],"texture":"#7"},"up":{"uv":[4.125,5,4,3.5],"texture":"#7"},"down":{"uv":[4.375,0,4.25,1.5],"texture":"#7"}}},{"from":[7.84087,9.90938,4.75],"to":[8.15913,10.03438,10.9375],"rotation":{"angle":45,"axis":"z","origin":[8,9.23438,9.9375]},"faces":{"north":{"uv":[14.5,3.5,14.625,3.625],"texture":"#7"},"south":{"uv":[14.5,4,14.625,4.125],"texture":"#7"},"up":{"uv":[0.625,5.75,0.5,4.25],"texture":"#7"},"down":{"uv":[4.625,1.75,4.5,3.25],"texture":"#7"}}},{"from":[7.2,9.07525,4.75],"to":[7.325,9.3935,10.9375],"rotation":{"angle":-22.5,"axis":"z","origin":[8,9.23438,9.9375]},"faces":{"north":{"uv":[14.5,4.5,14.625,4.625],"texture":"#7"},"east":{"uv":[4.5,3.5,6,3.625],"texture":"#7"},"south":{"uv":[14.5,5,14.625,5.125],"texture":"#7"},"west":{"uv":[4.5,4,6,4.125],"texture":"#7"}}},{"from":[7.2,9.07525,4.75],"to":[7.325,9.3935,10.9375],"rotation":{"angle":0,"axis":"y","origin":[8,9.23438,9.9375]},"faces":{"north":{"uv":[14.5,6,14.625,6.125],"texture":"#7"},"east":{"uv":[4.5,4.5,6,4.625],"texture":"#7"},"south":{"uv":[6.5,14.5,6.625,14.625],"texture":"#7"},"west":{"uv":[4.75,0,6.25,0.125],"texture":"#7"}}},{"from":[7.2,9.07525,4.75],"to":[7.325,9.3935,10.9375],"rotation":{"angle":22.5,"axis":"z","origin":[8,9.23438,9.9375]},"faces":{"north":{"uv":[14.5,6.5,14.625,6.625],"texture":"#7"},"east":{"uv":[4.75,0.5,6.25,0.625],"texture":"#7"},"south":{"uv":[7,14.5,7.125,14.625],"texture":"#7"},"west":{"uv":[4.75,1,6.25,1.125],"texture":"#7"}}},{"from":[8.675,9.07525,4.75],"to":[8.8,9.3935,10.9375],"rotation":{"angle":-22.5,"axis":"z","origin":[8,9.23438,9.9375]},"faces":{"north":{"uv":[7.5,14.5,7.625,14.625],"texture":"#7"},"east":{"uv":[5,1.5,6.5,1.625],"texture":"#7"},"south":{"uv":[14.5,7.5,14.625,7.625],"texture":"#7"},"west":{"uv":[5,2,6.5,2.125],"texture":"#7"}}},{"from":[8.675,9.07525,4.75],"to":[8.8,9.3935,10.9375],"rotation":{"angle":0,"axis":"y","origin":[8,9.23438,9.9375]},"faces":{"north":{"uv":[8,14.5,8.125,14.625],"texture":"#7"},"east":{"uv":[5,2.5,6.5,2.625],"texture":"#7"},"south":{"uv":[14.5,8,14.625,8.125],"texture":"#7"},"west":{"uv":[5,3,6.5,3.125],"texture":"#7"}}},{"from":[8.675,9.07525,4.75],"to":[8.8,9.3935,10.9375],"rotation":{"angle":22.5,"axis":"z","origin":[8,9.23438,9.9375]},"faces":{"north":{"uv":[14.5,8.5,14.625,8.625],"texture":"#7"},"east":{"uv":[4.5,5,6,5.125],"texture":"#7"},"south":{"uv":[14.5,9,14.625,9.125],"texture":"#7"},"west":{"uv":[2,5.25,3.5,5.375],"texture":"#7"}}},{"from":[7.84591,10.358,7.8155],"to":[8.15409,10.92325,8.5595],"rotation":{"angle":22.5,"axis":"y","origin":[8,11.01,8.1875]},"faces":{"north":{"uv":[14,7.5,14.125,7.625],"texture":"#7"},"south":{"uv":[8,14,8.125,14.125],"texture":"#7"},"up":{"uv":[14.125,8.125,14,8],"texture":"#7"}}},{"from":[7.84591,10.358,7.8155],"to":[8.15409,10.92325,8.5595],"rotation":{"angle":-22.5,"axis":"y","origin":[8,11.01,8.1875]},"faces":{"north":{"uv":[14,8.5,14.125,8.625],"texture":"#7"},"south":{"uv":[14,9,14.125,9.125],"texture":"#7"},"up":{"uv":[9.625,14.125,9.5,14],"texture":"#7"}}},{"from":[7.628,10.358,8.03341],"to":[8.372,10.92325,8.34159],"rotation":{"angle":22.5,"axis":"y","origin":[8,11.01,8.1875]},"faces":{"east":{"uv":[14,9.5,14.125,9.625],"texture":"#7"},"west":{"uv":[10,14,10.125,14.125],"texture":"#7"},"up":{"uv":[14.125,11.125,14,11],"texture":"#7"}}},{"from":[7.84591,10.625,8.5595],"to":[8.15409,10.73575,8.95],"rotation":{"angle":-22.5,"axis":"y","origin":[8,10.64063,8.1875]},"faces":{"east":{"uv":[9.5,14.5,9.625,14.625],"texture":"#7"},"south":{"uv":[14.5,9.5,14.625,9.625],"texture":"#7"},"west":{"uv":[10,14.5,10.125,14.625],"texture":"#7"},"up":{"uv":[14.625,11.125,14.5,11],"texture":"#7"},"down":{"uv":[11.625,14.5,11.5,14.625],"texture":"#7"}}},{"from":[7.628,10.358,8.03341],"to":[8.372,10.92325,8.34159],"rotation":{"angle":-22.5,"axis":"y","origin":[8,11.01,8.1875]},"faces":{"east":{"uv":[11.5,14,11.625,14.125],"texture":"#7"},"west":{"uv":[14,11.5,14.125,11.625],"texture":"#7"},"up":{"uv":[12.125,14.125,12,14],"texture":"#7"}}},{"from":[7.79761,8.21687,4.34938],"to":[8.20239,8.40563,4.77563],"rotation":{"angle":-22.5,"axis":"z","origin":[8,9.23438,4.25313]},"faces":{"north":{"uv":[12.25,10.5,12.375,10.625],"texture":"#7"},"east":{"uv":[11,12.25,11.125,12.375],"texture":"#7"},"south":{"uv":[12.5,0,12.625,0.125],"texture":"#7"},"west":{"uv":[0.5,12.5,0.625,12.625],"texture":"#7"},"up":{"uv":[12.625,0.625,12.5,0.5],"texture":"#7"},"down":{"uv":[1.625,12.5,1.5,12.625],"texture":"#7"}}},{"from":[7.79761,8.21687,4.47438],"to":[8.20239,8.40563,4.77563],"rotation":{"angle":0,"axis":"y","origin":[8,9.23438,4.25313]},"faces":{"north":{"uv":[2,12.5,2.125,12.625],"texture":"#7"},"south":{"uv":[2.5,12.5,2.625,12.625],"texture":"#7"},"up":{"uv":[12.625,2.625,12.5,2.5],"texture":"#7"},"down":{"uv":[3.125,12.5,3,12.625],"texture":"#7"}}},{"from":[7.79761,8.21687,4.34938],"to":[8.20239,8.40563,4.77563],"rotation":{"angle":22.5,"axis":"z","origin":[8,9.23438,4.25313]},"faces":{"north":{"uv":[3.5,12.5,3.625,12.625],"texture":"#7"},"east":{"uv":[12.5,3.5,12.625,3.625],"texture":"#7"},"south":{"uv":[12.5,4,12.625,4.125],"texture":"#7"},"west":{"uv":[12.5,4.5,12.625,4.625],"texture":"#7"},"up":{"uv":[12.625,5.125,12.5,5],"texture":"#7"},"down":{"uv":[12.625,6,12.5,6.125],"texture":"#7"}}},{"from":[7.79761,8.21687,4.47438],"to":[8.20239,8.40563,4.77563],"rotation":{"angle":45,"axis":"z","origin":[8,9.23438,4.25313]},"faces":{"north":{"uv":[6.5,12.5,6.625,12.625],"texture":"#7"},"south":{"uv":[12.5,6.5,12.625,6.625],"texture":"#7"},"up":{"uv":[7.125,12.625,7,12.5],"texture":"#7"},"down":{"uv":[7.625,12.5,7.5,12.625],"texture":"#7"}}},{"from":[8.82875,9.03198,4.34938],"to":[9.0175,9.43677,4.77563],"rotation":{"angle":-22.5,"axis":"z","origin":[8,9.23438,4.25313]},"faces":{"north":{"uv":[12.5,7.5,12.625,7.625],"texture":"#7"},"east":{"uv":[8,12.5,8.125,12.625],"texture":"#7"},"south":{"uv":[12.5,8,12.625,8.125],"texture":"#7"},"west":{"uv":[12.5,8.5,12.625,8.625],"texture":"#7"},"up":{"uv":[12.625,9.125,12.5,9],"texture":"#7"},"down":{"uv":[9.625,12.5,9.5,12.625],"texture":"#7"}}},{"from":[7.79761,10.06313,4.34938],"to":[8.20239,10.25188,4.77563],"rotation":{"angle":-22.5,"axis":"z","origin":[8,9.23438,4.25313]},"faces":{"north":{"uv":[12.5,9.5,12.625,9.625],"texture":"#7"},"east":{"uv":[10,12.5,10.125,12.625],"texture":"#7"},"south":{"uv":[12.5,11,12.625,11.125],"texture":"#7"},"west":{"uv":[11.5,12.5,11.625,12.625],"texture":"#7"},"up":{"uv":[12.625,11.625,12.5,11.5],"texture":"#7"},"down":{"uv":[12.125,12.5,12,12.625],"texture":"#7"}}},{"from":[7.79761,10.06313,4.47438],"to":[8.20239,10.25188,4.77563],"rotation":{"angle":0,"axis":"y","origin":[8,9.23438,4.25313]},"faces":{"north":{"uv":[12.5,12,12.625,12.125],"texture":"#7"},"south":{"uv":[12.5,12.5,12.625,12.625],"texture":"#7"},"up":{"uv":[0.125,12.875,0,12.75],"texture":"#7"},"down":{"uv":[1.125,12.75,1,12.875],"texture":"#7"}}},{"from":[7.79761,10.06313,4.34938],"to":[8.20239,10.25188,4.77563],"rotation":{"angle":22.5,"axis":"z","origin":[8,9.23438,4.25313]},"faces":{"north":{"uv":[12.75,1,12.875,1.125],"texture":"#7"},"east":{"uv":[12.75,1.5,12.875,1.625],"texture":"#7"},"south":{"uv":[12.75,2,12.875,2.125],"texture":"#7"},"west":{"uv":[12.75,3,12.875,3.125],"texture":"#7"},"up":{"uv":[4.125,12.875,4,12.75],"texture":"#7"},"down":{"uv":[4.625,12.75,4.5,12.875],"texture":"#7"}}},{"from":[7.79761,10.06313,4.47438],"to":[8.20239,10.25188,4.77563],"rotation":{"angle":45,"axis":"z","origin":[8,9.23438,4.25313]},"faces":{"north":{"uv":[5,12.75,5.125,12.875],"texture":"#7"},"south":{"uv":[5.5,12.75,5.625,12.875],"texture":"#7"},"up":{"uv":[12.875,5.625,12.75,5.5],"texture":"#7"},"down":{"uv":[6.125,12.75,6,12.875],"texture":"#7"}}},{"from":[6.9825,9.03198,4.34938],"to":[7.17125,9.43677,4.77563],"rotation":{"angle":-22.5,"axis":"z","origin":[8,9.23438,4.25313]},"faces":{"north":{"uv":[12.75,7,12.875,7.125],"texture":"#7"},"east":{"uv":[8.5,12.75,8.625,12.875],"texture":"#7"},"south":{"uv":[9,12.75,9.125,12.875],"texture":"#7"},"west":{"uv":[12.75,10,12.875,10.125],"texture":"#7"},"up":{"uv":[10.625,12.875,10.5,12.75],"texture":"#7"},"down":{"uv":[12.875,10.5,12.75,10.625],"texture":"#7"}}},{"from":[6.9825,9.03198,4.47438],"to":[7.17125,9.43677,4.77563],"rotation":{"angle":0,"axis":"y","origin":[8,9.23438,4.25313]},"faces":{"north":{"uv":[11,12.75,11.125,12.875],"texture":"#7"},"east":{"uv":[13,0,13.125,0.125],"texture":"#7"},"south":{"uv":[0.5,13,0.625,13.125],"texture":"#7"},"west":{"uv":[13,0.5,13.125,0.625],"texture":"#7"}}},{"from":[6.9825,9.03198,4.34938],"to":[7.17125,9.43677,4.77563],"rotation":{"angle":22.5,"axis":"z","origin":[8,9.23438,4.25313]},"faces":{"north":{"uv":[1.5,13,1.625,13.125],"texture":"#7"},"east":{"uv":[2,13,2.125,13.125],"texture":"#7"},"south":{"uv":[2.5,13,2.625,13.125],"texture":"#7"},"west":{"uv":[13,2.5,13.125,2.625],"texture":"#7"},"up":{"uv":[3.125,13.125,3,13],"texture":"#7"},"down":{"uv":[3.625,13,3.5,13.125],"texture":"#7"}}},{"from":[6.9825,9.03198,4.47438],"to":[7.17125,9.43677,4.77563],"rotation":{"angle":45,"axis":"z","origin":[8,9.23438,4.25313]},"faces":{"north":{"uv":[13,3.5,13.125,3.625],"texture":"#7"},"east":{"uv":[13,4,13.125,4.125],"texture":"#7"},"south":{"uv":[13,4.5,13.125,4.625],"texture":"#7"},"west":{"uv":[13,5,13.125,5.125],"texture":"#7"}}},{"from":[8.82875,9.03198,4.47438],"to":[9.0175,9.43677,4.77563],"rotation":{"angle":0,"axis":"y","origin":[8,9.23438,4.25313]},"faces":{"north":{"uv":[13,6,13.125,6.125],"texture":"#7"},"east":{"uv":[6.5,13,6.625,13.125],"texture":"#7"},"south":{"uv":[13,6.5,13.125,6.625],"texture":"#7"},"west":{"uv":[7,13,7.125,13.125],"texture":"#7"}}},{"from":[8.82875,9.03198,4.34938],"to":[9.0175,9.43677,4.77563],"rotation":{"angle":22.5,"axis":"z","origin":[8,9.23438,4.25313]},"faces":{"north":{"uv":[7.5,13,7.625,13.125],"texture":"#7"},"east":{"uv":[13,7.5,13.125,7.625],"texture":"#7"},"south":{"uv":[8,13,8.125,13.125],"texture":"#7"},"west":{"uv":[13,8,13.125,8.125],"texture":"#7"},"up":{"uv":[13.125,8.625,13,8.5],"texture":"#7"},"down":{"uv":[13.125,9,13,9.125],"texture":"#7"}}},{"from":[8.82875,9.03198,4.47438],"to":[9.0175,9.43677,4.77563],"rotation":{"angle":45,"axis":"z","origin":[8,9.23438,4.25313]},"faces":{"north":{"uv":[9.5,13,9.625,13.125],"texture":"#7"},"east":{"uv":[13,9.5,13.125,9.625],"texture":"#7"},"south":{"uv":[10,13,10.125,13.125],"texture":"#7"},"west":{"uv":[13,11,13.125,11.125],"texture":"#7"}}},{"from":[8.71875,10.10938,9.0625],"to":[8.84375,10.23438,9.375],"rotation":{"angle":45,"axis":"z","origin":[8.78125,10.17188,9.5625]},"faces":{"north":{"uv":[13,13.5,13.125,13.625],"texture":"#7"},"east":{"uv":[13.5,13,13.625,13.125],"texture":"#7"},"south":{"uv":[13.5,13.5,13.625,13.625],"texture":"#7"},"west":{"uv":[0,13.75,0.125,13.875],"texture":"#7"},"up":{"uv":[1.125,13.875,1,13.75],"texture":"#7"},"down":{"uv":[13.875,1,13.75,1.125],"texture":"#7"}}},{"from":[8.71875,8.23438,9.0625],"to":[8.84375,8.35938,9.375],"rotation":{"angle":45,"axis":"z","origin":[8.78125,8.29688,9.5625]},"faces":{"north":{"uv":[13.75,1.5,13.875,1.625],"texture":"#7"},"east":{"uv":[13.75,2,13.875,2.125],"texture":"#7"},"south":{"uv":[13.75,3,13.875,3.125],"texture":"#7"},"west":{"uv":[4,13.75,4.125,13.875],"texture":"#7"},"up":{"uv":[4.625,13.875,4.5,13.75],"texture":"#7"},"down":{"uv":[5.125,13.75,5,13.875],"texture":"#7"}}},{"from":[7.15625,8.23438,9.0625],"to":[7.28125,8.35938,9.375],"rotation":{"angle":-45,"axis":"z","origin":[7.21875,8.29688,9.5625]},"faces":{"north":{"uv":[13.75,10,13.875,10.125],"texture":"#7"},"east":{"uv":[10.5,13.75,10.625,13.875],"texture":"#7"},"south":{"uv":[13.75,10.5,13.875,10.625],"texture":"#7"},"west":{"uv":[11,13.75,11.125,13.875],"texture":"#7"},"up":{"uv":[14.125,0.125,14,0],"texture":"#7"},"down":{"uv":[0.625,14,0.5,14.125],"texture":"#7"}}},{"from":[7.15625,10.10938,9.0625],"to":[7.28125,10.23438,9.375],"rotation":{"angle":-45,"axis":"z","origin":[7.21875,10.17188,9.5625]},"faces":{"north":{"uv":[5.5,13.75,5.625,13.875],"texture":"#7"},"east":{"uv":[13.75,5.5,13.875,5.625],"texture":"#7"},"south":{"uv":[6,13.75,6.125,13.875],"texture":"#7"},"west":{"uv":[13.75,7,13.875,7.125],"texture":"#7"},"up":{"uv":[8.625,13.875,8.5,13.75],"texture":"#7"},"down":{"uv":[9.125,13.75,9,13.875],"texture":"#7"}}},{"from":[8.7755,9.09851,7.8595],"to":[9.412,9.37024,8.5155],"rotation":{"angle":45,"axis":"x","origin":[9.09375,9.23438,8.1875]},"faces":{"north":{"uv":[11.5,4.5,11.625,4.625],"texture":"#7"},"east":{"uv":[11.5,5,11.625,5.125],"texture":"#7"},"south":{"uv":[11.5,6,11.625,6.125],"texture":"#7"}}},{"from":[8.7755,9.09851,7.8595],"to":[9.412,9.37024,8.5155],"rotation":{"angle":0,"axis":"y","origin":[9.09375,9.23438,8.1875]},"faces":{"north":{"uv":[6.5,11.5,6.625,11.625],"texture":"#7"},"east":{"uv":[11.5,6.5,11.625,6.625],"texture":"#7"},"south":{"uv":[7,11.5,7.125,11.625],"texture":"#7"}}},{"from":[8.7755,8.90638,8.05164],"to":[9.412,9.56237,8.32336],"rotation":{"angle":45,"axis":"x","origin":[9.09375,9.23438,8.1875]},"faces":{"east":{"uv":[7.5,11.5,7.625,11.625],"texture":"#7"},"up":{"uv":[11.625,7.625,11.5,7.5],"texture":"#7"},"down":{"uv":[8.125,11.5,8,11.625],"texture":"#7"}}},{"from":[8.7755,8.90638,8.05164],"to":[9.412,9.56237,8.32336],"rotation":{"angle":0,"axis":"y","origin":[9.09375,9.23438,8.1875]},"faces":{"east":{"uv":[11.5,8,11.625,8.125],"texture":"#7"},"up":{"uv":[11.625,8.625,11.5,8.5],"texture":"#7"},"down":{"uv":[11.625,9,11.5,9.125],"texture":"#7"}}},{"from":[7.79289,10.40625,7.6875],"to":[8.20711,10.53125,8.6875],"rotation":{"angle":22.5,"axis":"y","origin":[8,10.4375,8.1875]},"faces":{"north":{"uv":[14.5,11.5,14.625,11.625],"texture":"#7"},"south":{"uv":[12,14.5,12.125,14.625],"texture":"#7"},"up":{"uv":[10.625,4.25,10.5,4],"texture":"#7"},"down":{"uv":[10.625,4.5,10.5,4.75],"texture":"#7"}}},{"from":[7.79289,10.40625,7.6875],"to":[8.20711,10.53125,8.6875],"rotation":{"angle":-22.5,"axis":"y","origin":[8,10.4375,8.1875]},"faces":{"north":{"uv":[14.5,12,14.625,12.125],"texture":"#7"},"south":{"uv":[12.5,14.5,12.625,14.625],"texture":"#7"},"up":{"uv":[10.625,5.25,10.5,5],"texture":"#7"},"down":{"uv":[10.625,6,10.5,6.25],"texture":"#7"}}},{"from":[7.5,10.40625,7.98039],"to":[8.5,10.53125,8.39461],"rotation":{"angle":22.5,"axis":"y","origin":[8,10.4375,8.1875]},"faces":{"east":{"uv":[14.5,12.5,14.625,12.625],"texture":"#7"},"west":{"uv":[13,14.5,13.125,14.625],"texture":"#7"},"up":{"uv":[6.75,10.625,6.5,10.5],"texture":"#7"},"down":{"uv":[10.75,6.5,10.5,6.625],"texture":"#7"}}},{"from":[7.5,10.40625,7.98039],"to":[8.5,10.53125,8.39461],"rotation":{"angle":-22.5,"axis":"y","origin":[8,10.4375,8.1875]},"faces":{"east":{"uv":[14.5,13,14.625,13.125],"texture":"#7"},"west":{"uv":[13.5,14.5,13.625,14.625],"texture":"#7"},"up":{"uv":[7.25,10.625,7,10.5],"texture":"#7"},"down":{"uv":[7.75,10.5,7.5,10.625],"texture":"#7"}}},{"from":[7.3,10.3125,7.89755],"to":[8.7,10.625,8.47745],"rotation":{"angle":-22.5,"axis":"y","origin":[8,10.8125,8.1875]},"faces":{"east":{"uv":[14,4,14.125,4.125],"texture":"#7"},"west":{"uv":[14,4.5,14.125,4.625],"texture":"#7"},"up":{"uv":[8.875,1.875,8.5,1.75],"texture":"#7"},"down":{"uv":[8.875,3.5,8.5,3.625],"texture":"#7"}}},{"from":[7.70905,10.3115,7.4865],"to":[8.29095,10.626,8.8885],"rotation":{"angle":22.5,"axis":"y","origin":[8,10.8125,8.1875]},"faces":{"north":{"uv":[14,5,14.125,5.125],"texture":"#7"},"south":{"uv":[14,6,14.125,6.125],"texture":"#7"},"up":{"uv":[1.625,8.875,1.5,8.5],"texture":"#7"},"down":{"uv":[8.625,4,8.5,4.375],"texture":"#7"}}},{"from":[7.71005,10.3125,7.4875],"to":[8.28995,10.625,8.8875],"rotation":{"angle":-22.5,"axis":"y","origin":[8,10.8125,8.1875]},"faces":{"north":{"uv":[6.5,14,6.625,14.125],"texture":"#7"},"south":{"uv":[14,6.5,14.125,6.625],"texture":"#7"},"up":{"uv":[8.625,5.125,8.5,4.75],"texture":"#7"},"down":{"uv":[8.625,5.5,8.5,5.875],"texture":"#7"}}},{"from":[7.299,10.3115,7.89655],"to":[8.701,10.626,8.47845],"rotation":{"angle":22.5,"axis":"y","origin":[8,10.8125,8.1875]},"faces":{"east":{"uv":[7,14,7.125,14.125],"texture":"#7"},"west":{"uv":[7.5,14,7.625,14.125],"texture":"#7"},"up":{"uv":[8.875,6.375,8.5,6.25],"texture":"#7"},"down":{"uv":[7.375,8.5,7,8.625],"texture":"#7"}}},{"from":[8.4375,7.125,7.10938],"to":[8.6875,7.375,7.60938],"rotation":{"angle":0,"axis":"y","origin":[7.375,-0.0625,-0.14062]},"faces":{"north":{"uv":[6.5,13.5,6.625,13.625],"texture":"#7"},"east":{"uv":[13.5,6.5,13.625,6.625],"texture":"#7"},"south":{"uv":[7,13.5,7.125,13.625],"texture":"#7"},"up":{"uv":[7.625,13.625,7.5,13.5],"texture":"#7"},"down":{"uv":[13.625,7.5,13.5,7.625],"texture":"#7"}}},{"from":[8.125,7.54992,8.25],"to":[8.375,8.12805,8.5625],"rotation":{"angle":0,"axis":"y","origin":[7.95187,7.39396,8.00163]},"faces":{"north":{"uv":[10.5,7.75,10.625,7.875],"texture":"#7","tintindex":0},"east":{"uv":[8,10.5,8.125,10.625],"texture":"#7","tintindex":0},"south":{"uv":[10.5,8.25,10.625,8.375],"texture":"#7","tintindex":0},"west":{"uv":[10.5,8.75,10.625,8.875],"texture":"#7","tintindex":0}}},{"from":[8.125,7.54992,6.375],"to":[8.375,7.75,8.25],"rotation":{"angle":0,"axis":"y","origin":[7.95187,7.39396,7.79851]},"faces":{"east":{"uv":[6.75,2.5,7.25,2.625],"texture":"#7","tintindex":0},"west":{"uv":[6.75,3,7.25,3.125],"texture":"#7","tintindex":0},"up":{"uv":[6.875,5,6.75,4.5],"texture":"#7","tintindex":0}}},{"from":[8.125,7.54992,6.125],"to":[8.375,8.12805,6.375],"rotation":{"angle":0,"axis":"y","origin":[7.95187,7.39396,7.62663]},"faces":{"north":{"uv":[10.5,9.25,10.625,9.375],"texture":"#7","tintindex":0},"east":{"uv":[9.75,10.5,9.875,10.625],"texture":"#7","tintindex":0},"south":{"uv":[10.5,9.75,10.625,9.875],"texture":"#7","tintindex":0},"west":{"uv":[10.25,10.5,10.375,10.625],"texture":"#7","tintindex":0}}},{"from":[7.625,8.12805,6.125],"to":[8.375,8.25,8.5625],"rotation":{"angle":0,"axis":"y","origin":[8.0001,7.14396,8.62663]},"faces":{"north":{"uv":[8.75,2.25,9,2.375],"texture":"#7","tintindex":0},"east":{"uv":[6.75,2,7.375,2.125],"texture":"#7","tintindex":0},"south":{"uv":[4.5,8.75,4.75,8.875],"texture":"#7","tintindex":0},"west":{"uv":[2.5,6.75,3.125,6.875],"texture":"#7","tintindex":0},"down":{"uv":[0.25,5,0,5.625],"texture":"#7","tintindex":0}}},{"from":[8.125,7.89674,6.20804],"to":[8.375,8.01869,6.62992],"rotation":{"angle":-22.5,"axis":"x","origin":[7.95177,8.16865,6.05179]},"faces":{"east":{"uv":[0,10.75,0.125,10.875],"texture":"#7","tintindex":0},"west":{"uv":[1,10.75,1.125,10.875],"texture":"#7","tintindex":0},"down":{"uv":[10.875,1,10.75,1.125],"texture":"#7","tintindex":0}}},{"from":[8.125,8.48796,8.15679],"to":[8.375,8.65679,8.46929],"rotation":{"angle":45,"axis":"x","origin":[7.95177,8.43175,7.68804]},"faces":{"east":{"uv":[10.75,1.5,10.875,1.625],"texture":"#7","tintindex":0},"west":{"uv":[10.75,2,10.875,2.125],"texture":"#7","tintindex":0},"down":{"uv":[10.875,3,10.75,3.125],"texture":"#7","tintindex":0}}},{"from":[7.58579,8.23438,4.775],"to":[8.41421,8.52188,8.6],"rotation":{"angle":45,"axis":"z","origin":[8,9.23438,5.5625]},"faces":{"north":{"uv":[5,8.75,5.25,8.875],"texture":"#7","tintindex":0},"south":{"uv":[5.5,8.75,5.75,8.875],"texture":"#7","tintindex":0},"down":{"uv":[1,0,0.75,1],"texture":"#7","tintindex":0}}},{"from":[7.58579,8.23438,4.775],"to":[8.41421,8.52188,8.6],"rotation":{"angle":0,"axis":"y","origin":[8,9.23438,5.5625]},"faces":{"north":{"uv":[6,8.75,6.25,8.875],"texture":"#7","tintindex":0},"south":{"uv":[6.5,8.75,6.75,8.875],"texture":"#7","tintindex":0},"down":{"uv":[0.25,1,0,2],"texture":"#7","tintindex":0}}},{"from":[7.58579,9.94687,4.775],"to":[8.41421,10.23438,8.6],"rotation":{"angle":45,"axis":"z","origin":[8,9.23438,5.5625]},"faces":{"north":{"uv":[8.75,7.75,9,7.875],"texture":"#7","tintindex":0},"south":{"uv":[9,0,9.25,0.125],"texture":"#7","tintindex":0},"up":{"uv":[1.5,1,1.25,0],"texture":"#7","tintindex":0}}},{"from":[7.58579,9.94687,4.775],"to":[8.41421,10.23438,8.6],"rotation":{"angle":0,"axis":"y","origin":[8,9.23438,5.5625]},"faces":{"north":{"uv":[9,0.5,9.25,0.625],"texture":"#7","tintindex":0},"south":{"uv":[0.75,9,1,9.125],"texture":"#7","tintindex":0},"up":{"uv":[0.75,2.25,0.5,1.25],"texture":"#7","tintindex":0}}},{"from":[7,8.82016,4.775],"to":[7.2875,9.64859,8.6],"rotation":{"angle":45,"axis":"z","origin":[8,9.23438,5.5625]},"faces":{"north":{"uv":[2,9,2.125,9.25],"texture":"#7","tintindex":0},"south":{"uv":[2.5,9,2.625,9.25],"texture":"#7","tintindex":0},"west":{"uv":[1,1.25,2,1.5],"texture":"#7","tintindex":0}}},{"from":[7,8.82016,4.775],"to":[7.2875,9.64859,8.6],"rotation":{"angle":0,"axis":"y","origin":[8,9.23438,5.5625]},"faces":{"north":{"uv":[9,2.75,9.125,3],"texture":"#7","tintindex":0},"south":{"uv":[3,9,3.125,9.25],"texture":"#7","tintindex":0},"west":{"uv":[1.75,0,2.75,0.25],"texture":"#7","tintindex":0}}},{"from":[8.7125,8.82016,4.775],"to":[9,9.64859,8.6],"rotation":{"angle":45,"axis":"z","origin":[8,9.23438,5.5625]},"faces":{"north":{"uv":[3.5,9,3.625,9.25],"texture":"#7","tintindex":0},"east":{"uv":[1.75,0.5,2.75,0.75],"texture":"#7","tintindex":0},"south":{"uv":[4,9,4.125,9.25],"texture":"#7","tintindex":0}}},{"from":[8.7125,8.82016,4.775],"to":[9,9.64859,8.6],"rotation":{"angle":0,"axis":"y","origin":[8,9.23438,5.5625]},"faces":{"north":{"uv":[9,4,9.125,4.25],"texture":"#7","tintindex":0},"east":{"uv":[1,1.75,2,2],"texture":"#7","tintindex":0},"south":{"uv":[9,4.5,9.125,4.75],"texture":"#7","tintindex":0}}},{"from":[7.14335,10.11413,8.50938],"to":[8.85665,10.2775,9.08438],"rotation":{"angle":0,"axis":"y","origin":[7.97398,9.17663,9.29688]},"faces":{"north":{"uv":[7.75,1.75,8.125,1.875],"texture":"#7","tintindex":0},"south":{"uv":[2,7.75,2.375,7.875],"texture":"#7","tintindex":0},"up":{"uv":[3.125,7.875,2.75,7.75],"texture":"#7","tintindex":0},"down":{"uv":[8.125,3.5,7.75,3.625],"texture":"#7","tintindex":0}}},{"from":[7.14335,8.19125,8.50937],"to":[8.85665,8.35937,9.08438],"rotation":{"angle":0,"axis":"y","origin":[8,7.19601,9.29688]},"faces":{"north":{"uv":[7.75,4,8.125,4.125],"texture":"#7","tintindex":0},"south":{"uv":[7.75,4.5,8.125,4.625],"texture":"#7","tintindex":0},"up":{"uv":[8.125,5.125,7.75,5],"texture":"#7","tintindex":0},"down":{"uv":[8.125,5.5,7.75,5.625],"texture":"#7","tintindex":0}}},{"from":[8.53654,9.63619,8.50937],"to":[8.92944,10.27209,9.08438],"rotation":{"angle":22.5,"axis":"z","origin":[8.87944,10.09183,8.79688]},"faces":{"north":{"uv":[4,10.75,4.125,10.875],"texture":"#7","tintindex":0},"east":{"uv":[4.5,10.75,4.625,10.875],"texture":"#7","tintindex":0},"south":{"uv":[5,10.75,5.125,10.875],"texture":"#7","tintindex":0},"west":{"uv":[5.5,10.75,5.625,10.875],"texture":"#7","tintindex":0},"down":{"uv":[10.875,5.5,10.75,5.625],"texture":"#7","tintindex":0}}},{"from":[8.61801,8.18046,8.50937],"to":[9.0109,8.81635,9.08438],"rotation":{"angle":-22.5,"axis":"z","origin":[8.9609,8.57359,8.79688]},"faces":{"north":{"uv":[6,10.75,6.125,10.875],"texture":"#7","tintindex":0},"east":{"uv":[10.75,7,10.875,7.125],"texture":"#7","tintindex":0},"south":{"uv":[8.5,10.75,8.625,10.875],"texture":"#7","tintindex":0},"west":{"uv":[9,10.75,9.125,10.875],"texture":"#7","tintindex":0},"up":{"uv":[10.875,10.375,10.75,10.25],"texture":"#7","tintindex":0}}},{"from":[8.875,8.77874,8.50937],"to":[9.1,9.69001,9.08438],"rotation":{"angle":0,"axis":"y","origin":[8,9.23438,9.29688]},"faces":{"north":{"uv":[9,5,9.125,5.25],"texture":"#7","tintindex":0},"east":{"uv":[9,5.5,9.125,5.75],"texture":"#7","tintindex":0},"south":{"uv":[9,6.75,9.125,7],"texture":"#7","tintindex":0}}},{"from":[7.07056,9.63619,8.50937],"to":[7.46346,10.27209,9.08438],"rotation":{"angle":-22.5,"axis":"z","origin":[7.12056,10.09183,8.79688]},"faces":{"north":{"uv":[10.75,10.75,10.875,10.875],"texture":"#7","tintindex":0},"east":{"uv":[11,0,11.125,0.125],"texture":"#7","tintindex":0},"south":{"uv":[0.5,11,0.625,11.125],"texture":"#7","tintindex":0},"west":{"uv":[11,0.5,11.125,0.625],"texture":"#7","tintindex":0},"down":{"uv":[1.625,11,1.5,11.125],"texture":"#7","tintindex":0}}},{"from":[6.9,8.77874,8.50937],"to":[7.125,9.69001,9.08438],"rotation":{"angle":0,"axis":"y","origin":[8,9.23438,9.29688]},"faces":{"north":{"uv":[7,9,7.125,9.25],"texture":"#7","tintindex":0},"south":{"uv":[9,7.25,9.125,7.5],"texture":"#7","tintindex":0},"west":{"uv":[7.5,9,7.625,9.25],"texture":"#7","tintindex":0}}},{"from":[6.9891,8.18046,8.50937],"to":[7.38199,8.81635,9.08438],"rotation":{"angle":22.5,"axis":"z","origin":[7.0391,8.57359,8.79688]},"faces":{"north":{"uv":[2,11,2.125,11.125],"texture":"#7","tintindex":0},"east":{"uv":[2.5,11,2.625,11.125],"texture":"#7","tintindex":0},"south":{"uv":[11,2.5,11.125,2.625],"texture":"#7","tintindex":0},"west":{"uv":[3,11,3.125,11.125],"texture":"#7","tintindex":0},"up":{"uv":[3.625,11.125,3.5,11],"texture":"#7","tintindex":0}}},{"from":[7.41832,9.97053,9.10182],"to":[8.58168,10.29015,10.33307],"rotation":{"angle":0,"axis":"y","origin":[7.99895,9.18928,10.07682]},"faces":{"north":{"uv":[8,9,8.25,9.125],"texture":"#7","tintindex":0},"south":{"uv":[9,8.25,9.25,8.375],"texture":"#7","tintindex":0},"up":{"uv":[7,6.25,6.75,6],"texture":"#7","tintindex":0},"down":{"uv":[7,6.5,6.75,6.75],"texture":"#7","tintindex":0}}},{"from":[8.63565,9.58521,9.10312],"to":[9.02855,9.92423,9.81876],"rotation":{"angle":22.5,"axis":"z","origin":[8.80085,9.81722,9.47656]},"faces":{"north":{"uv":[11,3.5,11.125,3.625],"texture":"#7","tintindex":0},"east":{"uv":[11,4,11.125,4.125],"texture":"#7","tintindex":0},"south":{"uv":[11,4.5,11.125,4.625],"texture":"#7","tintindex":0},"west":{"uv":[11,5,11.125,5.125],"texture":"#7","tintindex":0}}},{"from":[8.44844,9.72693,9.10182],"to":[8.69372,10.27608,10.33307],"rotation":{"angle":22.5,"axis":"z","origin":[8.60233,10.0015,9.72526]},"faces":{"north":{"uv":[11,6,11.125,6.125],"texture":"#7","tintindex":0},"east":{"uv":[8.5,9,8.75,9.125],"texture":"#7","tintindex":0},"south":{"uv":[6.5,11,6.625,11.125],"texture":"#7","tintindex":0},"west":{"uv":[9,8.75,9.25,8.875],"texture":"#7","tintindex":0},"down":{"uv":[0.125,9.25,0,9.5],"texture":"#7","tintindex":0}}},{"from":[7.41832,8.18336,9.10182],"to":[8.58168,8.44048,10.33307],"rotation":{"angle":0,"axis":"y","origin":[7.99895,9.22173,10.07682]},"faces":{"north":{"uv":[9.25,1,9.5,1.125],"texture":"#7","tintindex":0},"south":{"uv":[1.25,9.25,1.5,9.375],"texture":"#7","tintindex":0},"up":{"uv":[0.25,7.25,0,7],"texture":"#7","tintindex":0},"down":{"uv":[0.75,7,0.5,7.25],"texture":"#7","tintindex":0}}},{"from":[8.53654,8.49354,9.10312],"to":[8.92944,8.83256,9.81876],"rotation":{"angle":-22.5,"axis":"z","origin":[8.87944,8.37692,9.5625]},"faces":{"north":{"uv":[11,6.5,11.125,6.625],"texture":"#7","tintindex":0},"east":{"uv":[7,11,7.125,11.125],"texture":"#7","tintindex":0},"south":{"uv":[7.5,11,7.625,11.125],"texture":"#7","tintindex":0},"west":{"uv":[11,7.5,11.125,7.625],"texture":"#7","tintindex":0}}},{"from":[8.75,8.77874,9.10312],"to":[9.1,9.69001,9.81876],"rotation":{"angle":0,"axis":"y","origin":[8,9.23438,10.0625]},"faces":{"north":{"uv":[9.25,1.5,9.375,1.75],"texture":"#7","tintindex":0},"east":{"uv":[9.25,2,9.375,2.25],"texture":"#7","tintindex":0}}},{"from":[8.64908,8.77874,9.3331],"to":[8.85845,9.69001,9.88851],"rotation":{"angle":-22.5,"axis":"y","origin":[7.75845,9.23438,10.1831]},"faces":{"east":{"uv":[9.25,3.25,9.375,3.5],"texture":"#7","tintindex":0},"south":{"uv":[4.5,9.25,4.625,9.5],"texture":"#7","tintindex":0},"west":{"uv":[5,9.25,5.125,9.5],"texture":"#7","tintindex":0},"up":{"uv":[8.125,11.125,8,11],"texture":"#7","tintindex":0},"down":{"uv":[11.125,8,11,8.125],"texture":"#7","tintindex":0}}},{"from":[8.76486,8.46552,9.81876],"to":[8.89343,10.00251,10.33307],"rotation":{"angle":0,"axis":"y","origin":[7.96198,9.22173,9.9375]},"faces":{"east":{"uv":[7.75,7.5,7.875,7.875],"texture":"#7","tintindex":0},"south":{"uv":[8,0,8.125,0.375],"texture":"#7","tintindex":0},"west":{"uv":[4.5,8,4.625,8.375],"texture":"#7","tintindex":0},"down":{"uv":[11.125,8.5,11,8.625],"texture":"#7","tintindex":0}}},{"from":[7.14155,8.77874,9.3331],"to":[7.35092,9.69001,9.87685],"rotation":{"angle":22.5,"axis":"y","origin":[8.24155,9.23438,10.1831]},"faces":{"east":{"uv":[5.5,9.25,5.625,9.5],"texture":"#7","tintindex":0},"south":{"uv":[6,9.25,6.125,9.5],"texture":"#7","tintindex":0},"west":{"uv":[9.25,6,9.375,6.25],"texture":"#7","tintindex":0},"up":{"uv":[11.125,9.125,11,9],"texture":"#7","tintindex":0},"down":{"uv":[9.625,11,9.5,11.125],"texture":"#7","tintindex":0}}},{"from":[6.9,8.77874,9.10312],"to":[7.25,9.69001,9.81876],"rotation":{"angle":0,"axis":"y","origin":[8,9.23438,10.0625]},"faces":{"north":{"uv":[6.5,9.25,6.625,9.5],"texture":"#7","tintindex":0},"west":{"uv":[9.25,7.75,9.375,8],"texture":"#7","tintindex":0}}},{"from":[7.6065,8.28438,8.2125],"to":[8.3935,8.38437,9.13125],"rotation":{"angle":45,"axis":"z","origin":[8,9.23438,8.375]},"faces":{"south":{"uv":[9,9.25,9.25,9.375],"texture":"#7","tintindex":0},"up":{"uv":[4.25,7.25,4,7],"texture":"#7","tintindex":0},"down":{"uv":[4.75,7,4.5,7.25],"texture":"#7","tintindex":0}}},{"from":[7.6065,8.28438,8.2125],"to":[8.3935,8.38437,9.13125],"rotation":{"angle":0,"axis":"y","origin":[8,9.23438,8.375]},"faces":{"up":{"uv":[5.25,7.25,5,7],"texture":"#7","tintindex":0},"down":{"uv":[5.75,7,5.5,7.25],"texture":"#7","tintindex":0}}},{"from":[7.6065,10.08438,8.2125],"to":[8.3935,10.18438,9.13125],"rotation":{"angle":45,"axis":"z","origin":[8,9.23438,8.375]},"faces":{"south":{"uv":[9.5,0,9.75,0.125],"texture":"#7","tintindex":0},"up":{"uv":[6.25,7.25,6,7],"texture":"#7","tintindex":0},"down":{"uv":[6.75,7,6.5,7.25],"texture":"#7","tintindex":0}}},{"from":[7.6065,10.08438,8.2125],"to":[8.3935,10.18438,9.13125],"rotation":{"angle":0,"axis":"y","origin":[8,9.23438,8.375]},"faces":{"up":{"uv":[7.25,7.25,7,7],"texture":"#7","tintindex":0},"down":{"uv":[1.75,7.25,1.5,7.5],"texture":"#7","tintindex":0}}},{"from":[7.05,8.84087,8.2125],"to":[7.15,9.62788,9.13125],"rotation":{"angle":45,"axis":"z","origin":[8,9.23438,8.375]},"faces":{"east":{"uv":[2,7.25,2.25,7.5],"texture":"#7","tintindex":0},"south":{"uv":[0.5,9.5,0.625,9.75],"texture":"#7","tintindex":0},"west":{"uv":[2.5,7.25,2.75,7.5],"texture":"#7","tintindex":0}}},{"from":[7.05,8.84087,8.2125],"to":[7.15,9.62788,9.13125],"rotation":{"angle":0,"axis":"y","origin":[8,9.23438,8.375]},"faces":{"east":{"uv":[3,7.25,3.25,7.5],"texture":"#7","tintindex":0},"west":{"uv":[7.25,3.5,7.5,3.75],"texture":"#7","tintindex":0}}},{"from":[8.85,8.84087,8.2125],"to":[8.95,9.62788,9.13125],"rotation":{"angle":45,"axis":"z","origin":[8,9.23438,8.375]},"faces":{"east":{"uv":[7.25,4,7.5,4.25],"texture":"#7","tintindex":0},"south":{"uv":[9.5,0.5,9.625,0.75],"texture":"#7","tintindex":0},"west":{"uv":[7.25,4.5,7.5,4.75],"texture":"#7","tintindex":0}}},{"from":[8.85,8.84087,8.2125],"to":[8.95,9.62788,9.13125],"rotation":{"angle":0,"axis":"y","origin":[8,9.23438,8.375]},"faces":{"east":{"uv":[7.25,5,7.5,5.25],"texture":"#7","tintindex":0},"west":{"uv":[7.25,5.5,7.5,5.75],"texture":"#7","tintindex":0}}},{"from":[8.70236,8.46552,9.11875],"to":[8.97026,10.00323,9.81876],"rotation":{"angle":0,"axis":"y","origin":[8.74256,9.83371,9.47656]},"faces":{"north":{"uv":[5.75,8,5.875,8.375],"texture":"#7","tintindex":0},"south":{"uv":[8,6,8.125,6.375],"texture":"#7","tintindex":0},"up":{"uv":[9.625,11.625,9.5,11.5],"texture":"#7","tintindex":0},"down":{"uv":[11.625,9.5,11.5,9.625],"texture":"#7","tintindex":0}}},{"from":[8.52518,9.78008,9.11745],"to":[8.82432,10.15035,10.33307],"rotation":{"angle":-22.5,"axis":"z","origin":[8.48725,9.90272,9.74089]},"faces":{"north":{"uv":[10,11.5,10.125,11.625],"texture":"#7","tintindex":0},"east":{"uv":[9.5,7,9.75,7.125],"texture":"#7","tintindex":0},"south":{"uv":[11.5,11,11.625,11.125],"texture":"#7","tintindex":0},"up":{"uv":[7.625,9.75,7.5,9.5],"texture":"#7","tintindex":0},"down":{"uv":[8.125,9.5,8,9.75],"texture":"#7","tintindex":0}}},{"from":[7.14335,10.11413,9.10313],"to":[8.85665,10.2775,9.30313],"rotation":{"angle":0,"axis":"y","origin":[7.97398,9.17663,9.89063]},"faces":{"north":{"uv":[7,8,7.375,8.125],"texture":"#7","tintindex":0},"south":{"uv":[0,8.25,0.375,8.375],"texture":"#7","tintindex":0},"up":{"uv":[8.625,0.875,8.25,0.75],"texture":"#7","tintindex":0}}},{"from":[8.53654,9.97521,9.10312],"to":[8.92944,10.27209,9.30313],"rotation":{"angle":22.5,"axis":"z","origin":[8.87944,10.09183,9.39063]},"faces":{"north":{"uv":[11.5,11.5,11.625,11.625],"texture":"#7","tintindex":0},"east":{"uv":[0,11.75,0.125,11.875],"texture":"#7","tintindex":0},"south":{"uv":[1,11.75,1.125,11.875],"texture":"#7","tintindex":0}}},{"from":[7.31012,9.72693,9.10182],"to":[7.60191,10.25681,10.33307],"rotation":{"angle":-22.5,"axis":"z","origin":[7.44803,10.0015,9.72526]},"faces":{"north":{"uv":[11.75,1,11.875,1.125],"texture":"#7","tintindex":0},"east":{"uv":[9.5,8.25,9.75,8.375],"texture":"#7","tintindex":0},"south":{"uv":[11.75,1.5,11.875,1.625],"texture":"#7","tintindex":0},"west":{"uv":[8.5,9.5,8.75,9.625],"texture":"#7","tintindex":0},"down":{"uv":[9.625,8.75,9.5,9],"texture":"#7","tintindex":0}}},{"from":[7.17568,9.78008,9.11745],"to":[7.47482,10.15035,10.33307],"rotation":{"angle":22.5,"axis":"z","origin":[7.51275,9.90272,9.74089]},"faces":{"north":{"uv":[11.75,2,11.875,2.125],"texture":"#7","tintindex":0},"south":{"uv":[11.75,3,11.875,3.125],"texture":"#7","tintindex":0},"west":{"uv":[9.5,9.25,9.75,9.375],"texture":"#7","tintindex":0},"up":{"uv":[0.125,10,0,9.75],"texture":"#7","tintindex":0},"down":{"uv":[1.125,9.75,1,10],"texture":"#7","tintindex":0}}},{"from":[7.07056,9.97521,9.10312],"to":[7.46346,10.27209,9.30313],"rotation":{"angle":-22.5,"axis":"z","origin":[7.12056,10.09183,9.39063]},"faces":{"north":{"uv":[4,11.75,4.125,11.875],"texture":"#7","tintindex":0},"south":{"uv":[4.5,11.75,4.625,11.875],"texture":"#7","tintindex":0},"west":{"uv":[5,11.75,5.125,11.875],"texture":"#7","tintindex":0}}},{"from":[6.97145,9.58521,9.10312],"to":[7.36435,9.92423,9.81876],"rotation":{"angle":-22.5,"axis":"z","origin":[7.19915,9.81722,9.47656]},"faces":{"north":{"uv":[5.5,11.75,5.625,11.875],"texture":"#7","tintindex":0},"east":{"uv":[11.75,5.5,11.875,5.625],"texture":"#7","tintindex":0},"south":{"uv":[6,11.75,6.125,11.875],"texture":"#7","tintindex":0},"west":{"uv":[11.75,7,11.875,7.125],"texture":"#7","tintindex":0}}},{"from":[7.02974,8.46552,9.10312],"to":[7.29764,10.00323,9.81876],"rotation":{"angle":0,"axis":"y","origin":[7.25744,9.83371,9.47656]},"faces":{"north":{"uv":[2,8.25,2.125,8.625],"texture":"#7","tintindex":0},"south":{"uv":[8.25,2.25,8.375,2.625],"texture":"#7","tintindex":0},"up":{"uv":[8.625,11.875,8.5,11.75],"texture":"#7","tintindex":0},"down":{"uv":[9.125,11.75,9,11.875],"texture":"#7","tintindex":0}}},{"from":[7.10657,8.46552,9.81876],"to":[7.23514,10.00251,10.33307],"rotation":{"angle":0,"axis":"y","origin":[8.03802,9.22173,9.9375]},"faces":{"east":{"uv":[2.5,8.25,2.625,8.625],"texture":"#7","tintindex":0},"south":{"uv":[3,8.25,3.125,8.625],"texture":"#7","tintindex":0},"west":{"uv":[3.5,8.25,3.625,8.625],"texture":"#7","tintindex":0},"down":{"uv":[11.875,10,11.75,10.125],"texture":"#7","tintindex":0}}},{"from":[7.14335,8.19226,9.10313],"to":[8.85665,8.35563,9.30313],"rotation":{"angle":0,"axis":"y","origin":[7.97398,9.17663,9.89063]},"faces":{"north":{"uv":[8.25,3,8.625,3.125],"texture":"#7","tintindex":0},"east":{"uv":[10.5,11.75,10.625,11.875],"texture":"#7","tintindex":0},"south":{"uv":[5,8.25,5.375,8.375],"texture":"#7","tintindex":0},"west":{"uv":[11.75,10.5,11.875,10.625],"texture":"#7","tintindex":0},"down":{"uv":[6.625,8.25,6.25,8.375],"texture":"#7","tintindex":0}}},{"from":[7.12525,8.54061,9.10312],"to":[7.5202,8.83252,9.30313],"rotation":{"angle":22.5,"axis":"z","origin":[8,8.40894,9.20313]},"faces":{"north":{"uv":[11,11.75,11.125,11.875],"texture":"#7","tintindex":0},"south":{"uv":[12,0,12.125,0.125],"texture":"#7","tintindex":0},"west":{"uv":[0.5,12,0.625,12.125],"texture":"#7","tintindex":0},"down":{"uv":[12.125,0.5,12,0.625],"texture":"#7","tintindex":0}}},{"from":[8.4798,8.54061,9.10312],"to":[8.87475,8.83252,9.30313],"rotation":{"angle":-22.5,"axis":"z","origin":[8,8.40894,9.20313]},"faces":{"north":{"uv":[1.5,12,1.625,12.125],"texture":"#7","tintindex":0},"east":{"uv":[2,12,2.125,12.125],"texture":"#7","tintindex":0},"south":{"uv":[2.5,12,2.625,12.125],"texture":"#7","tintindex":0},"down":{"uv":[12.125,2.5,12,2.625],"texture":"#7","tintindex":0}}},{"from":[7.17568,8.32315,9.11745],"to":[7.47482,8.69343,10.33307],"rotation":{"angle":-22.5,"axis":"z","origin":[7.51275,8.57079,9.74089]},"faces":{"north":{"uv":[3,12,3.125,12.125],"texture":"#7","tintindex":0},"south":{"uv":[3.5,12,3.625,12.125],"texture":"#7","tintindex":0},"west":{"uv":[9.75,1,10,1.125],"texture":"#7","tintindex":0},"up":{"uv":[9.875,1.75,9.75,1.5],"texture":"#7","tintindex":0},"down":{"uv":[9.875,2,9.75,2.25],"texture":"#7","tintindex":0}}},{"from":[8.52518,8.32315,9.11745],"to":[8.82432,8.69343,10.33307],"rotation":{"angle":22.5,"axis":"z","origin":[8.48725,8.57079,9.74089]},"faces":{"north":{"uv":[12,3.5,12.125,3.625],"texture":"#7","tintindex":0},"east":{"uv":[9.75,3,10,3.125],"texture":"#7","tintindex":0},"south":{"uv":[12,4,12.125,4.125],"texture":"#7","tintindex":0},"up":{"uv":[4.375,10,4.25,9.75],"texture":"#7","tintindex":0},"down":{"uv":[4.875,9.75,4.75,10],"texture":"#7","tintindex":0}}},{"from":[8.44844,8.19743,9.10182],"to":[8.69372,8.74658,10.33307],"rotation":{"angle":-22.5,"axis":"z","origin":[8.60233,8.47201,9.72526]},"faces":{"north":{"uv":[12,4.5,12.125,4.625],"texture":"#7","tintindex":0},"east":{"uv":[5.25,9.75,5.5,9.875],"texture":"#7","tintindex":0},"south":{"uv":[12,5,12.125,5.125],"texture":"#7","tintindex":0},"west":{"uv":[5.75,9.75,6,9.875],"texture":"#7","tintindex":0},"up":{"uv":[9.875,6,9.75,5.75],"texture":"#7","tintindex":0}}},{"from":[7.31012,8.2167,9.10182],"to":[7.60191,8.74658,10.33307],"rotation":{"angle":22.5,"axis":"z","origin":[7.44803,8.47201,9.72526]},"faces":{"north":{"uv":[12,6,12.125,6.125],"texture":"#7","tintindex":0},"east":{"uv":[6.25,9.75,6.5,9.875],"texture":"#7","tintindex":0},"south":{"uv":[6.5,12,6.625,12.125],"texture":"#7","tintindex":0},"west":{"uv":[9.75,7.5,10,7.625],"texture":"#7","tintindex":0},"up":{"uv":[9.125,10,9,9.75],"texture":"#7","tintindex":0}}},{"from":[8.8375,9.71109,6.65],"to":[9,9.77359,8.5375],"rotation":{"angle":0,"axis":"y","origin":[8,9.2503,5.5625]},"faces":{"north":{"uv":[12,6.5,12.125,6.625],"texture":"#7","tintindex":0},"east":{"uv":[7.25,6,7.75,6.125],"texture":"#7","tintindex":0},"south":{"uv":[7,12,7.125,12.125],"texture":"#7","tintindex":0},"up":{"uv":[0.125,8,0,7.5],"texture":"#7","tintindex":0}}},{"from":[8.8375,9.64859,5.65],"to":[9,9.71109,8.5375],"rotation":{"angle":0,"axis":"y","origin":[8,9.2503,5.5625]},"faces":{"north":{"uv":[7.5,12,7.625,12.125],"texture":"#7","tintindex":0},"east":{"uv":[3.75,5.5,4.5,5.625],"texture":"#7","tintindex":0},"south":{"uv":[12,7.5,12.125,7.625],"texture":"#7","tintindex":0},"up":{"uv":[4.875,6.25,4.75,5.5],"texture":"#7","tintindex":0}}},{"from":[8.8375,9.77359,7.65],"to":[9,9.83609,8.5375],"rotation":{"angle":0,"axis":"y","origin":[8,9.2503,5.5625]},"faces":{"north":{"uv":[8,12,8.125,12.125],"texture":"#7","tintindex":0},"east":{"uv":[9.5,9.75,9.75,9.875],"texture":"#7","tintindex":0},"south":{"uv":[12,8,12.125,8.125],"texture":"#7","tintindex":0},"west":{"uv":[10,0,10.25,0.125],"texture":"#7","tintindex":0},"up":{"uv":[0.625,10.25,0.5,10],"texture":"#7","tintindex":0}}},{"from":[7.93557,10.05293,5.65],"to":[8.67561,10.11543,6.64688],"rotation":{"angle":-45,"axis":"z","origin":[8.34972,9.52168,6.14844]},"faces":{"north":{"uv":[12,8.5,12.125,8.625],"texture":"#7","tintindex":0},"south":{"uv":[12,9,12.125,9.125],"texture":"#7","tintindex":0},"up":{"uv":[10.125,0.75,10,0.5],"texture":"#7","tintindex":0}}},{"from":[8.37594,9.84019,6.65],"to":[9.02759,9.90269,7.64688],"rotation":{"angle":-45,"axis":"z","origin":[8.85795,9.87144,7.90625]},"faces":{"north":{"uv":[9.5,12,9.625,12.125],"texture":"#7","tintindex":0},"south":{"uv":[12,9.5,12.125,9.625],"texture":"#7","tintindex":0},"up":{"uv":[1.625,10.25,1.5,10],"texture":"#7","tintindex":0},"down":{"uv":[2.125,10,2,10.25],"texture":"#7","tintindex":0}}},{"from":[8.71622,9.71854,7.65],"to":[8.77872,10.28193,8.5375],"rotation":{"angle":45,"axis":"z","origin":[8.74747,10.04443,8.03125]},"faces":{"north":{"uv":[10,12,10.125,12.125],"texture":"#7","tintindex":0},"east":{"uv":[2.5,10,2.75,10.125],"texture":"#7","tintindex":0},"south":{"uv":[12,11,12.125,11.125],"texture":"#7","tintindex":0},"west":{"uv":[10,2.5,10.25,2.625],"texture":"#7","tintindex":0},"up":{"uv":[3.125,10.25,3,10],"texture":"#7","tintindex":0}}},{"from":[7,9.71109,6.65],"to":[7.1625,9.77359,8.5375],"rotation":{"angle":0,"axis":"y","origin":[8,9.2503,5.5625]},"faces":{"north":{"uv":[11.5,12,11.625,12.125],"texture":"#7","tintindex":0},"south":{"uv":[12,11.5,12.125,11.625],"texture":"#7","tintindex":0},"west":{"uv":[7.25,6.5,7.75,6.625],"texture":"#7","tintindex":0},"up":{"uv":[7.625,0.5,7.5,0],"texture":"#7","tintindex":0}}},{"from":[7,9.77359,7.65],"to":[7.1625,9.83609,8.5375],"rotation":{"angle":0,"axis":"y","origin":[8,9.2503,5.5625]},"faces":{"north":{"uv":[12,12,12.125,12.125],"texture":"#7","tintindex":0},"east":{"uv":[3.5,10,3.75,10.125],"texture":"#7","tintindex":0},"south":{"uv":[0,12.25,0.125,12.375],"texture":"#7","tintindex":0},"west":{"uv":[10,3.5,10.25,3.625],"texture":"#7","tintindex":0},"up":{"uv":[10.125,4.25,10,4],"texture":"#7","tintindex":0}}},{"from":[7,9.64859,5.65],"to":[7.1625,9.71109,8.5375],"rotation":{"angle":0,"axis":"y","origin":[8,9.2503,5.5625]},"faces":{"north":{"uv":[1,12.25,1.125,12.375],"texture":"#7","tintindex":0},"south":{"uv":[12.25,1,12.375,1.125],"texture":"#7","tintindex":0},"west":{"uv":[5.25,5.5,6,5.625],"texture":"#7","tintindex":0},"up":{"uv":[1.125,6.5,1,5.75],"texture":"#7","tintindex":0}}},{"from":[8.8375,8.69516,6.65],"to":[9,8.75766,8.5375],"rotation":{"angle":0,"axis":"y","origin":[8,9.21845,5.5625]},"faces":{"north":{"uv":[12.25,1.5,12.375,1.625],"texture":"#7","tintindex":0},"east":{"uv":[7.5,0.75,8,0.875],"texture":"#7","tintindex":0},"south":{"uv":[12.25,2,12.375,2.125],"texture":"#7","tintindex":0},"down":{"uv":[0.625,7.5,0.5,8],"texture":"#7","tintindex":0}}},{"from":[8.8375,8.63266,7.65],"to":[9,8.69516,8.5375],"rotation":{"angle":0,"axis":"y","origin":[8,9.21845,5.5625]},"faces":{"north":{"uv":[12.25,3,12.375,3.125],"texture":"#7","tintindex":0},"east":{"uv":[10,4.5,10.25,4.625],"texture":"#7","tintindex":0},"south":{"uv":[4,12.25,4.125,12.375],"texture":"#7","tintindex":0},"west":{"uv":[10,5,10.25,5.125],"texture":"#7","tintindex":0},"down":{"uv":[10.125,6.25,10,6.5],"texture":"#7","tintindex":0}}},{"from":[8.8375,8.75766,5.65],"to":[9,8.82016,8.5375],"rotation":{"angle":0,"axis":"y","origin":[8,9.21845,5.5625]},"faces":{"north":{"uv":[4.5,12.25,4.625,12.375],"texture":"#7","tintindex":0},"east":{"uv":[1.5,5.75,2.25,5.875],"texture":"#7","tintindex":0},"south":{"uv":[5,12.25,5.125,12.375],"texture":"#7","tintindex":0},"down":{"uv":[2.625,5.75,2.5,6.5],"texture":"#7","tintindex":0}}},{"from":[7,8.63266,7.65],"to":[7.1625,8.69516,8.5375],"rotation":{"angle":0,"axis":"y","origin":[8,9.21845,5.5625]},"faces":{"north":{"uv":[5.5,12.25,5.625,12.375],"texture":"#7","tintindex":0},"east":{"uv":[6.75,10,7,10.125],"texture":"#7","tintindex":0},"south":{"uv":[12.25,5.5,12.375,5.625],"texture":"#7","tintindex":0},"west":{"uv":[10,6.75,10.25,6.875],"texture":"#7","tintindex":0},"down":{"uv":[7.375,10,7.25,10.25],"texture":"#7","tintindex":0}}},{"from":[7,8.69516,6.65],"to":[7.1625,8.75766,8.5375],"rotation":{"angle":0,"axis":"y","origin":[8,9.21845,5.5625]},"faces":{"north":{"uv":[6,12.25,6.125,12.375],"texture":"#7","tintindex":0},"south":{"uv":[12.25,7,12.375,7.125],"texture":"#7","tintindex":0},"west":{"uv":[7.5,2.5,8,2.625],"texture":"#7","tintindex":0},"down":{"uv":[3.625,7.5,3.5,8],"texture":"#7","tintindex":0}}},{"from":[7,8.75766,5.65],"to":[7.1625,8.82016,8.5375],"rotation":{"angle":0,"axis":"y","origin":[8,9.21845,5.5625]},"faces":{"north":{"uv":[8.5,12.25,8.625,12.375],"texture":"#7","tintindex":0},"south":{"uv":[9,12.25,9.125,12.375],"texture":"#7","tintindex":0},"west":{"uv":[0,6,0.75,6.125],"texture":"#7","tintindex":0},"down":{"uv":[3.125,5.75,3,6.5],"texture":"#7","tintindex":0}}},{"from":[8.44968,7.36488,5.85938],"to":[8.56041,7.54166,8.85938],"rotation":{"angle":45,"axis":"z","origin":[8.50505,7.47916,7.32813]},"faces":{"north":{"uv":[12.25,10,12.375,10.125],"texture":"#7","tintindex":0},"east":{"uv":[3.5,6,4.25,6.125],"texture":"#7","tintindex":0},"south":{"uv":[10.5,12.25,10.625,12.375],"texture":"#7","tintindex":0}}},{"from":[8.53921,10.07188,7.65],"to":[8.60171,10.23438,8.5375],"rotation":{"angle":0,"axis":"y","origin":[8.52335,10.07806,7.0752]},"faces":{"north":{"uv":[11.5,13,11.625,13.125],"texture":"#7","tintindex":0},"east":{"uv":[7.75,10,8,10.125],"texture":"#7","tintindex":0},"up":{"uv":[10.125,8.25,10,8],"texture":"#7","tintindex":0},"down":{"uv":[8.375,10,8.25,10.25],"texture":"#7","tintindex":0}}},{"from":[8.47671,10.07188,6.65],"to":[8.53921,10.23438,8.5375],"rotation":{"angle":0,"axis":"y","origin":[8.52335,10.07806,7.0752]},"faces":{"north":{"uv":[13,11.5,13.125,11.625],"texture":"#7","tintindex":0},"east":{"uv":[7.5,3,8,3.125],"texture":"#7","tintindex":0},"up":{"uv":[4.125,8,4,7.5],"texture":"#7","tintindex":0}}},{"from":[8.41421,10.07188,5.65],"to":[8.47671,10.23438,8.5375],"rotation":{"angle":0,"axis":"y","origin":[8.52335,10.07806,7.0752]},"faces":{"north":{"uv":[12,13,12.125,13.125],"texture":"#7","tintindex":0},"east":{"uv":[5.25,6,6,6.125],"texture":"#7","tintindex":0},"up":{"uv":[1.625,7,1.5,6.25],"texture":"#7","tintindex":0}}},{"from":[7.46079,10.07188,6.65],"to":[7.52329,10.23438,8.5375],"rotation":{"angle":0,"axis":"y","origin":[7.47665,10.07806,7.0752]},"faces":{"north":{"uv":[13,12,13.125,12.125],"texture":"#7","tintindex":0},"west":{"uv":[4.5,7.5,5,7.625],"texture":"#7","tintindex":0},"up":{"uv":[5.375,8,5.25,7.5],"texture":"#7","tintindex":0}}},{"from":[7.52329,10.07188,5.65],"to":[7.58579,10.23438,8.5375],"rotation":{"angle":0,"axis":"y","origin":[7.47665,10.07806,7.0752]},"faces":{"north":{"uv":[12.5,13,12.625,13.125],"texture":"#7","tintindex":0},"west":{"uv":[6.25,3.5,7,3.625],"texture":"#7","tintindex":0},"up":{"uv":[2.125,7,2,6.25],"texture":"#7","tintindex":0}}},{"from":[7.39829,10.07188,7.65],"to":[7.46079,10.23438,8.5375],"rotation":{"angle":0,"axis":"y","origin":[7.47665,10.07806,7.0752]},"faces":{"north":{"uv":[13,12.5,13.125,12.625],"texture":"#7","tintindex":0},"west":{"uv":[10,8.5,10.25,8.625],"texture":"#7","tintindex":0},"up":{"uv":[10.125,9.25,10,9],"texture":"#7","tintindex":0},"down":{"uv":[10.125,9.5,10,9.75],"texture":"#7","tintindex":0}}},{"from":[8.53921,8.23438,7.65],"to":[8.60171,8.39688,8.5375],"rotation":{"angle":0,"axis":"y","origin":[8.58585,8.39069,7.0752]},"faces":{"north":{"uv":[13,13,13.125,13.125],"texture":"#7","tintindex":0},"east":{"uv":[10,10,10.25,10.125],"texture":"#7","tintindex":0},"south":{"uv":[0,13.25,0.125,13.375],"texture":"#7","tintindex":0},"up":{"uv":[0.125,10.5,0,10.25],"texture":"#7","tintindex":0},"down":{"uv":[1.125,10.25,1,10.5],"texture":"#7","tintindex":0}}},{"from":[8.47671,8.23438,6.65],"to":[8.53921,8.39688,8.5375],"rotation":{"angle":0,"axis":"y","origin":[8.58585,8.39069,7.0752]},"faces":{"north":{"uv":[1,13.25,1.125,13.375],"texture":"#7","tintindex":0},"east":{"uv":[5.75,7.5,6.25,7.625],"texture":"#7","tintindex":0},"south":{"uv":[13.25,1,13.375,1.125],"texture":"#7","tintindex":0},"down":{"uv":[6.625,7.5,6.5,8],"texture":"#7","tintindex":0}}},{"from":[8.41421,8.23438,5.65],"to":[8.47671,8.39688,8.5375],"rotation":{"angle":0,"axis":"y","origin":[8.58585,8.39069,7.0752]},"faces":{"north":{"uv":[13.25,1.5,13.375,1.625],"texture":"#7","tintindex":0},"east":{"uv":[6.25,4,7,4.125],"texture":"#7","tintindex":0},"south":{"uv":[13.25,2,13.375,2.125],"texture":"#7","tintindex":0},"down":{"uv":[6.375,4.5,6.25,5.25],"texture":"#7","tintindex":0}}},{"from":[7.52329,8.23438,5.65],"to":[7.58579,8.39688,8.5375],"rotation":{"angle":0,"axis":"y","origin":[7.47665,8.39069,7.0752]},"faces":{"north":{"uv":[13.25,3,13.375,3.125],"texture":"#7","tintindex":0},"south":{"uv":[4,13.25,4.125,13.375],"texture":"#7","tintindex":0},"west":{"uv":[6.25,5.5,7,5.625],"texture":"#7","tintindex":0},"down":{"uv":[6.375,6,6.25,6.75],"texture":"#7","tintindex":0}}},{"from":[7.39829,8.23438,7.65],"to":[7.46079,8.39688,8.5375],"rotation":{"angle":0,"axis":"y","origin":[7.47665,8.39069,7.0752]},"faces":{"north":{"uv":[4.5,13.25,4.625,13.375],"texture":"#7","tintindex":0},"south":{"uv":[5,13.25,5.125,13.375],"texture":"#7","tintindex":0},"west":{"uv":[10.25,1,10.5,1.125],"texture":"#7","tintindex":0},"up":{"uv":[10.375,1.75,10.25,1.5],"texture":"#7","tintindex":0},"down":{"uv":[10.375,2,10.25,2.25],"texture":"#7","tintindex":0}}},{"from":[7.46079,8.23438,6.65],"to":[7.52329,8.39688,8.5375],"rotation":{"angle":0,"axis":"y","origin":[7.47665,8.39069,7.0752]},"faces":{"north":{"uv":[5.5,13.25,5.625,13.375],"texture":"#7","tintindex":0},"south":{"uv":[13.25,5.5,13.375,5.625],"texture":"#7","tintindex":0},"west":{"uv":[7,7.5,7.5,7.625],"texture":"#7","tintindex":0},"down":{"uv":[1.125,7.75,1,8.25],"texture":"#7","tintindex":0}}},{"from":[7.22128,9.71854,7.65],"to":[7.28378,10.2818,8.5375],"rotation":{"angle":-45,"axis":"z","origin":[7.25253,10.04443,8.03125]},"faces":{"north":{"uv":[6,13.25,6.125,13.375],"texture":"#7","tintindex":0},"east":{"uv":[10.25,3,10.5,3.125],"texture":"#7","tintindex":0},"south":{"uv":[13.25,7,13.375,7.125],"texture":"#7","tintindex":0},"west":{"uv":[4,10.25,4.25,10.375],"texture":"#7","tintindex":0},"up":{"uv":[4.625,10.5,4.5,10.25],"texture":"#7","tintindex":0}}},{"from":[6.97241,9.84019,6.65],"to":[7.62406,9.90269,7.64688],"rotation":{"angle":45,"axis":"z","origin":[7.14205,9.87144,7.90625]},"faces":{"north":{"uv":[8.5,13.25,8.625,13.375],"texture":"#7","tintindex":0},"south":{"uv":[9,13.25,9.125,13.375],"texture":"#7","tintindex":0},"up":{"uv":[5.125,10.5,5,10.25],"texture":"#7","tintindex":0},"down":{"uv":[5.625,10.25,5.5,10.5],"texture":"#7","tintindex":0}}},{"from":[7.32439,10.05293,5.65],"to":[8.06443,10.11543,6.64688],"rotation":{"angle":45,"axis":"z","origin":[7.65028,9.52168,6.14844]},"faces":{"north":{"uv":[13.25,10,13.375,10.125],"texture":"#7","tintindex":0},"south":{"uv":[10.5,13.25,10.625,13.375],"texture":"#7","tintindex":0},"up":{"uv":[10.375,5.75,10.25,5.5],"texture":"#7","tintindex":0}}},{"from":[6.91371,8.42435,6.65],"to":[7.56537,8.48685,7.64688],"rotation":{"angle":-45,"axis":"z","origin":[7.28376,8.4556,7.13021]},"faces":{"north":{"uv":[13.25,10.5,13.375,10.625],"texture":"#7","tintindex":0},"south":{"uv":[11,13.25,11.125,13.375],"texture":"#7","tintindex":0},"up":{"uv":[6.125,10.5,6,10.25],"texture":"#7","tintindex":0},"down":{"uv":[10.375,7.25,10.25,7.5],"texture":"#7","tintindex":0}}},{"from":[6.86952,8.46854,5.65],"to":[7.60956,8.53104,6.64688],"rotation":{"angle":-45,"axis":"z","origin":[7.28376,8.4556,7.13021]},"faces":{"north":{"uv":[13.5,0,13.625,0.125],"texture":"#7","tintindex":0},"south":{"uv":[0.5,13.5,0.625,13.625],"texture":"#7","tintindex":0},"down":{"uv":[8.875,10.25,8.75,10.5],"texture":"#7","tintindex":0}}},{"from":[8.71622,8.18695,7.65],"to":[8.77872,8.75021,8.5375],"rotation":{"angle":-45,"axis":"z","origin":[8.74747,8.42432,8.03125]},"faces":{"north":{"uv":[13.5,0.5,13.625,0.625],"texture":"#7","tintindex":0},"east":{"uv":[9.25,10.25,9.5,10.375],"texture":"#7","tintindex":0},"south":{"uv":[1.5,13.5,1.625,13.625],"texture":"#7","tintindex":0},"west":{"uv":[10.5,0,10.75,0.125],"texture":"#7","tintindex":0},"down":{"uv":[0.625,10.5,0.5,10.75],"texture":"#7","tintindex":0}}},{"from":[8.37594,8.56606,6.65],"to":[9.02759,8.62856,7.64688],"rotation":{"angle":45,"axis":"z","origin":[8.85795,8.59731,7.90625]},"faces":{"north":{"uv":[2,13.5,2.125,13.625],"texture":"#7","tintindex":0},"south":{"uv":[2.5,13.5,2.625,13.625],"texture":"#7","tintindex":0},"up":{"uv":[10.625,0.75,10.5,0.5],"texture":"#7","tintindex":0},"down":{"uv":[1.625,10.5,1.5,10.75],"texture":"#7","tintindex":0}}},{"from":[7.93557,8.35332,5.65],"to":[8.67561,8.41582,6.64688],"rotation":{"angle":45,"axis":"z","origin":[8.34972,8.94707,6.14844]},"faces":{"north":{"uv":[13.5,2.5,13.625,2.625],"texture":"#7","tintindex":0},"south":{"uv":[3,13.5,3.125,13.625],"texture":"#7","tintindex":0},"down":{"uv":[2.125,10.5,2,10.75],"texture":"#7","tintindex":0}}},{"from":[7.20831,8.21806,7.65],"to":[7.27081,8.78145,8.5375],"rotation":{"angle":45,"axis":"z","origin":[7.28376,8.4556,7.13021]},"faces":{"north":{"uv":[3.5,13.5,3.625,13.625],"texture":"#7","tintindex":0},"east":{"uv":[2.5,10.5,2.75,10.625],"texture":"#7","tintindex":0},"south":{"uv":[13.5,3.5,13.625,3.625],"texture":"#7","tintindex":0},"west":{"uv":[10.5,2.5,10.75,2.625],"texture":"#7","tintindex":0},"down":{"uv":[3.125,10.5,3,10.75],"texture":"#7","tintindex":0}}},{"from":[6.94992,8.5278,9.10312],"to":[7.34281,8.86682,9.81876],"rotation":{"angle":22.5,"axis":"z","origin":[7.14636,8.69731,9.46875]},"faces":{"north":{"uv":[13.5,4,13.625,4.125],"texture":"#7","tintindex":0},"east":{"uv":[13.5,4.5,13.625,4.625],"texture":"#7","tintindex":0},"south":{"uv":[13.5,5,13.625,5.125],"texture":"#7","tintindex":0},"west":{"uv":[13.5,6,13.625,6.125],"texture":"#7","tintindex":0}}},{"from":[7.625,7.54992,8.25],"to":[7.875,8.12805,8.5625],"rotation":{"angle":0,"axis":"y","origin":[7.51437,7.39396,8.00163]},"faces":{"north":{"uv":[8,13.5,8.125,13.625],"texture":"#7","tintindex":0},"east":{"uv":[13.5,8,13.625,8.125],"texture":"#7","tintindex":0},"south":{"uv":[13.5,8.5,13.625,8.625],"texture":"#7","tintindex":0},"west":{"uv":[13.5,9,13.625,9.125],"texture":"#7","tintindex":0}}},{"from":[7.625,7.54992,6.375],"to":[7.875,7.75,8.25],"rotation":{"angle":0,"axis":"y","origin":[7.51437,7.39396,7.79851]},"faces":{"east":{"uv":[7.5,7,8,7.125],"texture":"#7","tintindex":0},"west":{"uv":[7.75,1.25,8.25,1.375],"texture":"#7","tintindex":0},"up":{"uv":[1.625,8.25,1.5,7.75],"texture":"#7","tintindex":0}}},{"from":[7.625,7.54992,6.125],"to":[7.875,8.12805,6.375],"rotation":{"angle":0,"axis":"y","origin":[7.51437,7.39396,7.62663]},"faces":{"north":{"uv":[9.5,13.5,9.625,13.625],"texture":"#7","tintindex":0},"east":{"uv":[13.5,9.5,13.625,9.625],"texture":"#7","tintindex":0},"south":{"uv":[10,13.5,10.125,13.625],"texture":"#7","tintindex":0},"west":{"uv":[13.5,11,13.625,11.125],"texture":"#7","tintindex":0}}},{"from":[7.625,7.89674,6.20804],"to":[7.875,8.01869,6.62992],"rotation":{"angle":-22.5,"axis":"x","origin":[7.51427,8.16865,6.05179]},"faces":{"east":{"uv":[11.5,13.5,11.625,13.625],"texture":"#7","tintindex":0},"west":{"uv":[13.5,11.5,13.625,11.625],"texture":"#7","tintindex":0},"down":{"uv":[12.125,13.5,12,13.625],"texture":"#7","tintindex":0}}},{"from":[7.625,8.48796,8.15679],"to":[7.875,8.65679,8.46929],"rotation":{"angle":45,"axis":"x","origin":[7.51427,8.43175,7.68804]},"faces":{"east":{"uv":[13.5,12,13.625,12.125],"texture":"#7","tintindex":0},"west":{"uv":[12.5,13.5,12.625,13.625],"texture":"#7","tintindex":0},"down":{"uv":[13.625,12.5,13.5,12.625],"texture":"#7","tintindex":0}}},{"from":[7.25,10.03125,7.87684],"to":[8.75,10.34375,8.49816],"rotation":{"angle":-22.5,"axis":"y","origin":[8,10.21875,8.1875]},"faces":{"east":{"uv":[14,0.5,14.125,0.625],"texture":"#7","tintindex":0},"west":{"uv":[1.5,14,1.625,14.125],"texture":"#7","tintindex":0},"up":{"uv":[8.625,6.875,8.25,6.75],"texture":"#7","tintindex":0},"down":{"uv":[8.625,7.25,8.25,7.375],"texture":"#7","tintindex":0}}},{"from":[7.68934,10.03125,7.4375],"to":[8.31066,10.34375,8.9375],"rotation":{"angle":22.5,"axis":"y","origin":[8,10.21875,8.1875]},"faces":{"north":{"uv":[2,14,2.125,14.125],"texture":"#7","tintindex":0},"south":{"uv":[2.5,14,2.625,14.125],"texture":"#7","tintindex":0},"up":{"uv":[4.125,8.625,4,8.25],"texture":"#7","tintindex":0},"down":{"uv":[7.875,8.25,7.75,8.625],"texture":"#7","tintindex":0}}},{"from":[7.68934,10.03125,7.4375],"to":[8.31066,10.34375,8.9375],"rotation":{"angle":-22.5,"axis":"y","origin":[8,10.21875,8.1875]},"faces":{"north":{"uv":[14,2.5,14.125,2.625],"texture":"#7","tintindex":0},"south":{"uv":[3,14,3.125,14.125],"texture":"#7","tintindex":0},"up":{"uv":[8.375,8.125,8.25,7.75],"texture":"#7","tintindex":0},"down":{"uv":[8.625,0,8.5,0.375],"texture":"#7","tintindex":0}}},{"from":[7.25,10.03125,7.87684],"to":[8.75,10.34375,8.49816],"rotation":{"angle":22.5,"axis":"y","origin":[8,10.21875,8.1875]},"faces":{"east":{"uv":[3.5,14,3.625,14.125],"texture":"#7","tintindex":0},"west":{"uv":[14,3.5,14.125,3.625],"texture":"#7","tintindex":0},"up":{"uv":[1.125,8.625,0.75,8.5],"texture":"#7","tintindex":0},"down":{"uv":[8.875,1.25,8.5,1.375],"texture":"#7","tintindex":0}}},{"from":[7.375,7.3125,5.85938],"to":[8.625,7.4375,8.85938],"rotation":{"angle":0,"axis":"y","origin":[7.5,6.5625,7.54688]},"faces":{"north":{"uv":[8.25,8.5,8.625,8.625],"texture":"#7","tintindex":0},"east":{"uv":[0,6.5,0.75,6.625],"texture":"#7","tintindex":0},"south":{"uv":[0,8.75,0.375,8.875],"texture":"#7","tintindex":0},"west":{"uv":[6.5,0,7.25,0.125],"texture":"#7","tintindex":0},"down":{"uv":[0.375,0,0,0.75],"texture":"#7","tintindex":0}}},{"from":[8.375,7,5.85938],"to":[8.625,7.3125,8.85938],"rotation":{"angle":0,"axis":"y","origin":[7.5,6.3125,7.54688]},"faces":{"north":{"uv":[14.25,2,14.375,2.125],"texture":"#7","tintindex":0},"east":{"uv":[6.5,0.5,7.25,0.625],"texture":"#7","tintindex":0},"south":{"uv":[14.25,3,14.375,3.125],"texture":"#7","tintindex":0},"west":{"uv":[6.5,1,7.25,1.125],"texture":"#7","tintindex":0},"down":{"uv":[3.625,6.5,3.5,7.25],"texture":"#7","tintindex":0}}},{"from":[7.375,7,5.85938],"to":[7.625,7.3125,8.85938],"rotation":{"angle":0,"axis":"y","origin":[6.75,6.3125,7.54688]},"faces":{"north":{"uv":[4,14.25,4.125,14.375],"texture":"#7","tintindex":0},"east":{"uv":[4,6.5,4.75,6.625],"texture":"#7","tintindex":0},"south":{"uv":[4.5,14.25,4.625,14.375],"texture":"#7","tintindex":0},"west":{"uv":[5,6.5,5.75,6.625],"texture":"#7","tintindex":0},"down":{"uv":[1.125,6.75,1,7.5],"texture":"#7","tintindex":0}}},{"from":[7.5,7.4375,5.85938],"to":[8.5,7.5625,8.85938],"rotation":{"angle":0,"axis":"y","origin":[7.5,6.5625,7.54688]},"faces":{"north":{"uv":[3.5,10.5,3.75,10.625],"texture":"#7","tintindex":0},"south":{"uv":[10.5,3.5,10.75,3.625],"texture":"#7","tintindex":0},"up":{"uv":[0.25,3,0,2.25],"texture":"#7","tintindex":0}}},{"from":[7.43959,7.36488,5.85938],"to":[7.55032,7.54166,8.85938],"rotation":{"angle":-45,"axis":"z","origin":[7.49495,7.47916,7.32813]},"faces":{"north":{"uv":[5,14.25,5.125,14.375],"texture":"#7","tintindex":0},"south":{"uv":[5.5,14.25,5.625,14.375],"texture":"#7","tintindex":0},"west":{"uv":[6.75,1.5,7.5,1.625],"texture":"#7","tintindex":0}}}],"display":{"thirdperson_righthand":{"translation":[0,0,0.5],"scale":[0.55,0.55,0.55]},"thirdperson_lefthand":{"translation":[0,0,0.5],"scale":[0.55,0.55,0.55]},"firstperson_righthand":{"translation":[0,1.25,0]},"firstperson_lefthand":{"translation":[0,1.25,0]},"ground":{"translation":[0,1,0],"scale":[0.55,0.55,0.55]},"gui":{"rotation":[25,-145,0],"translation":[-0.75,-1.75,0],"scale":[2.68,2.68,2.68]},"fixed":{"rotation":[0,90,0],"translation":[0.25,-0.75,-1.25],"scale":[1.1,1.1,1.1]}},"groups":[0,1,{"name":"no-dye","origin":[8,8,8],"color":0,"nbt":"{}","children":[{"name":"group","origin":[8,9.25,9.9375],"color":0,"nbt":"{}","children":[2,3,4,5,6,7,8,9,10,11,12,13,14,15,16,17,18,19,20,21,22,23,24,25,26,27,28,29,30,31,32,33]},{"name":"octagon","origin":[8,8,8],"color":0,"nbt":"{}","children":[34,35,36,37,38]},{"name":"hexadecagon","origin":[8,8,8],"color":4,"nbt":"{}","children":[39,40,41,42,43,44,45,46,47,48,49,50,51,52,53,54]},{"name":"screw","origin":[8,8,8],"color":3,"nbt":"{}","children":[55,56,57,58]},{"name":"knob_black","origin":[8,8,8],"color":0,"nbt":"{}","children":[{"name":"octagon","origin":[8,8,8],"color":0,"nbt":"{}","children":[59,60,61,62]}]},{"name":"octagon","origin":[8,8,8],"color":0,"nbt":"{}","children":[63,64,65,66]},{"name":"octagon","origin":[8,8,8],"color":0,"nbt":"{}","children":[67,68,69,70]},71]},{"name":"dye","origin":[0,0,0],"color":0,"nbt":"{}","children":[72,73,74,75,76,77,78,79,80,81,82,83,84,85,86,87,88,89,90,91,92,93,94,95,96,97,98,99,100,101,102,103,104,105,106,107,108,109,110,111,112,113,114,115,116,117,118,119,120,121,122,123,124,125,126,127,128,129,130,131,132,133,134,135,136,137,138,139,140,141,142,143,144,145,146,147,148,149,150,151,152,153,154,155,156,157,158,159,160,161,162,163,164,165,166,167,168,169,170,171,172,173,174,175,176,177,178,179,180]},{"name":"group","origin":[0,0,0],"color":0,"nbt":"{}","children":[]}]}