{"credit":"Made with Blockbench","texture_size":[128,128],"textures":{"2":"tac:items/raythean","4":"tac:items/slx_2x_uv","particle":"tac:items/slx_2x_uv"},"elements":[{"from":[7.25,7,6.9375],"to":[8.75,7.1875,8.8125],"rotation":{"angle":0,"axis":"y","origin":[7.5,4.5,-8]},"faces":{"east":{"uv":[5.625,2.625,5.875,2.6875],"texture":"#4","tintindex":0},"west":{"uv":[5.625,3.25,5.875,3.3125],"texture":"#4","tintindex":0},"down":{"uv":[0.6875,1.875,0.5,2.125],"texture":"#4","tintindex":0}}},{"from":[7.25,6.49713,6.5417],"to":[8.75,6.68463,6.80687],"rotation":{"angle":45,"axis":"x","origin":[8,6.59088,7.4792]},"faces":{"east":{"uv":[5,6.75,5.0625,6.8125],"texture":"#4","tintindex":0},"west":{"uv":[6.75,5,6.8125,5.0625],"texture":"#4","tintindex":0},"down":{"uv":[5.9375,5,5.75,5.0625],"texture":"#4","tintindex":0}}},{"from":[7.25,7.06629,8.70738],"to":[8.75,7.25379,8.97254],"rotation":{"angle":-45,"axis":"x","origin":[8,7.16004,8.83996]},"faces":{"east":{"uv":[5.25,6.75,5.3125,6.8125],"texture":"#4","tintindex":0},"west":{"uv":[5.5,6.75,5.5625,6.8125],"texture":"#4","tintindex":0},"down":{"uv":[1.4375,5.875,1.25,5.9375],"texture":"#4","tintindex":0}}},{"from":[7.375,7.4375,6.75],"to":[8.625,7.5625,9],"rotation":{"angle":0,"axis":"y","origin":[7.5,4.5,-8]},"faces":{"north":{"uv":[5.875,1.75,6.0625,1.8125],"texture":"#4","tintindex":0},"south":{"uv":[5.875,2,6.0625,2.0625],"texture":"#4","tintindex":0},"up":{"uv":[0.1875,1.0625,0,0.75],"texture":"#4","tintindex":0}}},{"from":[8.72346,7.73771,6.75],"to":[8.90024,7.86271,9],"rotation":{"angle":-45,"axis":"z","origin":[8.31185,7.83146,7.875]},"faces":{"north":{"uv":[5.75,6.75,5.8125,6.8125],"texture":"#4","tintindex":0},"south":{"uv":[6,6.75,6.0625,6.8125],"texture":"#4","tintindex":0},"up":{"uv":[2.4375,5.6875,2.375,5.375],"texture":"#4","tintindex":0}}},{"from":[7.09976,7.73771,6.75],"to":[7.27654,7.86271,9],"rotation":{"angle":45,"axis":"z","origin":[7.68815,7.83146,7.875]},"faces":{"north":{"uv":[6.75,6.5,6.8125,6.5625],"texture":"#4","tintindex":0},"south":{"uv":[6.75,6.75,6.8125,6.8125],"texture":"#4","tintindex":0},"up":{"uv":[0.3125,5.8125,0.25,5.5],"texture":"#4","tintindex":0}}},{"from":[7.25,7.1875,6.75],"to":[8.75,7.4375,9],"rotation":{"angle":0,"axis":"y","origin":[7.5,4.5,-8]},"faces":{"north":{"uv":[2.25,5.875,2.4375,5.9375],"texture":"#4","tintindex":0},"east":{"uv":[5.5,0.5,5.8125,0.5625],"texture":"#4","tintindex":0},"south":{"uv":[5.875,2.25,6.0625,2.3125],"texture":"#4","tintindex":0},"west":{"uv":[5.5,1.25,5.8125,1.3125],"texture":"#4","tintindex":0}}},{"from":[7.6875,7.75,6.875],"to":[8.3125,7.8125,8.875],"rotation":{"angle":0,"axis":"y","origin":[7.5,4.4375,-8]},"faces":{"east":{"uv":[5.125,5.625,5.375,5.6875],"texture":"#4","tintindex":0},"west":{"uv":[5.5,5.625,5.75,5.6875],"texture":"#4","tintindex":0},"down":{"uv":[0.5625,5.75,0.5,6],"texture":"#4","tintindex":0}}},{"from":[7.6875,7.5625,6.875],"to":[8.3125,7.75,7.375],"rotation":{"angle":0,"axis":"y","origin":[7.5,4.375,-8]},"faces":{"east":{"uv":[0.5,6.875,0.5625,6.9375],"texture":"#4","tintindex":0},"south":{"uv":[6.875,0.5,6.9375,0.5625],"texture":"#4","tintindex":0},"west":{"uv":[0.75,6.875,0.8125,6.9375],"texture":"#4","tintindex":0}}},{"from":[7.6875,7.5625,8.375],"to":[8.3125,7.75,8.875],"rotation":{"angle":0,"axis":"y","origin":[7.5,4.375,-6.3125]},"faces":{"north":{"uv":[2.5,6.875,2.5625,6.9375],"texture":"#4","tintindex":0},"east":{"uv":[6.875,2.5,6.9375,2.5625],"texture":"#4","tintindex":0},"west":{"uv":[6.875,2.75,6.9375,2.8125],"texture":"#4","tintindex":0}}},{"from":[7.5625,7.8125,6.75],"to":[8.4375,8.125,9],"rotation":{"angle":0,"axis":"y","origin":[7.5,4.4375,-8]},"faces":{"north":{"uv":[4.625,6,4.75,6.0625],"texture":"#4","tintindex":0},"south":{"uv":[6,5.25,6.125,5.3125],"texture":"#4","tintindex":0},"down":{"uv":[0.125,1.875,0,2.1875],"texture":"#4","tintindex":0}}},{"from":[7.3401,7.80556,6.75],"to":[7.5276,8.43056,9],"rotation":{"angle":22.5,"axis":"z","origin":[7.43385,8.36806,7.875]},"faces":{"north":{"uv":[3.5,6.875,3.5625,6.9375],"texture":"#4","tintindex":0},"south":{"uv":[6.875,3.5,6.9375,3.5625],"texture":"#4","tintindex":0},"west":{"uv":[5.5,5.375,5.8125,5.4375],"texture":"#4","tintindex":0}}},{"from":[8.4724,7.80556,6.75],"to":[8.6599,8.49306,9],"rotation":{"angle":-22.5,"axis":"z","origin":[8.56615,8.36806,7.875]},"faces":{"north":{"uv":[6.875,3.75,6.9375,3.8125],"texture":"#4","tintindex":0},"east":{"uv":[1.25,5.625,1.5625,5.6875],"texture":"#4","tintindex":0},"south":{"uv":[6.875,4.25,6.9375,4.3125],"texture":"#4","tintindex":0}}},{"from":[8.6875,7.1568,7.65],"to":[8.875,7.3432,8.1],"rotation":{"angle":45,"axis":"x","origin":[8.25,7.25,7.875]},"faces":{"north":{"uv":[6.875,4.5,6.9375,4.5625],"texture":"#4","tintindex":0},"east":{"uv":[4.75,6.875,4.8125,6.9375],"texture":"#4","tintindex":0},"south":{"uv":[6.875,4.75,6.9375,4.8125],"texture":"#4","tintindex":0},"west":{"uv":[6.875,5.25,6.9375,5.3125],"texture":"#4","tintindex":0}}},{"from":[8.6875,7.025,7.7818],"to":[8.875,7.475,7.9682],"rotation":{"angle":0,"axis":"y","origin":[8.25,7.25,7.875]},"faces":{"east":{"uv":[6.25,6.875,6.3125,6.9375],"texture":"#4","tintindex":0},"up":{"uv":[7.0625,0.0625,7,0],"texture":"#4","tintindex":0},"down":{"uv":[7.0625,0.75,7,0.8125],"texture":"#4","tintindex":0}}},{"from":[8.6875,7.1568,7.65],"to":[8.875,7.3432,8.1],"rotation":{"angle":0,"axis":"y","origin":[8.25,7.25,7.875]},"faces":{"north":{"uv":[7,1,7.0625,1.0625],"texture":"#4","tintindex":0},"east":{"uv":[7,1.75,7.0625,1.8125],"texture":"#4","tintindex":0},"south":{"uv":[7,2,7.0625,2.0625],"texture":"#4","tintindex":0}}},{"from":[8.6875,7.025,7.7818],"to":[8.875,7.475,7.9682],"rotation":{"angle":45,"axis":"x","origin":[8.25,7.25,7.875]},"faces":{"east":{"uv":[4,7,4.0625,7.0625],"texture":"#4","tintindex":0},"west":{"uv":[4.25,7,4.3125,7.0625],"texture":"#4","tintindex":0},"up":{"uv":[4.5625,7.0625,4.5,7],"texture":"#4","tintindex":0},"down":{"uv":[5.0625,7,5,7.0625],"texture":"#4","tintindex":0}}},{"from":[7.125,7.1568,7.65],"to":[7.5625,7.3432,8.1],"rotation":{"angle":45,"axis":"x","origin":[8,7.25,7.875]},"faces":{"north":{"uv":[7,5,7.0625,5.0625],"texture":"#4","tintindex":0},"east":{"uv":[5.25,7,5.3125,7.0625],"texture":"#4","tintindex":0},"south":{"uv":[5.5,7,5.5625,7.0625],"texture":"#4","tintindex":0},"west":{"uv":[5.75,7,5.8125,7.0625],"texture":"#4","tintindex":0}}},{"from":[7.125,7.1568,7.65],"to":[7.5625,7.3432,8.1],"rotation":{"angle":0,"axis":"y","origin":[8,7.25,7.875]},"faces":{"north":{"uv":[6.75,7,6.8125,7.0625],"texture":"#4","tintindex":0},"south":{"uv":[7,7,7.0625,7.0625],"texture":"#4","tintindex":0},"west":{"uv":[0,7.125,0.0625,7.1875],"texture":"#4","tintindex":0}}},{"from":[7.125,7.025,7.7818],"to":[7.5625,7.475,7.9682],"rotation":{"angle":45,"axis":"x","origin":[8,7.25,7.875]},"faces":{"east":{"uv":[7.125,0.5,7.1875,0.5625],"texture":"#4","tintindex":0},"west":{"uv":[1,7.125,1.0625,7.1875],"texture":"#4","tintindex":0},"up":{"uv":[1.3125,7.1875,1.25,7.125],"texture":"#4","tintindex":0},"down":{"uv":[7.1875,1.25,7.125,1.3125],"texture":"#4","tintindex":0}}},{"from":[7.125,7.025,7.7818],"to":[7.5625,7.475,7.9682],"rotation":{"angle":0,"axis":"y","origin":[8,7.25,7.875]},"faces":{"west":{"uv":[2,7.125,2.0625,7.1875],"texture":"#4","tintindex":0},"up":{"uv":[2.3125,7.1875,2.25,7.125],"texture":"#4","tintindex":0},"down":{"uv":[2.5625,7.125,2.5,7.1875],"texture":"#4","tintindex":0}}},{"from":[7.0625,7.12555,7.75938],"to":[7.25,7.37555,8.00938],"rotation":{"angle":0,"axis":"y","origin":[7.125,7.25,7.875]},"faces":{"north":{"uv":[7.125,2.5,7.1875,2.5625],"texture":"#4","tintindex":0},"south":{"uv":[7.125,2.75,7.1875,2.8125],"texture":"#4","tintindex":0},"west":{"uv":[3,7.125,3.0625,7.1875],"texture":"#4","tintindex":0},"up":{"uv":[3.3125,7.1875,3.25,7.125],"texture":"#4","tintindex":0},"down":{"uv":[3.5625,7.125,3.5,7.1875],"texture":"#4","tintindex":0}}},{"from":[7.625,7.5625,8.625],"to":[8.375,7.8125,8.75],"rotation":{"angle":0,"axis":"y","origin":[7.5,4.375,-6.25]},"faces":{"north":{"uv":[7.125,3.5,7.1875,3.5625],"texture":"#4","tintindex":0},"east":{"uv":[7.125,3.75,7.1875,3.8125],"texture":"#4","tintindex":0},"south":{"uv":[7.125,4.25,7.1875,4.3125],"texture":"#4","tintindex":0},"west":{"uv":[7.125,4.5,7.1875,4.5625],"texture":"#4","tintindex":0}}},{"from":[7.625,7.5625,7],"to":[8.375,7.8125,7.125],"rotation":{"angle":0,"axis":"y","origin":[7.5,4.375,-7.875]},"faces":{"north":{"uv":[7.125,5.25,7.1875,5.3125],"texture":"#4","tintindex":0},"east":{"uv":[7.125,5.5,7.1875,5.5625],"texture":"#4","tintindex":0},"south":{"uv":[7.125,5.75,7.1875,5.8125],"texture":"#4","tintindex":0},"west":{"uv":[7.125,6,7.1875,6.0625],"texture":"#4","tintindex":0}}},{"from":[7.5625,7.5625,6.75],"to":[8.4375,7.8125,6.875],"rotation":{"angle":0,"axis":"y","origin":[7.5,4.4375,-8]},"faces":{"north":{"uv":[5.875,6,6,6.0625],"texture":"#4","tintindex":0},"east":{"uv":[6.5,7.125,6.5625,7.1875],"texture":"#4","tintindex":0},"south":{"uv":[0,6.125,0.125,6.1875],"texture":"#4","tintindex":0},"west":{"uv":[7.25,0,7.3125,0.0625],"texture":"#4","tintindex":0}}},{"from":[7.5625,7.5625,8.875],"to":[8.4375,7.8125,9],"rotation":{"angle":0,"axis":"y","origin":[7.5,4.4375,-5.875]},"faces":{"north":{"uv":[1.25,6.125,1.375,6.1875],"texture":"#4","tintindex":0},"east":{"uv":[7.25,0.75,7.3125,0.8125],"texture":"#4","tintindex":0},"south":{"uv":[1.5,6.125,1.625,6.1875],"texture":"#4","tintindex":0},"west":{"uv":[7.25,1,7.3125,1.0625],"texture":"#4","tintindex":0}}},{"from":[6.90625,6.95,7.75074],"to":[7.09375,7.55,7.99926],"rotation":{"angle":-22.5,"axis":"x","origin":[6.875,7.25,7.875]},"faces":{"east":{"uv":[7.25,2,7.3125,2.0625],"texture":"#4"},"west":{"uv":[7.25,3,7.3125,3.0625],"texture":"#4"},"up":{"uv":[7.3125,3.3125,7.25,3.25],"texture":"#4"},"down":{"uv":[3.8125,7.25,3.75,7.3125],"texture":"#4"}}},{"from":[6.90625,7.12574,7.575],"to":[7.09375,7.37426,8.175],"rotation":{"angle":22.5,"axis":"x","origin":[6.875,7.25,7.875]},"faces":{"north":{"uv":[4,7.25,4.0625,7.3125],"texture":"#4"},"east":{"uv":[7.25,4,7.3125,4.0625],"texture":"#4"},"south":{"uv":[4.25,7.25,4.3125,7.3125],"texture":"#4"},"west":{"uv":[4.5,7.25,4.5625,7.3125],"texture":"#4"}}},{"from":[6.90625,7.12574,7.575],"to":[7.09375,7.37426,8.175],"rotation":{"angle":-22.5,"axis":"x","origin":[6.875,7.25,7.875]},"faces":{"north":{"uv":[5.25,7.25,5.3125,7.3125],"texture":"#4"},"east":{"uv":[5.5,7.25,5.5625,7.3125],"texture":"#4"},"south":{"uv":[5.75,7.25,5.8125,7.3125],"texture":"#4"},"west":{"uv":[6,7.25,6.0625,7.3125],"texture":"#4"}}},{"from":[6.90625,6.95,7.75074],"to":[7.09375,7.55,7.99926],"rotation":{"angle":22.5,"axis":"x","origin":[6.875,7.25,7.875]},"faces":{"east":{"uv":[7,7.25,7.0625,7.3125],"texture":"#4"},"west":{"uv":[7.25,7.25,7.3125,7.3125],"texture":"#4"},"up":{"uv":[0.0625,7.4375,0,7.375],"texture":"#4"},"down":{"uv":[0.3125,7.375,0.25,7.4375],"texture":"#4"}}},{"from":[6.65625,8.6225,8.69275],"to":[6.90625,9.5025,9.05725],"rotation":{"angle":-22.5,"axis":"x","origin":[6.76563,9.0625,8.875]},"faces":{"east":{"uv":[2.25,6.125,2.3125,6.25],"texture":"#4"},"up":{"uv":[7.4375,0.3125,7.375,0.25],"texture":"#4"},"down":{"uv":[0.5625,7.375,0.5,7.4375],"texture":"#4"}}},{"from":[6.65625,8.88025,8.435],"to":[6.90625,9.24475,9.315],"rotation":{"angle":22.5,"axis":"x","origin":[6.76563,9.0625,8.875]},"faces":{"north":{"uv":[7.375,0.5,7.4375,0.5625],"texture":"#4"},"east":{"uv":[6.125,2.75,6.25,2.8125],"texture":"#4"},"south":{"uv":[0.75,7.375,0.8125,7.4375],"texture":"#4"}}},{"from":[6.65625,8.88025,8.435],"to":[6.90625,9.24475,9.315],"rotation":{"angle":-22.5,"axis":"x","origin":[6.76563,9.0625,8.875]},"faces":{"north":{"uv":[1,7.375,1.0625,7.4375],"texture":"#4"},"east":{"uv":[6.125,3.5,6.25,3.5625],"texture":"#4"},"south":{"uv":[1.25,7.375,1.3125,7.4375],"texture":"#4"}}},{"from":[6.65625,8.6225,8.69275],"to":[6.90625,9.5025,9.05725],"rotation":{"angle":22.5,"axis":"x","origin":[6.76563,9.0625,8.875]},"faces":{"east":{"uv":[6.125,4.875,6.1875,5],"texture":"#4"},"up":{"uv":[7.4375,1.3125,7.375,1.25],"texture":"#4"},"down":{"uv":[1.5625,7.375,1.5,7.4375],"texture":"#4"}}},{"from":[6.375,8.5125,8.64718],"to":[6.75,9.6125,9.10282],"rotation":{"angle":-22.5,"axis":"x","origin":[6.76563,9.0625,8.875]},"faces":{"east":{"uv":[6.25,0,6.3125,0.125],"texture":"#4"},"west":{"uv":[6.25,1,6.3125,1.125],"texture":"#4"},"up":{"uv":[7.4375,1.5625,7.375,1.5],"texture":"#4"},"down":{"uv":[1.8125,7.375,1.75,7.4375],"texture":"#4"}}},{"from":[6.375,8.83468,8.2],"to":[6.75,9.29032,9.55],"rotation":{"angle":22.5,"axis":"x","origin":[6.76563,9.0625,8.875]},"faces":{"north":{"uv":[2,7.375,2.0625,7.4375],"texture":"#4"},"east":{"uv":[3.125,5.875,3.3125,5.9375],"texture":"#4"},"south":{"uv":[2.25,7.375,2.3125,7.4375],"texture":"#4"},"west":{"uv":[3.5,5.875,3.6875,5.9375],"texture":"#4"},"up":{"uv":[2.6875,5.9375,2.625,5.75],"texture":"#4"},"down":{"uv":[3.9375,5.875,3.875,6.0625],"texture":"#4"}}},{"from":[6.375,8.83468,8.325],"to":[6.75,9.29032,9.425],"rotation":{"angle":-22.5,"axis":"x","origin":[6.76563,9.0625,8.875]},"faces":{"north":{"uv":[2.5,7.375,2.5625,7.4375],"texture":"#4"},"east":{"uv":[6.25,1.75,6.375,1.8125],"texture":"#4"},"south":{"uv":[7.375,2.5,7.4375,2.5625],"texture":"#4"},"west":{"uv":[6.25,2,6.375,2.0625],"texture":"#4"}}},{"from":[6.375,8.3875,8.64718],"to":[6.75,9.7375,9.10282],"rotation":{"angle":22.5,"axis":"x","origin":[6.76563,9.0625,8.875]},"faces":{"north":{"uv":[4.125,5.875,4.1875,6.0625],"texture":"#4"},"east":{"uv":[4.375,5.875,4.4375,6.0625],"texture":"#4"},"south":{"uv":[5.125,5.875,5.1875,6.0625],"texture":"#4"},"west":{"uv":[5.375,5.875,5.4375,6.0625],"texture":"#4"},"up":{"uv":[2.8125,7.4375,2.75,7.375],"texture":"#4"},"down":{"uv":[7.4375,2.75,7.375,2.8125],"texture":"#4"}}},{"from":[9.07188,8.7265,6.79832],"to":[9.33438,9.3985,7.07668],"rotation":{"angle":-22.5,"axis":"x","origin":[9.1875,9.0625,6.9375]},"faces":{"west":{"uv":[7.375,3.5,7.4375,3.5625],"texture":"#4"},"up":{"uv":[7.4375,3.8125,7.375,3.75],"texture":"#4"},"down":{"uv":[7.4375,4.25,7.375,4.3125],"texture":"#4"}}},{"from":[9.07188,8.7265,6.79832],"to":[9.33438,9.3985,7.07668],"rotation":{"angle":22.5,"axis":"x","origin":[9.1875,9.0625,6.9375]},"faces":{"west":{"uv":[7.375,5.25,7.4375,5.3125],"texture":"#4"},"up":{"uv":[7.4375,5.5625,7.375,5.5],"texture":"#4"},"down":{"uv":[7.4375,5.75,7.375,5.8125],"texture":"#4"}}},{"from":[9.07188,8.92332,6.6015],"to":[9.33438,9.20168,7.2735],"rotation":{"angle":-22.5,"axis":"x","origin":[9.1875,9.0625,6.9375]},"faces":{"north":{"uv":[7.375,6,7.4375,6.0625],"texture":"#4"},"south":{"uv":[7.375,6.25,7.4375,6.3125],"texture":"#4"},"west":{"uv":[6.5,7.375,6.5625,7.4375],"texture":"#4"}}},{"from":[9.07188,8.92332,6.6015],"to":[9.33438,9.20168,7.2735],"rotation":{"angle":22.5,"axis":"x","origin":[9.1875,9.0625,6.9375]},"faces":{"north":{"uv":[7.5,1,7.5625,1.0625],"texture":"#4"},"south":{"uv":[7.5,2,7.5625,2.0625],"texture":"#4"},"west":{"uv":[7.5,2.25,7.5625,2.3125],"texture":"#4"}}},{"from":[9.17188,8.725,6.77181],"to":[9.48438,9.4,7.10319],"rotation":{"angle":-22.5,"axis":"x","origin":[9.1875,9.0625,6.9375]},"faces":{"east":{"uv":[4,7.5,4.0625,7.5625],"texture":"#4"},"west":{"uv":[4.25,7.5,4.3125,7.5625],"texture":"#4"},"up":{"uv":[4.5625,7.5625,4.5,7.5],"texture":"#4"},"down":{"uv":[5.0625,7.5,5,7.5625],"texture":"#4"}}},{"from":[9.17188,8.6625,6.77181],"to":[9.48438,9.4625,7.10319],"rotation":{"angle":22.5,"axis":"x","origin":[9.1875,9.0625,6.9375]},"faces":{"north":{"uv":[6.25,3.25,6.3125,3.375],"texture":"#4"},"east":{"uv":[3.75,6.25,3.8125,6.375],"texture":"#4"},"south":{"uv":[4,6.25,4.0625,6.375],"texture":"#4"},"west":{"uv":[6.25,4,6.3125,4.125],"texture":"#4"},"up":{"uv":[7.5625,5.0625,7.5,5],"texture":"#4"},"down":{"uv":[5.3125,7.5,5.25,7.5625],"texture":"#4"}}},{"from":[9.17188,8.89681,6.6],"to":[9.48438,9.22819,7.275],"rotation":{"angle":-22.5,"axis":"x","origin":[9.1875,9.0625,6.9375]},"faces":{"north":{"uv":[5.5,7.5,5.5625,7.5625],"texture":"#4"},"east":{"uv":[5.75,7.5,5.8125,7.5625],"texture":"#4"},"south":{"uv":[6,7.5,6.0625,7.5625],"texture":"#4"},"west":{"uv":[7.5,6.5,7.5625,6.5625],"texture":"#4"}}},{"from":[9.17188,8.89681,6.5375],"to":[9.48438,9.22819,7.3375],"rotation":{"angle":22.5,"axis":"x","origin":[9.1875,9.0625,6.9375]},"faces":{"north":{"uv":[7,7.5,7.0625,7.5625],"texture":"#4"},"east":{"uv":[4.25,6.25,4.375,6.3125],"texture":"#4"},"south":{"uv":[7.5,7,7.5625,7.0625],"texture":"#4"},"west":{"uv":[4.5,6.25,4.625,6.3125],"texture":"#4"},"up":{"uv":[5.1875,6.375,5.125,6.25],"texture":"#4"},"down":{"uv":[6.3125,5.125,6.25,5.25],"texture":"#4"}}},{"from":[7.86082,10.15,6.6015],"to":[8.13918,10.4125,7.2735],"rotation":{"angle":-45,"axis":"y","origin":[8,10.26563,6.9375]},"faces":{"north":{"uv":[7.25,7.5,7.3125,7.5625],"texture":"#4"},"south":{"uv":[7.5,7.5,7.5625,7.5625],"texture":"#4"}}},{"from":[7.664,10.15,6.79832],"to":[8.336,10.4125,7.07668],"rotation":{"angle":0,"axis":"y","origin":[8,10.26563,6.9375]},"faces":{"east":{"uv":[7.625,0.5,7.6875,0.5625],"texture":"#4"},"west":{"uv":[1,7.625,1.0625,7.6875],"texture":"#4"}}},{"from":[7.664,10.15,6.79832],"to":[8.336,10.4125,7.07668],"rotation":{"angle":-45,"axis":"y","origin":[8,10.26563,6.9375]},"faces":{"east":{"uv":[7.625,1.5,7.6875,1.5625],"texture":"#4"},"west":{"uv":[2,7.625,2.0625,7.6875],"texture":"#4"}}},{"from":[7.86082,10.15,6.6015],"to":[8.13918,10.4125,7.2735],"rotation":{"angle":0,"axis":"y","origin":[8,10.26563,6.9375]},"faces":{"north":{"uv":[7.625,2.5,7.6875,2.5625],"texture":"#4"},"south":{"uv":[7.625,2.75,7.6875,2.8125],"texture":"#4"}}},{"from":[7.83431,10.25,6.5375],"to":[8.16569,10.5625,7.3375],"rotation":{"angle":-45,"axis":"y","origin":[8,10.26563,6.9375]},"faces":{"north":{"uv":[7.625,3.5,7.6875,3.5625],"texture":"#4"},"east":{"uv":[5.375,6.25,5.5,6.3125],"texture":"#4"},"south":{"uv":[7.625,3.75,7.6875,3.8125],"texture":"#4"},"west":{"uv":[5.625,6.25,5.75,6.3125],"texture":"#4"},"up":{"uv":[5.9375,6.375,5.875,6.25],"texture":"#4"},"down":{"uv":[6.1875,6.25,6.125,6.375],"texture":"#4"}}},{"from":[7.6625,10.25,6.77181],"to":[8.3375,10.5625,7.10319],"rotation":{"angle":0,"axis":"y","origin":[8,10.26563,6.9375]},"faces":{"east":{"uv":[7.625,4.5,7.6875,4.5625],"texture":"#4"},"west":{"uv":[7.625,4.75,7.6875,4.8125],"texture":"#4"},"up":{"uv":[7.6875,5.3125,7.625,5.25],"texture":"#4"},"down":{"uv":[7.6875,5.5,7.625,5.5625],"texture":"#4"}}},{"from":[7.6,10.25,6.77181],"to":[8.4,10.5625,7.10319],"rotation":{"angle":-45,"axis":"y","origin":[8,10.26563,6.9375]},"faces":{"north":{"uv":[0,6.375,0.125,6.4375],"texture":"#4"},"east":{"uv":[7.625,5.75,7.6875,5.8125],"texture":"#4"},"south":{"uv":[0.25,6.375,0.375,6.4375],"texture":"#4"},"west":{"uv":[7.625,6,7.6875,6.0625],"texture":"#4"},"up":{"uv":[6.5,0.3125,6.375,0.25],"texture":"#4"},"down":{"uv":[0.625,6.375,0.5,6.4375],"texture":"#4"}}},{"from":[7.83431,10.25,6.6],"to":[8.16569,10.5625,7.275],"rotation":{"angle":0,"axis":"y","origin":[8,10.26563,6.9375]},"faces":{"north":{"uv":[6.25,7.625,6.3125,7.6875],"texture":"#4"},"south":{"uv":[6.5,7.625,6.5625,7.6875],"texture":"#4"},"up":{"uv":[7.8125,0.8125,7.75,0.75],"texture":"#4"},"down":{"uv":[7.8125,1,7.75,1.0625],"texture":"#4"}}},{"from":[7.58579,8.03125,6.1875],"to":[8.41421,8.3,9.6875],"rotation":{"angle":45,"axis":"z","origin":[8,9.0625,7.6875]},"faces":{"north":{"uv":[6.375,0.5,6.5,0.5625],"texture":"#4","tintindex":0},"south":{"uv":[0.75,6.375,0.875,6.4375],"texture":"#4","tintindex":0},"down":{"uv":[0.125,1.25,0,1.6875],"texture":"#4","tintindex":0}}},{"from":[7.58579,8.0625,6.1875],"to":[8.41421,8.3,9.6875],"rotation":{"angle":0,"axis":"y","origin":[8,9.0625,7.6875]},"faces":{"north":{"uv":[6.375,1.5,6.5,1.5625],"texture":"#4","tintindex":0},"south":{"uv":[1.75,6.375,1.875,6.4375],"texture":"#4","tintindex":0},"down":{"uv":[1.5,0,1.375,0.4375],"texture":"#4","tintindex":0}}},{"from":[7.58579,9.825,6.1875],"to":[8.41421,10.09375,9.6875],"rotation":{"angle":45,"axis":"z","origin":[8,9.0625,7.6875]},"faces":{"north":{"uv":[2,6.375,2.125,6.4375],"texture":"#4","tintindex":0},"south":{"uv":[2.25,6.375,2.375,6.4375],"texture":"#4","tintindex":0},"up":{"uv":[0.375,1.8125,0.25,1.375],"texture":"#4","tintindex":0}}},{"from":[7.58579,9.825,6.1875],"to":[8.41421,10.0625,9.6875],"rotation":{"angle":0,"axis":"y","origin":[8,9.0625,7.6875]},"faces":{"north":{"uv":[2.5,6.375,2.625,6.4375],"texture":"#4","tintindex":0},"east":{"uv":[5.125,4.875,5.5625,4.9375],"texture":"#4","tintindex":0},"south":{"uv":[6.375,2.5,6.5,2.5625],"texture":"#4","tintindex":0},"up":{"uv":[1.5,1.6875,1.375,1.25],"texture":"#4","tintindex":0}}},{"from":[7.58579,10.0625,6.23345],"to":[7.72671,10.10845,9.64063],"rotation":{"angle":0,"axis":"y","origin":[8,9.0625,7.6875]},"faces":{"east":{"uv":[5.25,0.75,5.6875,0.8125],"texture":"#4","tintindex":0},"west":{"uv":[1.75,5.25,2.1875,5.3125],"texture":"#4","tintindex":0},"up":{"uv":[2.9375,5.4375,2.875,5],"texture":"#4","tintindex":0}}},{"from":[8.27329,10.0625,6.23345],"to":[8.41421,10.10845,9.64063],"rotation":{"angle":0,"axis":"y","origin":[8,9.0625,7.6875]},"faces":{"east":{"uv":[5.25,2.125,5.6875,2.1875],"texture":"#4","tintindex":0},"west":{"uv":[5.25,2.375,5.6875,2.4375],"texture":"#4","tintindex":0},"up":{"uv":[0.5625,5.5625,0.5,5.125],"texture":"#4","tintindex":0}}},{"from":[8.27329,10.01366,9.60136],"to":[8.41421,10.05961,9.66478],"rotation":{"angle":45,"axis":"x","origin":[8.34375,10.03664,9.67995]},"faces":{"east":{"uv":[7.75,4,7.8125,4.0625],"texture":"#4","tintindex":0},"south":{"uv":[4.25,7.75,4.3125,7.8125],"texture":"#4","tintindex":0},"west":{"uv":[4.5,7.75,4.5625,7.8125],"texture":"#4","tintindex":0},"up":{"uv":[5.0625,7.8125,5,7.75],"texture":"#4","tintindex":0}}},{"from":[7.58579,10.01366,9.60136],"to":[7.72671,10.05961,9.66478],"rotation":{"angle":45,"axis":"x","origin":[7.65625,10.03664,9.67995]},"faces":{"east":{"uv":[5.5,7.75,5.5625,7.8125],"texture":"#4","tintindex":0},"south":{"uv":[5.75,7.75,5.8125,7.8125],"texture":"#4","tintindex":0},"west":{"uv":[6,7.75,6.0625,7.8125],"texture":"#4","tintindex":0},"up":{"uv":[7.8125,6.5625,7.75,6.5],"texture":"#4","tintindex":0}}},{"from":[8.27329,9.98051,6.22302],"to":[8.41421,10.02647,6.28645],"rotation":{"angle":-45,"axis":"x","origin":[8,10.00349,6.16098]},"faces":{"north":{"uv":[7.75,6.75,7.8125,6.8125],"texture":"#4","tintindex":0},"east":{"uv":[7,7.75,7.0625,7.8125],"texture":"#4","tintindex":0},"west":{"uv":[7.25,7.75,7.3125,7.8125],"texture":"#4","tintindex":0},"up":{"uv":[7.8125,7.3125,7.75,7.25],"texture":"#4","tintindex":0}}},{"from":[7.58579,9.98051,6.22302],"to":[7.72671,10.02647,6.28645],"rotation":{"angle":-45,"axis":"x","origin":[8,10.00349,6.16098]},"faces":{"north":{"uv":[7.75,7.5,7.8125,7.5625],"texture":"#4","tintindex":0},"east":{"uv":[7.75,7.75,7.8125,7.8125],"texture":"#4","tintindex":0},"west":{"uv":[0.25,7.875,0.3125,7.9375],"texture":"#4","tintindex":0},"up":{"uv":[7.9375,0.3125,7.875,0.25],"texture":"#4","tintindex":0}}},{"from":[6.96875,8.64829,6.1875],"to":[7.2375,9.47671,9.6875],"rotation":{"angle":45,"axis":"z","origin":[8,9.0625,7.6875]},"faces":{"north":{"uv":[2.75,6.375,2.8125,6.5],"texture":"#4","tintindex":0},"south":{"uv":[6.375,2.75,6.4375,2.875],"texture":"#4","tintindex":0},"west":{"uv":[1.625,0.25,2.0625,0.375],"texture":"#4","tintindex":0}}},{"from":[7,8.64829,6.1875],"to":[7.2375,9.47671,9.6875],"rotation":{"angle":0,"axis":"y","origin":[8,9.0625,7.6875]},"faces":{"north":{"uv":[3,6.375,3.0625,6.5],"texture":"#4","tintindex":0},"south":{"uv":[3.25,6.375,3.3125,6.5],"texture":"#4","tintindex":0},"west":{"uv":[1.625,0.75,2.0625,0.875],"texture":"#4","tintindex":0}}},{"from":[8.7625,9.14829,7.3125],"to":[9,9.47671,7.4375],"rotation":{"angle":45,"axis":"z","origin":[8,9.0625,9.75]},"faces":{"north":{"uv":[7.875,0.5,7.9375,0.5625],"texture":"#4","tintindex":0},"east":{"uv":[0.75,7.875,0.8125,7.9375],"texture":"#4","tintindex":0},"down":{"uv":[1.5625,7.875,1.5,7.9375],"texture":"#4","tintindex":0}}},{"from":[8.7625,8.64829,7.3125],"to":[9,8.97671,7.4375],"rotation":{"angle":45,"axis":"z","origin":[8,9.0625,9.75]},"faces":{"north":{"uv":[7.875,1.5,7.9375,1.5625],"texture":"#4","tintindex":0},"east":{"uv":[1.75,7.875,1.8125,7.9375],"texture":"#4","tintindex":0},"up":{"uv":[2.5625,7.9375,2.5,7.875],"texture":"#4","tintindex":0}}},{"from":[8.7625,8.64829,7.4375],"to":[9,9.47671,9.6875],"rotation":{"angle":45,"axis":"z","origin":[8,9.0625,6.125]},"faces":{"north":{"uv":[3.5,6.375,3.5625,6.5],"texture":"#4","tintindex":0},"east":{"uv":[3.75,1.25,4,1.375],"texture":"#4","tintindex":0},"south":{"uv":[6.375,3.5,6.4375,3.625],"texture":"#4","tintindex":0}}},{"from":[8.7625,8.64829,6.1875],"to":[8.96875,9.47671,7.5],"rotation":{"angle":45,"axis":"z","origin":[8,9.0625,1.5625]},"faces":{"north":{"uv":[6.375,3.75,6.4375,3.875],"texture":"#4","tintindex":0},"east":{"uv":[5.25,3.25,5.4375,3.375],"texture":"#4","tintindex":0}}},{"from":[8.93437,9.00766,6.5],"to":[9.1875,9.11734,6.625],"rotation":{"angle":45,"axis":"z","origin":[8,9.0625,1.5625]},"faces":{"north":{"uv":[7.875,3.75,7.9375,3.8125],"texture":"#4","tintindex":0},"east":{"uv":[7.875,4.25,7.9375,4.3125],"texture":"#4","tintindex":0},"south":{"uv":[7.875,4.5,7.9375,4.5625],"texture":"#4","tintindex":0},"west":{"uv":[4.75,7.875,4.8125,7.9375],"texture":"#4","tintindex":0},"up":{"uv":[7.9375,4.8125,7.875,4.75],"texture":"#4","tintindex":0},"down":{"uv":[7.9375,5.25,7.875,5.3125],"texture":"#4","tintindex":0}}},{"from":[9.075,9.00766,6.3125],"to":[9.1875,9.11734,6.5],"rotation":{"angle":45,"axis":"z","origin":[8,9.0625,1.5625]},"faces":{"east":{"uv":[7.875,4.25,7.9375,4.3125],"texture":"#4","tintindex":0},"west":{"uv":[4.75,7.875,4.8125,7.9375],"texture":"#4","tintindex":0},"up":{"uv":[7.9375,4.8125,7.875,4.75],"texture":"#4","tintindex":0},"down":{"uv":[7.9375,5.25,7.875,5.3125],"texture":"#4","tintindex":0}}},{"from":[8.93437,9.00766,6.1875],"to":[9.1875,9.11734,6.3125],"rotation":{"angle":45,"axis":"z","origin":[8,9.0625,1.5625]},"faces":{"north":{"uv":[7.875,3.75,7.9375,3.8125],"texture":"#4","tintindex":0},"east":{"uv":[7.875,4.25,7.9375,4.3125],"texture":"#4","tintindex":0},"south":{"uv":[7.875,4.5,7.9375,4.5625],"texture":"#4","tintindex":0},"west":{"uv":[4.75,7.875,4.8125,7.9375],"texture":"#4","tintindex":0},"up":{"uv":[7.9375,4.8125,7.875,4.75],"texture":"#4","tintindex":0},"down":{"uv":[7.9375,5.25,7.875,5.3125],"texture":"#4","tintindex":0}}},{"from":[8.51591,9.78703,6.5],"to":[8.83153,9.89671,6.625],"rotation":{"angle":22.5,"axis":"z","origin":[8.70497,9.84187,6.40625]},"faces":{"north":{"uv":[7.875,3.75,7.9375,3.8125],"texture":"#4","tintindex":0},"east":{"uv":[7.875,4.25,7.9375,4.3125],"texture":"#4","tintindex":0},"south":{"uv":[7.875,4.5,7.9375,4.5625],"texture":"#4","tintindex":0},"west":{"uv":[4.75,7.875,4.8125,7.9375],"texture":"#4","tintindex":0},"up":{"uv":[7.9375,4.8125,7.875,4.75],"texture":"#4","tintindex":0},"down":{"uv":[7.9375,5.25,7.875,5.3125],"texture":"#4","tintindex":0}}},{"from":[8.51591,9.78703,6.1875],"to":[8.83153,9.89671,6.3125],"rotation":{"angle":22.5,"axis":"z","origin":[8.70497,9.84187,6.40625]},"faces":{"north":{"uv":[7.875,3.75,7.9375,3.8125],"texture":"#4","tintindex":0},"east":{"uv":[7.875,4.25,7.9375,4.3125],"texture":"#4","tintindex":0},"south":{"uv":[7.875,4.5,7.9375,4.5625],"texture":"#4","tintindex":0},"west":{"uv":[4.75,7.875,4.8125,7.9375],"texture":"#4","tintindex":0},"up":{"uv":[7.9375,4.8125,7.875,4.75],"texture":"#4","tintindex":0},"down":{"uv":[7.9375,5.25,7.875,5.3125],"texture":"#4","tintindex":0}}},{"from":[8.94211,9.39829,9.54104],"to":[8.99211,9.47671,9.66604],"rotation":{"angle":-22.5,"axis":"y","origin":[8.96711,9.0625,9.69729]},"faces":{"east":{"uv":[7.875,5.75,7.9375,5.8125],"texture":"#4","tintindex":0},"south":{"uv":[7.875,6,7.9375,6.0625],"texture":"#4","tintindex":0},"up":{"uv":[7.9375,6.3125,7.875,6.25],"texture":"#4","tintindex":0},"down":{"uv":[6.5625,7.875,6.5,7.9375],"texture":"#4","tintindex":0}}},{"from":[8.94211,8.64829,9.54104],"to":[8.99211,8.72671,9.66604],"rotation":{"angle":-22.5,"axis":"y","origin":[8.96711,9.0625,9.69729]},"faces":{"east":{"uv":[8,0.75,8.0625,0.8125],"texture":"#4","tintindex":0},"south":{"uv":[8,1,8.0625,1.0625],"texture":"#4","tintindex":0},"up":{"uv":[8.0625,2.0625,8,2],"texture":"#4","tintindex":0},"down":{"uv":[8.0625,2.25,8,2.3125],"texture":"#4","tintindex":0}}},{"from":[9,9.39829,8],"to":[9.05,9.47671,9.5625],"rotation":{"angle":0,"axis":"y","origin":[7.9875,9.0625,7.8125]},"faces":{"east":{"uv":[6,0.25,6.1875,0.3125],"texture":"#4","tintindex":0},"up":{"uv":[0.3125,6.1875,0.25,6],"texture":"#4","tintindex":0},"down":{"uv":[1.0625,6,1,6.1875],"texture":"#4","tintindex":0}}},{"from":[9,8.64829,8],"to":[9.05,8.72671,9.5625],"rotation":{"angle":0,"axis":"y","origin":[7.9875,9.0625,7.8125]},"faces":{"east":{"uv":[6,1.25,6.1875,1.3125],"texture":"#4","tintindex":0},"up":{"uv":[6.0625,3.3125,6,3.125],"texture":"#4","tintindex":0},"down":{"uv":[6.0625,4,6,4.1875],"texture":"#4","tintindex":0}}},{"from":[8.94211,9.39829,7.70896],"to":[8.99211,9.47671,8.02146],"rotation":{"angle":22.5,"axis":"y","origin":[8.96711,9.0625,7.86521]},"faces":{"east":{"uv":[4.25,8,4.3125,8.0625],"texture":"#4","tintindex":0},"up":{"uv":[8.0625,5.0625,8,5],"texture":"#4","tintindex":0},"down":{"uv":[5.3125,8,5.25,8.0625],"texture":"#4","tintindex":0}}},{"from":[8.94211,8.64829,7.70896],"to":[8.99211,8.72671,8.02146],"rotation":{"angle":22.5,"axis":"y","origin":[8.96711,9.0625,7.86521]},"faces":{"east":{"uv":[5.75,8,5.8125,8.0625],"texture":"#4","tintindex":0},"up":{"uv":[6.8125,8.0625,6.75,8],"texture":"#4","tintindex":0},"down":{"uv":[8.0625,6.75,8,6.8125],"texture":"#4","tintindex":0}}},{"from":[8.7625,8.64829,6.1875],"to":[9,9.47671,9.6875],"rotation":{"angle":0,"axis":"y","origin":[8,9.0625,7.6875]},"faces":{"north":{"uv":[6.375,4.5,6.4375,4.625],"texture":"#4","tintindex":0},"east":{"uv":[1.625,1,2.0625,1.125],"texture":"#4","tintindex":0},"south":{"uv":[4.75,6.375,4.8125,6.5],"texture":"#4","tintindex":0},"up":{"uv":[4.1875,5.6875,4.125,5.25],"texture":"#4","tintindex":0}}},{"from":[8.7,9.47671,6.5625],"to":[9,9.66421,7.4375],"rotation":{"angle":0,"axis":"y","origin":[8,9.0625,5.75]},"faces":{"north":{"uv":[7,8,7.0625,8.0625],"texture":"#4","tintindex":0},"east":{"uv":[6.375,4.75,6.5,4.8125],"texture":"#4","tintindex":0},"south":{"uv":[8,7,8.0625,7.0625],"texture":"#4","tintindex":0},"up":{"uv":[6.4375,5.75,6.375,5.625],"texture":"#4","tintindex":0}}},{"from":[8.7625,9.41578,6.3529],"to":[9,9.60328,6.6654],"rotation":{"angle":-45,"axis":"x","origin":[8.88125,9.50953,6.5404]},"faces":{"east":{"uv":[8,7.25,8.0625,7.3125],"texture":"#4","tintindex":0},"west":{"uv":[8,7.5,8.0625,7.5625],"texture":"#4","tintindex":0},"up":{"uv":[7.8125,8.0625,7.75,8],"texture":"#4","tintindex":0}}},{"from":[8.7625,9.38818,7.38259],"to":[9,9.57568,7.88259],"rotation":{"angle":22.5,"axis":"x","origin":[8.85,9.48193,7.63259]},"faces":{"east":{"uv":[0,8.125,0.0625,8.1875],"texture":"#4","tintindex":0},"west":{"uv":[8.125,0.25,8.1875,0.3125],"texture":"#4","tintindex":0},"up":{"uv":[0.5625,8.1875,0.5,8.125],"texture":"#4","tintindex":0}}},{"from":[8.41421,9.76158,6.81158],"to":[8.60171,10.01158,7.31158],"rotation":{"angle":0,"axis":"y","origin":[8.4637,9.94283,6.75714]},"faces":{"north":{"uv":[0.75,8.125,0.8125,8.1875],"texture":"#4","tintindex":0},"east":{"uv":[6.375,6.125,6.5,6.1875],"texture":"#4","tintindex":0},"south":{"uv":[1,8.125,1.0625,8.1875],"texture":"#4","tintindex":0}}},{"from":[8.41421,10.01158,6.56158],"to":[8.60171,10.10845,7.31158],"rotation":{"angle":0,"axis":"y","origin":[8.50796,10.06001,6.87408]},"faces":{"east":{"uv":[6.5,1,6.625,1.0625],"texture":"#4","tintindex":0},"south":{"uv":[8.125,1.25,8.1875,1.3125],"texture":"#4","tintindex":0},"up":{"uv":[6.5625,2.125,6.5,2],"texture":"#4","tintindex":0},"down":{"uv":[6.5625,2.25,6.5,2.375],"texture":"#4","tintindex":0}}},{"from":[8.38777,10.01158,6.38457],"to":[8.52839,10.10845,6.6502],"rotation":{"angle":45,"axis":"y","origin":[8.45808,10.06001,6.51738]},"faces":{"east":{"uv":[8.125,1.5,8.1875,1.5625],"texture":"#4","tintindex":0},"up":{"uv":[2.3125,8.1875,2.25,8.125],"texture":"#4","tintindex":0},"down":{"uv":[2.5625,8.125,2.5,8.1875],"texture":"#4","tintindex":0}}},{"from":[8.4038,9.82408,7.25667],"to":[8.51318,10.10845,7.75667],"rotation":{"angle":-22.5,"axis":"y","origin":[8.41943,10.09908,7.50667]},"faces":{"east":{"uv":[2.75,8.125,2.8125,8.1875],"texture":"#4","tintindex":0},"south":{"uv":[8.125,2.75,8.1875,2.8125],"texture":"#4","tintindex":0},"west":{"uv":[3,8.125,3.0625,8.1875],"texture":"#4","tintindex":0},"up":{"uv":[3.3125,8.1875,3.25,8.125],"texture":"#4","tintindex":0},"down":{"uv":[3.5625,8.125,3.5,8.1875],"texture":"#4","tintindex":0}}},{"from":[8.3413,9.82408,7.28792],"to":[8.4038,10.10845,7.50667],"rotation":{"angle":-22.5,"axis":"y","origin":[8.41943,10.09908,7.50667]},"faces":{"south":{"uv":[8.125,4.25,8.1875,4.3125],"texture":"#4","tintindex":0},"west":{"uv":[8.125,4.5,8.1875,4.5625],"texture":"#4","tintindex":0},"up":{"uv":[4.8125,8.1875,4.75,8.125],"texture":"#4","tintindex":0},"down":{"uv":[8.1875,4.75,8.125,4.8125],"texture":"#4","tintindex":0}}},{"from":[7,8.46079,8.5],"to":[7.2375,8.64829,9.375],"rotation":{"angle":0,"axis":"y","origin":[8,9.0625,7.6875]},"faces":{"west":{"uv":[6.5,3.25,6.625,3.3125],"texture":"#4","tintindex":0},"down":{"uv":[4.0625,6.5,4,6.625],"texture":"#4","tintindex":0}}},{"from":[7,8.63303,8.07156],"to":[7.2375,8.82053,8.57156],"rotation":{"angle":22.5,"axis":"x","origin":[7.11875,8.72678,8.10281]},"faces":{"east":{"uv":[8.125,6,8.1875,6.0625],"texture":"#4","tintindex":0},"west":{"uv":[8.125,6.25,8.1875,6.3125],"texture":"#4","tintindex":0},"down":{"uv":[8.3125,0,8.25,0.0625],"texture":"#4","tintindex":0}}},{"from":[7,8.46336,9.36206],"to":[7.2375,8.71336,9.54956],"rotation":{"angle":22.5,"axis":"x","origin":[7.11875,8.90086,9.45581]},"faces":{"east":{"uv":[8.25,1,8.3125,1.0625],"texture":"#4","tintindex":0},"south":{"uv":[8.25,1.75,8.3125,1.8125],"texture":"#4","tintindex":0},"west":{"uv":[8.25,2,8.3125,2.0625],"texture":"#4","tintindex":0}}},{"from":[7,9.42726,9.36206],"to":[7.2375,9.89601,9.54956],"rotation":{"angle":-22.5,"axis":"x","origin":[7.11875,9.45851,9.45581]},"faces":{"north":{"uv":[8.25,3.25,8.3125,3.3125],"texture":"#4","tintindex":0},"east":{"uv":[3.75,8.25,3.8125,8.3125],"texture":"#4","tintindex":0},"south":{"uv":[4,8.25,4.0625,8.3125],"texture":"#4","tintindex":0},"west":{"uv":[8.25,4,8.3125,4.0625],"texture":"#4","tintindex":0}}},{"from":[7.2375,9.67726,9.36206],"to":[7.425,9.89601,9.54956],"rotation":{"angle":-22.5,"axis":"x","origin":[7.12187,9.45851,9.45581]},"faces":{"north":{"uv":[5,8.25,5.0625,8.3125],"texture":"#4","tintindex":0},"east":{"uv":[8.25,5,8.3125,5.0625],"texture":"#4","tintindex":0},"south":{"uv":[5.25,8.25,5.3125,8.3125],"texture":"#4","tintindex":0},"down":{"uv":[6.0625,8.25,6,8.3125],"texture":"#4","tintindex":0}}},{"from":[7.2375,9.67726,8.32544],"to":[7.425,9.89601,8.51294],"rotation":{"angle":22.5,"axis":"x","origin":[9.12188,9.45851,8.41919]},"faces":{"north":{"uv":[8.25,6.5,8.3125,6.5625],"texture":"#4","tintindex":0},"east":{"uv":[6.75,8.25,6.8125,8.3125],"texture":"#4","tintindex":0},"south":{"uv":[8.25,6.75,8.3125,6.8125],"texture":"#4","tintindex":0},"down":{"uv":[7.3125,8.25,7.25,8.3125],"texture":"#4","tintindex":0}}},{"from":[7,9.42726,8.32544],"to":[7.2375,9.89601,8.51294],"rotation":{"angle":22.5,"axis":"x","origin":[9.11875,9.45851,8.41919]},"faces":{"north":{"uv":[8.25,7.25,8.3125,7.3125],"texture":"#4","tintindex":0},"east":{"uv":[7.5,8.25,7.5625,8.3125],"texture":"#4","tintindex":0},"south":{"uv":[8.25,7.5,8.3125,7.5625],"texture":"#4","tintindex":0},"west":{"uv":[7.75,8.25,7.8125,8.3125],"texture":"#4","tintindex":0}}},{"from":[7.15625,9.72671,8.5],"to":[7.45625,9.89859,9.375],"rotation":{"angle":0,"axis":"y","origin":[8,9.0625,7.6875]},"faces":{"north":{"uv":[8.25,8,8.3125,8.0625],"texture":"#4","tintindex":0},"south":{"uv":[8.25,8.25,8.3125,8.3125],"texture":"#4","tintindex":0},"up":{"uv":[4.5625,6.625,4.5,6.5],"texture":"#4","tintindex":0},"down":{"uv":[5.0625,6.5,5,6.625],"texture":"#4","tintindex":0}}},{"from":[7,9.47671,8.5],"to":[7.175,9.89859,9.375],"rotation":{"angle":0,"axis":"y","origin":[8,9.0625,7.6875]},"faces":{"east":{"uv":[6.5,5,6.625,5.0625],"texture":"#4","tintindex":0},"west":{"uv":[5.25,6.5,5.375,6.5625],"texture":"#4","tintindex":0},"up":{"uv":[5.5625,6.625,5.5,6.5],"texture":"#4","tintindex":0}}},{"from":[8.98438,8.6625,6.77181],"to":[9.10938,9.4625,7.10319],"rotation":{"angle":45,"axis":"x","origin":[9.04688,9.0625,6.9375]},"faces":{"east":{"uv":[0,6.625,0.0625,6.75],"texture":"#4","tintindex":0},"west":{"uv":[6.625,0.25,6.6875,0.375],"texture":"#4","tintindex":0},"up":{"uv":[8.4375,0.3125,8.375,0.25],"texture":"#4","tintindex":0},"down":{"uv":[0.5625,8.375,0.5,8.4375],"texture":"#4","tintindex":0}}},{"from":[8.98438,8.89681,6.5375],"to":[9.10938,9.22819,7.3375],"rotation":{"angle":0,"axis":"y","origin":[9.04688,9.0625,6.9375]},"faces":{"north":{"uv":[8.375,0.5,8.4375,0.5625],"texture":"#4","tintindex":0},"east":{"uv":[0.5,6.625,0.625,6.6875],"texture":"#4","tintindex":0},"south":{"uv":[0.75,8.375,0.8125,8.4375],"texture":"#4","tintindex":0}}},{"from":[8.98438,8.89681,6.5375],"to":[9.10938,9.22819,7.3375],"rotation":{"angle":45,"axis":"x","origin":[9.04688,9.0625,6.9375]},"faces":{"north":{"uv":[1,8.375,1.0625,8.4375],"texture":"#4","tintindex":0},"east":{"uv":[1.25,6.625,1.375,6.6875],"texture":"#4","tintindex":0},"south":{"uv":[1.25,8.375,1.3125,8.4375],"texture":"#4","tintindex":0},"west":{"uv":[6.625,1.25,6.75,1.3125],"texture":"#4","tintindex":0}}},{"from":[8.98438,8.6625,6.77181],"to":[9.10938,9.4625,7.10319],"rotation":{"angle":0,"axis":"y","origin":[9.04688,9.0625,6.9375]},"faces":{"east":{"uv":[2,6.625,2.0625,6.75],"texture":"#4","tintindex":0},"up":{"uv":[8.4375,1.3125,8.375,1.25],"texture":"#4","tintindex":0},"down":{"uv":[1.5625,8.375,1.5,8.4375],"texture":"#4","tintindex":0}}},{"from":[6.8125,8.83468,8.325],"to":[7.125,9.29032,9.425],"rotation":{"angle":0,"axis":"y","origin":[6.96875,9.0625,8.875]},"faces":{"north":{"uv":[8.375,1.5,8.4375,1.5625],"texture":"#4","tintindex":0},"south":{"uv":[1.75,8.375,1.8125,8.4375],"texture":"#4","tintindex":0},"west":{"uv":[2.75,6.625,2.875,6.6875],"texture":"#4","tintindex":0}}},{"from":[6.8125,8.5125,8.64718],"to":[7.125,9.6125,9.10282],"rotation":{"angle":-45,"axis":"x","origin":[6.96875,9.0625,8.875]},"faces":{"east":{"uv":[3.5,6.625,3.5625,6.75],"texture":"#4","tintindex":0},"west":{"uv":[6.625,3.75,6.6875,3.875],"texture":"#4","tintindex":0},"up":{"uv":[2.0625,8.4375,2,8.375],"texture":"#4","tintindex":0},"down":{"uv":[2.3125,8.375,2.25,8.4375],"texture":"#4","tintindex":0}}},{"from":[6.8125,8.5125,8.64718],"to":[7.125,9.6125,9.10282],"rotation":{"angle":0,"axis":"y","origin":[6.96875,9.0625,8.875]},"faces":{"west":{"uv":[6.625,4.75,6.6875,4.875],"texture":"#4","tintindex":0},"up":{"uv":[2.5625,8.4375,2.5,8.375],"texture":"#4","tintindex":0},"down":{"uv":[8.4375,2.5,8.375,2.5625],"texture":"#4","tintindex":0}}},{"from":[6.8125,8.83468,8.325],"to":[7.125,9.29032,9.425],"rotation":{"angle":-45,"axis":"x","origin":[6.96875,9.0625,8.875]},"faces":{"north":{"uv":[2.75,8.375,2.8125,8.4375],"texture":"#4","tintindex":0},"east":{"uv":[6.625,5.25,6.75,5.3125],"texture":"#4","tintindex":0},"south":{"uv":[8.375,2.75,8.4375,2.8125],"texture":"#4","tintindex":0},"west":{"uv":[6.625,5.5,6.75,5.5625],"texture":"#4","tintindex":0}}},{"from":[7.83431,10.0625,6.5375],"to":[8.16569,10.1875,7.3375],"rotation":{"angle":-45,"axis":"y","origin":[8,10.26563,6.9375]},"faces":{"north":{"uv":[3,8.375,3.0625,8.4375],"texture":"#4","tintindex":0},"south":{"uv":[3.25,8.375,3.3125,8.4375],"texture":"#4","tintindex":0},"up":{"uv":[6.5625,6.75,6.5,6.625],"texture":"#4","tintindex":0},"down":{"uv":[6.8125,0,6.75,0.125],"texture":"#4","tintindex":0}}},{"from":[7.6,10.0625,6.77181],"to":[8.4,10.1875,7.10319],"rotation":{"angle":-45,"axis":"y","origin":[8,10.26563,6.9375]},"faces":{"east":{"uv":[3.5,8.375,3.5625,8.4375],"texture":"#4","tintindex":0},"west":{"uv":[8.375,3.5,8.4375,3.5625],"texture":"#4","tintindex":0},"up":{"uv":[6.875,1.8125,6.75,1.75],"texture":"#4","tintindex":0},"down":{"uv":[6.875,2,6.75,2.0625],"texture":"#4","tintindex":0}}},{"from":[7.83431,10.0625,6.5375],"to":[8.16569,10.1875,7.3375],"rotation":{"angle":0,"axis":"y","origin":[8,10.26563,6.9375]},"faces":{"north":{"uv":[8.375,3.75,8.4375,3.8125],"texture":"#4","tintindex":0},"south":{"uv":[8.375,4.25,8.4375,4.3125],"texture":"#4","tintindex":0},"up":{"uv":[6.8125,3.375,6.75,3.25],"texture":"#4","tintindex":0}}},{"from":[7.6,10.0625,6.77181],"to":[8.4,10.1875,7.10319],"rotation":{"angle":0,"axis":"y","origin":[8,10.26563,6.9375]},"faces":{"east":{"uv":[8.375,4.5,8.4375,4.5625],"texture":"#4","tintindex":0},"west":{"uv":[4.75,8.375,4.8125,8.4375],"texture":"#4","tintindex":0},"up":{"uv":[4.375,6.8125,4.25,6.75],"texture":"#4","tintindex":0}}},{"from":[7.82595,8.1875,5.625],"to":[8.17405,8.3125,10.625],"rotation":{"angle":-45,"axis":"z","origin":[8,9.0625,6.125]},"faces":{"north":{"uv":[8.375,4.75,8.4375,4.8125],"texture":"#4","tintindex":0},"south":{"uv":[8.375,5.25,8.4375,5.3125],"texture":"#4","tintindex":0},"up":{"uv":[0.3125,2.625,0.25,2],"texture":"#4","tintindex":0},"down":{"uv":[1.1875,2,1.125,2.625],"texture":"#4","tintindex":0}}},{"from":[7.82595,8.1875,5.625],"to":[8.17405,8.3125,10.625],"rotation":{"angle":-22.5,"axis":"z","origin":[8,9.0625,6.125]},"faces":{"north":{"uv":[8.375,5.5,8.4375,5.5625],"texture":"#4","tintindex":0},"south":{"uv":[8.375,5.75,8.4375,5.8125],"texture":"#4","tintindex":0},"up":{"uv":[0.9375,2.75,0.875,2.125],"texture":"#4","tintindex":0},"down":{"uv":[2.1875,2,2.125,2.625],"texture":"#4","tintindex":0}}},{"from":[7.82595,8.1875,5.625],"to":[8.17405,8.3125,10.625],"rotation":{"angle":0,"axis":"y","origin":[8,9.0625,6.125]},"faces":{"north":{"uv":[8.375,6,8.4375,6.0625],"texture":"#4","tintindex":0},"south":{"uv":[6.25,8.375,6.3125,8.4375],"texture":"#4","tintindex":0},"up":{"uv":[0.5625,2.875,0.5,2.25],"texture":"#4","tintindex":0},"down":{"uv":[2.3125,0.5,2.25,1.125],"texture":"#4","tintindex":0}}},{"from":[7.82595,8.1875,5.625],"to":[8.17405,8.3125,10.625],"rotation":{"angle":22.5,"axis":"z","origin":[8,9.0625,6.125]},"faces":{"north":{"uv":[8.375,6.25,8.4375,6.3125],"texture":"#4","tintindex":0},"south":{"uv":[6.5,8.375,6.5625,8.4375],"texture":"#4","tintindex":0},"up":{"uv":[0.0625,3,0,2.375],"texture":"#4","tintindex":0},"down":{"uv":[2.4375,2,2.375,2.625],"texture":"#4","tintindex":0}}},{"from":[7.82595,8.1875,5.625],"to":[8.17405,8.3125,10.625],"rotation":{"angle":45,"axis":"z","origin":[8,9.0625,6.125]},"faces":{"north":{"uv":[8.5,0,8.5625,0.0625],"texture":"#4","tintindex":0},"south":{"uv":[8.5,0.75,8.5625,0.8125],"texture":"#4","tintindex":0},"up":{"uv":[1.4375,3.25,1.375,2.625],"texture":"#4","tintindex":0},"down":{"uv":[1.6875,2.625,1.625,3.25],"texture":"#4","tintindex":0}}},{"from":[7.82595,9.8125,5.625],"to":[8.17405,9.9375,10.625],"rotation":{"angle":-45,"axis":"z","origin":[8,9.0625,6.125]},"faces":{"north":{"uv":[8.5,1,8.5625,1.0625],"texture":"#4","tintindex":0},"south":{"uv":[8.5,1.75,8.5625,1.8125],"texture":"#4","tintindex":0},"up":{"uv":[1.9375,3.25,1.875,2.625],"texture":"#4","tintindex":0},"down":{"uv":[2.6875,2.25,2.625,2.875],"texture":"#4","tintindex":0}}},{"from":[7.82595,9.8125,5.625],"to":[8.17405,9.9375,10.625],"rotation":{"angle":-22.5,"axis":"z","origin":[8,9.0625,6.125]},"faces":{"north":{"uv":[8.5,2,8.5625,2.0625],"texture":"#4","tintindex":0},"south":{"uv":[8.5,2.25,8.5625,2.3125],"texture":"#4","tintindex":0},"up":{"uv":[0.3125,3.375,0.25,2.75],"texture":"#4","tintindex":0},"down":{"uv":[1.1875,2.75,1.125,3.375],"texture":"#4","tintindex":0}}},{"from":[7.82595,9.8125,5.625],"to":[8.17405,9.9375,10.625],"rotation":{"angle":0,"axis":"y","origin":[8,9.0625,6.125]},"faces":{"north":{"uv":[8.5,3,8.5625,3.0625],"texture":"#4","tintindex":0},"south":{"uv":[8.5,3.25,8.5625,3.3125],"texture":"#4","tintindex":0},"up":{"uv":[2.1875,3.375,2.125,2.75],"texture":"#4","tintindex":0},"down":{"uv":[2.4375,2.75,2.375,3.375],"texture":"#4","tintindex":0}}},{"from":[7.82595,9.8125,5.625],"to":[8.17405,9.9375,10.625],"rotation":{"angle":22.5,"axis":"z","origin":[8,9.0625,6.125]},"faces":{"north":{"uv":[3.75,8.5,3.8125,8.5625],"texture":"#4","tintindex":0},"south":{"uv":[4,8.5,4.0625,8.5625],"texture":"#4","tintindex":0},"up":{"uv":[0.8125,3.5,0.75,2.875],"texture":"#4","tintindex":0},"down":{"uv":[0.5625,3,0.5,3.625],"texture":"#4","tintindex":0}}},{"from":[7.82595,9.8125,5.625],"to":[8.17405,9.9375,10.625],"rotation":{"angle":45,"axis":"z","origin":[8,9.0625,6.125]},"faces":{"north":{"uv":[8.5,4,8.5625,4.0625],"texture":"#4","tintindex":0},"south":{"uv":[4.25,8.5,4.3125,8.5625],"texture":"#4","tintindex":0},"up":{"uv":[2.6875,3.625,2.625,3],"texture":"#4","tintindex":0},"down":{"uv":[2.9375,3,2.875,3.625],"texture":"#4","tintindex":0}}},{"from":[7.125,8.88845,5.625],"to":[7.25,9.23655,10.625],"rotation":{"angle":-22.5,"axis":"z","origin":[8,9.0625,6.125]},"faces":{"north":{"uv":[4.5,8.5,4.5625,8.5625],"texture":"#4","tintindex":0},"east":{"uv":[3.125,3,3.75,3.0625],"texture":"#4","tintindex":0},"south":{"uv":[5,8.5,5.0625,8.5625],"texture":"#4","tintindex":0},"west":{"uv":[3.25,0.5,3.875,0.5625],"texture":"#4","tintindex":0}}},{"from":[7.125,8.88845,5.625],"to":[7.25,9.23655,10.625],"rotation":{"angle":0,"axis":"y","origin":[8,9.0625,6.125]},"faces":{"north":{"uv":[8.5,5,8.5625,5.0625],"texture":"#4","tintindex":0},"east":{"uv":[3.25,0.75,3.875,0.8125],"texture":"#4","tintindex":0},"south":{"uv":[5.25,8.5,5.3125,8.5625],"texture":"#4","tintindex":0},"west":{"uv":[3.25,1,3.875,1.0625],"texture":"#4","tintindex":0}}},{"from":[7.125,8.88845,5.625],"to":[7.25,9.23655,10.625],"rotation":{"angle":22.5,"axis":"z","origin":[8,9.0625,6.125]},"faces":{"north":{"uv":[5.5,8.5,5.5625,8.5625],"texture":"#4","tintindex":0},"east":{"uv":[3.375,2,4,2.0625],"texture":"#4","tintindex":0},"south":{"uv":[5.75,8.5,5.8125,8.5625],"texture":"#4","tintindex":0},"west":{"uv":[3.375,3.25,4,3.3125],"texture":"#4","tintindex":0}}},{"from":[8.75,8.88845,5.625],"to":[8.875,9.23655,10.625],"rotation":{"angle":-22.5,"axis":"z","origin":[8,9.0625,6.125]},"faces":{"north":{"uv":[6,8.5,6.0625,8.5625],"texture":"#4","tintindex":0},"east":{"uv":[3.5,1.5,4.125,1.5625],"texture":"#4","tintindex":0},"south":{"uv":[8.5,6.5,8.5625,6.5625],"texture":"#4","tintindex":0},"west":{"uv":[3.375,3.5,4,3.5625],"texture":"#4","tintindex":0}}},{"from":[8.75,8.88845,5.625],"to":[8.875,9.23655,10.625],"rotation":{"angle":0,"axis":"y","origin":[8,9.0625,6.125]},"faces":{"north":{"uv":[6.75,8.5,6.8125,8.5625],"texture":"#4","tintindex":0},"east":{"uv":[3.625,1.75,4.25,1.8125],"texture":"#4","tintindex":0},"south":{"uv":[8.5,6.75,8.5625,6.8125],"texture":"#4","tintindex":0},"west":{"uv":[3.625,2.25,4.25,2.3125],"texture":"#4","tintindex":0}}},{"from":[8.75,8.88845,5.625],"to":[8.875,9.23655,10.625],"rotation":{"angle":22.5,"axis":"z","origin":[8,9.0625,6.125]},"faces":{"north":{"uv":[7,8.5,7.0625,8.5625],"texture":"#4","tintindex":0},"east":{"uv":[3.625,2.5,4.25,2.5625],"texture":"#4","tintindex":0},"south":{"uv":[8.5,7,8.5625,7.0625],"texture":"#4","tintindex":0},"west":{"uv":[3.625,2.75,4.25,2.8125],"texture":"#4","tintindex":0}}},{"from":[7.82098,8.1625,5.9375],"to":[8.17902,8.2875,10.0625],"rotation":{"angle":-45,"axis":"z","origin":[8,9.0625,8]},"faces":{"north":{"uv":[7.25,8.5,7.3125,8.5625],"texture":"#4","tintindex":0},"south":{"uv":[8.5,7.25,8.5625,7.3125],"texture":"#4","tintindex":0},"down":{"uv":[0.0625,3.875,0,4.375],"texture":"#4","tintindex":0}}},{"from":[7.82098,8.1625,5.9375],"to":[8.17902,8.2875,10.0625],"rotation":{"angle":-22.5,"axis":"z","origin":[8,9.0625,8]},"faces":{"north":{"uv":[7.5,8.5,7.5625,8.5625],"texture":"#4","tintindex":0},"south":{"uv":[8.5,7.5,8.5625,7.5625],"texture":"#4","tintindex":0},"down":{"uv":[3.8125,4,3.75,4.5],"texture":"#4","tintindex":0}}},{"from":[7.82098,8.1625,5.9375],"to":[8.17902,8.2875,10.0625],"rotation":{"angle":0,"axis":"y","origin":[8,9.0625,8]},"faces":{"north":{"uv":[7.75,8.5,7.8125,8.5625],"texture":"#4","tintindex":0},"south":{"uv":[8.5,7.75,8.5625,7.8125],"texture":"#4","tintindex":0},"down":{"uv":[1.5625,4.125,1.5,4.625],"texture":"#4","tintindex":0}}},{"from":[7.82098,8.1625,5.9375],"to":[8.17902,8.2875,10.0625],"rotation":{"angle":22.5,"axis":"z","origin":[8,9.0625,8]},"faces":{"north":{"uv":[8,8.5,8.0625,8.5625],"texture":"#4","tintindex":0},"south":{"uv":[8.5,8,8.5625,8.0625],"texture":"#4","tintindex":0},"down":{"uv":[4.1875,3.25,4.125,3.75],"texture":"#4","tintindex":0}}},{"from":[7.82098,8.1625,5.9375],"to":[8.17902,8.2875,10.0625],"rotation":{"angle":45,"axis":"z","origin":[8,9.0625,8]},"faces":{"north":{"uv":[8.25,8.5,8.3125,8.5625],"texture":"#4","tintindex":0},"south":{"uv":[8.5,8.25,8.5625,8.3125],"texture":"#4","tintindex":0},"down":{"uv":[0.3125,4.25,0.25,4.75],"texture":"#4","tintindex":0}}},{"from":[7.82098,9.8375,5.9375],"to":[8.17902,9.9625,10.0625],"rotation":{"angle":-45,"axis":"z","origin":[8,9.0625,8]},"faces":{"north":{"uv":[8.5,8.5,8.5625,8.5625],"texture":"#4","tintindex":0},"south":{"uv":[0,8.625,0.0625,8.6875],"texture":"#4","tintindex":0},"up":{"uv":[1.0625,4.75,1,4.25],"texture":"#4","tintindex":0}}},{"from":[7.82098,9.8375,5.9375],"to":[8.17902,9.9625,10.0625],"rotation":{"angle":-22.5,"axis":"z","origin":[8,9.0625,8]},"faces":{"north":{"uv":[0.25,8.625,0.3125,8.6875],"texture":"#4","tintindex":0},"south":{"uv":[8.625,0.25,8.6875,0.3125],"texture":"#4","tintindex":0},"up":{"uv":[2.9375,4.875,2.875,4.375],"texture":"#4","tintindex":0}}},{"from":[7.82098,9.8375,5.9375],"to":[8.17902,9.9625,10.0625],"rotation":{"angle":0,"axis":"y","origin":[8,9.0625,8]},"faces":{"north":{"uv":[0.5,8.625,0.5625,8.6875],"texture":"#4","tintindex":0},"south":{"uv":[8.625,0.5,8.6875,0.5625],"texture":"#4","tintindex":0},"up":{"uv":[0.0625,5,0,4.5],"texture":"#4","tintindex":0}}},{"from":[7.82098,9.8375,5.9375],"to":[8.17902,9.9625,10.0625],"rotation":{"angle":22.5,"axis":"z","origin":[8,9.0625,8]},"faces":{"north":{"uv":[0.75,8.625,0.8125,8.6875],"texture":"#4","tintindex":0},"south":{"uv":[1,8.625,1.0625,8.6875],"texture":"#4","tintindex":0},"up":{"uv":[2.6875,5,2.625,4.5],"texture":"#4","tintindex":0}}},{"from":[7.82098,9.8375,5.9375],"to":[8.17902,9.9625,10.0625],"rotation":{"angle":45,"axis":"z","origin":[8,9.0625,8]},"faces":{"north":{"uv":[1.25,8.625,1.3125,8.6875],"texture":"#4","tintindex":0},"south":{"uv":[8.625,1.25,8.6875,1.3125],"texture":"#4","tintindex":0},"up":{"uv":[3.1875,5.125,3.125,4.625],"texture":"#4","tintindex":0}}},{"from":[7.1,8.88348,5.9375],"to":[7.225,9.24152,10.0625],"rotation":{"angle":-22.5,"axis":"z","origin":[8,9.0625,8]},"faces":{"north":{"uv":[1.5,8.625,1.5625,8.6875],"texture":"#4","tintindex":0},"south":{"uv":[8.625,1.5,8.6875,1.5625],"texture":"#4","tintindex":0},"west":{"uv":[4.625,4.375,5.125,4.4375],"texture":"#4","tintindex":0}}},{"from":[7.1,8.88348,5.9375],"to":[7.225,9.24152,10.0625],"rotation":{"angle":0,"axis":"y","origin":[8,9.0625,8]},"faces":{"north":{"uv":[1.75,8.625,1.8125,8.6875],"texture":"#4","tintindex":0},"south":{"uv":[2,8.625,2.0625,8.6875],"texture":"#4","tintindex":0},"west":{"uv":[4.75,1.125,5.25,1.1875],"texture":"#4","tintindex":0}}},{"from":[7.1,8.88348,5.9375],"to":[7.225,9.24152,10.0625],"rotation":{"angle":22.5,"axis":"z","origin":[8,9.0625,8]},"faces":{"north":{"uv":[2.25,8.625,2.3125,8.6875],"texture":"#4","tintindex":0},"south":{"uv":[2.5,8.625,2.5625,8.6875],"texture":"#4","tintindex":0},"west":{"uv":[4.75,1.875,5.25,1.9375],"texture":"#4","tintindex":0}}},{"from":[8.775,8.88348,5.9375],"to":[8.9,9.24152,10.0625],"rotation":{"angle":-22.5,"axis":"z","origin":[8,9.0625,8]},"faces":{"north":{"uv":[8.625,2.5,8.6875,2.5625],"texture":"#4","tintindex":0},"east":{"uv":[3.875,4.75,4.375,4.8125],"texture":"#4","tintindex":0},"south":{"uv":[2.75,8.625,2.8125,8.6875],"texture":"#4","tintindex":0}}},{"from":[8.775,8.88348,5.9375],"to":[8.9,9.24152,10.0625],"rotation":{"angle":0,"axis":"y","origin":[8,9.0625,8]},"faces":{"north":{"uv":[8.625,2.75,8.6875,2.8125],"texture":"#4","tintindex":0},"east":{"uv":[4.875,0.5,5.375,0.5625],"texture":"#4","tintindex":0},"south":{"uv":[3,8.625,3.0625,8.6875],"texture":"#4","tintindex":0}}},{"from":[8.775,8.88348,5.9375],"to":[8.9,9.24152,10.0625],"rotation":{"angle":22.5,"axis":"z","origin":[8,9.0625,8]},"faces":{"north":{"uv":[3.25,8.625,3.3125,8.6875],"texture":"#4","tintindex":0},"east":{"uv":[5,1.625,5.5,1.6875],"texture":"#4","tintindex":0},"south":{"uv":[3.5,8.625,3.5625,8.6875],"texture":"#4","tintindex":0}}},{"from":[9,8.80454,7.6875],"to":[9.01562,9.32954,9.5375],"rotation":{"angle":0,"axis":"y","origin":[7.9875,9.0625,7.8125]},"faces":{"north":{"uv":[0,0,0,0.5],"texture":"#2"},"east":{"uv":[0,5.96875,16,9.96875],"texture":"#2"},"south":{"uv":[0,0,0,0.5],"texture":"#2"},"up":{"uv":[0,0,0,1.5],"texture":"#2"},"down":{"uv":[0,0,0,1.5],"texture":"#2"}}}],"display":{"thirdperson_righthand":{"translation":[0,0.5,0.75],"scale":[0.55,0.55,0.55]},"thirdperson_lefthand":{"translation":[0,0.5,0.75],"scale":[0.55,0.55,0.55]},"firstperson_righthand":{"translation":[-1,3,2],"scale":[1.15,1.15,1.15]},"firstperson_lefthand":{"translation":[-1,3,2],"scale":[1.15,1.15,1.15]},"ground":{"translation":[0,5,0],"scale":[1.5,1.5,1.5]},"gui":{"rotation":[30,-145,0],"translation":[0,-1.75,0],"scale":[2.75,2.75,2.75]},"fixed":{"rotation":[0,90,0],"translation":[-1,-0.25,-2],"scale":[1.1,1.1,1.1]}},"groups":[{"name":"slx_2x","origin":[8,8,8],"color":0,"nbt":"{}","children":[{"name":"base","origin":[7.5,4.4375,-5.875],"color":0,"nbt":"{}","children":[0,1,2,3,4,5,6,7,8,9,10,11,12,{"name":"group","origin":[8,7.25,7.875],"color":0,"nbt":"{}","children":[13,14,15,16]},17,18,19,20,21,22,23,24,25]},{"name":"knobs","origin":[8,8,8],"color":0,"nbt":"{}","children":[{"name":"octagon","origin":[8,8,8],"color":0,"nbt":"{}","children":[26,27,28,29]},{"name":"octagon","origin":[8,8,8],"color":0,"nbt":"{}","children":[30,31,32,33,34,35,36,37]},{"name":"octagon","origin":[8,8,8],"color":0,"nbt":"{}","children":[38,39,40,41,42,43,44,45]},{"name":"octagon","origin":[8,8,8],"color":0,"nbt":"{}","children":[46,47,48,49,50,51,52,53]}]},{"name":"shell","origin":[8,8,8],"color":0,"nbt":"{}","children":[54,55,56,57,58,59,60,61,62,63,64,65,66,67,68,69,70,71,72,73,74,75,76,77,78,79,80,81,82,83,84,85,86,87,88,89,90,91,92,93,94,95,96,97,98,{"name":"group","origin":[9.1875,9.0625,6.9375],"color":0,"nbt":"{}","children":[99,100,101,102]},{"name":"group","origin":[6.96875,9.0625,8.875],"color":0,"nbt":"{}","children":[103,104,105,106]},{"name":"group","origin":[8,10.26563,6.9375],"color":0,"nbt":"{}","children":[107,108,109,110]}]},{"name":"scope_inner","origin":[8,8,8],"color":0,"nbt":"{}","children":[{"name":"hexadecagon","origin":[8,8,8],"color":0,"nbt":"{}","children":[111,112,113,114,115,116,117,118,119,120,121,122,123,124,125,126]},{"name":"hexadecagon","origin":[8,8,8],"color":0,"nbt":"{}","children":[127,128,129,130,131,132,133,134,135,136,137,138,139,140,141,142]}]},143]}]}