{"credit":"Made with Blockbench","texture_size":[32,32],"textures":{"1":"tac:items/sro_mini_dot","2":"tac:items/raythean","particle":"tac:items/sro_glass"},"elements":[{"from":[8.58053,8.14924,6.88222],"to":[8.68664,8.39893,7.33166],"rotation":{"angle":0,"axis":"y","origin":[7.32435,6.11279,9.22928]},"faces":{"north":{"uv":[9.5,2.5,10,3],"texture":"#1","tintindex":0},"east":{"uv":[6.5,9.5,7,10],"texture":"#1","tintindex":0},"south":{"uv":[7.5,9.5,8,10],"texture":"#1","tintindex":0}}},{"from":[8.50829,8.17788,6.90719],"to":[8.5832,8.27775,7.33166],"rotation":{"angle":0,"axis":"y","origin":[7.32435,6.11279,9.22928]},"faces":{"north":{"uv":[9.5,7.5,10,8],"texture":"#1","tintindex":0},"south":{"uv":[8.5,9.5,9,10],"texture":"#1","tintindex":0},"west":{"uv":[9.5,8.5,10,9],"texture":"#1","tintindex":0}}},{"from":[8.38345,8.00739,6.88222],"to":[8.6581,8.1572,7.03203],"rotation":{"angle":45,"axis":"z","origin":[8.50829,8.10726,7.25675]},"faces":{"north":{"uv":[9.5,9.5,10,10],"texture":"#1","tintindex":0},"south":{"uv":[0,10,0.5,10.5],"texture":"#1","tintindex":0},"up":{"uv":[10.5,0.5,10,0],"texture":"#1","tintindex":0}}},{"from":[8.53263,8.07542,6.98209],"to":[8.63875,8.21899,7.33166],"rotation":{"angle":45,"axis":"z","origin":[8.57009,8.16905,7.11942]},"faces":{"north":{"uv":[10,3.5,10.5,4],"texture":"#1","tintindex":0},"south":{"uv":[4,10,4.5,10.5],"texture":"#1","tintindex":0},"west":{"uv":[10,4.5,10.5,5],"texture":"#1","tintindex":0}}},{"from":[7.41681,8.17788,6.90719],"to":[7.49172,8.27775,7.33166],"rotation":{"angle":0,"axis":"y","origin":[8.67566,6.11279,9.22928]},"faces":{"north":{"uv":[5,10,5.5,10.5],"texture":"#1","tintindex":0},"east":{"uv":[1,10.5,1.5,11],"texture":"#1","tintindex":0},"south":{"uv":[10.5,1,11,1.5],"texture":"#1","tintindex":0}}},{"from":[7.31336,8.14924,6.88222],"to":[7.41948,8.39893,7.33166],"rotation":{"angle":0,"axis":"y","origin":[8.67566,6.11279,9.22928]},"faces":{"north":{"uv":[2,10.5,2.5,11],"texture":"#1","tintindex":0},"south":{"uv":[10.5,2,11,2.5],"texture":"#1","tintindex":0},"west":{"uv":[3,10.5,3.5,11],"texture":"#1","tintindex":0}}},{"from":[7.36126,8.07542,6.98209],"to":[7.46737,8.21899,7.33166],"rotation":{"angle":-45,"axis":"z","origin":[7.42992,8.16905,7.11942]},"faces":{"north":{"uv":[10.5,5.5,11,6],"texture":"#1","tintindex":0},"east":{"uv":[6,10.5,6.5,11],"texture":"#1","tintindex":0},"south":{"uv":[10.5,6.5,11,7],"texture":"#1","tintindex":0}}},{"from":[7.3419,8.00739,6.88222],"to":[7.61656,8.1572,7.03203],"rotation":{"angle":-45,"axis":"z","origin":[7.49172,8.10726,7.25675]},"faces":{"north":{"uv":[7,10.5,7.5,11],"texture":"#1","tintindex":0},"south":{"uv":[10.5,7.5,11,8],"texture":"#1","tintindex":0},"up":{"uv":[8.5,11,8,10.5],"texture":"#1","tintindex":0}}},{"from":[8.6055,7.72477,6.88222],"to":[8.66167,8.14924,8.10569],"rotation":{"angle":0,"axis":"y","origin":[7.32435,6.11279,9.22928]},"faces":{"north":{"uv":[10.5,8.5,11,9],"texture":"#1","tintindex":0},"east":{"uv":[2,0,3.5,0.5],"texture":"#1","tintindex":0},"west":{"uv":[2,1,3.5,1.5],"texture":"#1","tintindex":0},"up":{"uv":[2.5,3.5,2,2],"texture":"#1","tintindex":0},"down":{"uv":[3.5,2,3,3.5],"texture":"#1","tintindex":0}}},{"from":[7.33833,7.72477,6.88222],"to":[7.39451,8.14924,8.10569],"rotation":{"angle":0,"axis":"y","origin":[8.67566,6.11279,9.22928]},"faces":{"north":{"uv":[9,10.5,9.5,11],"texture":"#1","tintindex":0},"east":{"uv":[0,4,1.5,4.5],"texture":"#1","tintindex":0},"west":{"uv":[4,0,5.5,0.5],"texture":"#1","tintindex":0},"up":{"uv":[4.5,2.5,4,1],"texture":"#1","tintindex":0},"down":{"uv":[2.5,4,2,5.5],"texture":"#1","tintindex":0}}},{"from":[7.28839,7.87458,7.15688],"to":[7.36954,8.14924,7.43153],"rotation":{"angle":-45,"axis":"x","origin":[7.32897,8.04936,7.25675]},"faces":{"north":{"uv":[10.5,9.5,11,10],"texture":"#1"},"east":{"uv":[10,10.5,10.5,11],"texture":"#1"},"south":{"uv":[0,11,0.5,11.5],"texture":"#1"},"west":{"uv":[11,0,11.5,0.5],"texture":"#1"},"up":{"uv":[11.5,3.5,11,3],"texture":"#1"},"down":{"uv":[4.5,11,4,11.5],"texture":"#1"}}},{"from":[8.63047,7.87458,7.15688],"to":[8.71161,8.14924,7.43153],"rotation":{"angle":-45,"axis":"x","origin":[8.67104,8.04936,7.25675]},"faces":{"north":{"uv":[11,4,11.5,4.5],"texture":"#1"},"east":{"uv":[5,11,5.5,11.5],"texture":"#1"},"south":{"uv":[11,10.5,11.5,11],"texture":"#1"},"west":{"uv":[1,11.5,1.5,12],"texture":"#1"},"up":{"uv":[12,1.5,11.5,1],"texture":"#1"},"down":{"uv":[2.5,11.5,2,12],"texture":"#1"}}},{"from":[8.63047,7.78095,8.08072],"to":[8.71161,8.00567,8.30544],"rotation":{"angle":-45,"axis":"x","origin":[8.67104,7.93077,8.15563]},"faces":{"north":{"uv":[11.5,2,12,2.5],"texture":"#1"},"east":{"uv":[3,11.5,3.5,12],"texture":"#1"},"south":{"uv":[11.5,5,12,5.5],"texture":"#1"},"west":{"uv":[6,11.5,6.5,12],"texture":"#1"},"up":{"uv":[12,6.5,11.5,6],"texture":"#1"},"down":{"uv":[7.5,11.5,7,12],"texture":"#1"}}},{"from":[7.31336,7.83089,8.13066],"to":[7.39451,7.95573,8.2555],"rotation":{"angle":-45,"axis":"x","origin":[7.35394,7.93077,8.15563]},"faces":{"north":{"uv":[11.5,7,12,7.5],"texture":"#1"},"east":{"uv":[8,11.5,8.5,12],"texture":"#1"},"south":{"uv":[11.5,8,12,8.5],"texture":"#1"},"west":{"uv":[9,11.5,9.5,12],"texture":"#1"},"up":{"uv":[12,9.5,11.5,9],"texture":"#1"},"down":{"uv":[10.5,11.5,10,12],"texture":"#1"}}},{"from":[7.38827,7.72477,6.88222],"to":[8.61174,8.07433,8.10569],"rotation":{"angle":0,"axis":"y","origin":[7.32435,6.11279,9.22928]},"faces":{"north":{"uv":[3,4,4.5,4.5],"texture":"#1"},"up":{"uv":[1.5,1.5,0,0],"texture":"#1"},"down":{"uv":[1.5,2,0,3.5],"texture":"#1"}}},{"from":[7.48814,7.72477,8.48022],"to":[8.51186,8.14924,8.63003],"rotation":{"angle":0,"axis":"y","origin":[8.67566,6.11279,9.22928]},"faces":{"south":{"uv":[4,3,5.5,3.5],"texture":"#1","tintindex":0},"up":{"uv":[1.5,5.5,0,5],"texture":"#1","tintindex":0},"down":{"uv":[6.5,1,5,1.5],"texture":"#1","tintindex":0}}},{"from":[8.30469,7.72477,8.11115],"to":[8.51656,8.14924,8.22975],"rotation":{"angle":45,"axis":"y","origin":[8.89146,7.99943,8.17981]},"faces":{"south":{"uv":[11,11.5,11.5,12],"texture":"#1","tintindex":0},"up":{"uv":[0.5,12.5,0,12],"texture":"#1","tintindex":0},"down":{"uv":[12.5,0,12,0.5],"texture":"#1","tintindex":0}}},{"from":[7.48345,7.72477,8.11115],"to":[7.69532,8.14924,8.22975],"rotation":{"angle":-45,"axis":"y","origin":[7.10855,7.99943,8.17981]},"faces":{"south":{"uv":[12,3,12.5,3.5],"texture":"#1","tintindex":0},"up":{"uv":[4.5,12.5,4,12],"texture":"#1","tintindex":0},"down":{"uv":[12.5,4,12,4.5],"texture":"#1","tintindex":0}}},{"from":[8.36087,8.0244,7.73038],"to":[8.5146,8.14924,7.80528],"rotation":{"angle":45,"axis":"y","origin":[8.89146,7.99943,7.75535]},"faces":{"north":{"uv":[5,12,5.5,12.5],"texture":"#1","tintindex":0},"up":{"uv":[12.5,10.5,12,10],"texture":"#1","tintindex":0},"down":{"uv":[12.5,11,12,11.5],"texture":"#1","tintindex":0}}},{"from":[7.48541,8.0244,7.73038],"to":[7.63913,8.14924,7.80528],"rotation":{"angle":-45,"axis":"y","origin":[7.10855,7.99943,7.75535]},"faces":{"north":{"uv":[12,12,12.5,12.5],"texture":"#1","tintindex":0},"up":{"uv":[1.5,13,1,12.5],"texture":"#1","tintindex":0},"down":{"uv":[13,1,12.5,1.5],"texture":"#1","tintindex":0}}},{"from":[7.33833,7.72477,8.10569],"to":[8.66167,8.14924,8.48022],"rotation":{"angle":0,"axis":"y","origin":[8.67566,6.11279,9.22928]},"faces":{"north":{"uv":[5,2,6.5,2.5],"texture":"#1","tintindex":0},"east":{"uv":[2,12.5,2.5,13],"texture":"#1","tintindex":0},"west":{"uv":[12.5,2,13,2.5],"texture":"#1","tintindex":0},"up":{"uv":[4.5,5.5,3,5],"texture":"#1","tintindex":0},"down":{"uv":[6.5,4,5,4.5],"texture":"#1","tintindex":0}}},{"from":[7.72675,8.12427,7.856],"to":[8.02638,8.19918,8.15563],"rotation":{"angle":45,"axis":"y","origin":[8.38842,7.98694,8.04327]},"faces":{"north":{"uv":[3,12.5,3.5,13],"texture":"#1"},"east":{"uv":[12.5,5,13,5.5],"texture":"#1"},"south":{"uv":[6,12.5,6.5,13],"texture":"#1"},"west":{"uv":[12.5,6,13,6.5],"texture":"#1"},"up":{"uv":[7.5,13,7,12.5],"texture":"#1"},"down":{"uv":[13,7,12.5,7.5],"texture":"#1"}}},{"from":[8.08746,8.06673,6.60756],"to":[8.31068,8.14663,6.90719],"rotation":{"angle":22.5,"axis":"z","origin":[8.29894,8.75337,6.70744]},"faces":{"north":{"uv":[8,12.5,8.5,13],"texture":"#1","tintindex":0},"south":{"uv":[12.5,8,13,8.5],"texture":"#1","tintindex":0},"down":{"uv":[9.5,12.5,9,13],"texture":"#1","tintindex":0}}},{"from":[7.63369,8.03807,6.60756],"to":[8.36632,8.11797,6.90719],"rotation":{"angle":0,"axis":"y","origin":[8.25471,8.72471,6.70744]},"faces":{"north":{"uv":[5,5,6,5.5],"texture":"#1","tintindex":0},"south":{"uv":[0,6,1,6.5],"texture":"#1","tintindex":0},"down":{"uv":[7,0,6,0.5],"texture":"#1","tintindex":0}}},{"from":[7.57229,8.11797,6.60756],"to":[8.42772,8.19287,6.90719],"rotation":{"angle":0,"axis":"y","origin":[8.24119,8.72471,6.70744]},"faces":{"north":{"uv":[1.5,6,2.5,6.5],"texture":"#1","tintindex":0},"south":{"uv":[3,6,4,6.5],"texture":"#1","tintindex":0},"up":{"uv":[7,3.5,6,3],"texture":"#1","tintindex":0}}},{"from":[7.86342,9.24362,6.60756],"to":[8.13658,9.32352,7.33166],"rotation":{"angle":45,"axis":"z","origin":[8,8.63688,6.70744]},"faces":{"north":{"uv":[12.5,9,13,9.5],"texture":"#1","tintindex":0},"south":{"uv":[10,12.5,10.5,13],"texture":"#1","tintindex":0},"up":{"uv":[5,7,4.5,6],"texture":"#1","tintindex":0},"down":{"uv":[6,6,5.5,7],"texture":"#1","tintindex":0}}},{"from":[7.86342,9.24362,6.60756],"to":[8.13658,9.32352,7.33166],"rotation":{"angle":22.5,"axis":"z","origin":[8,8.63688,6.70744]},"faces":{"north":{"uv":[11,12.5,11.5,13],"texture":"#1","tintindex":0},"south":{"uv":[0,13,0.5,13.5],"texture":"#1","tintindex":0},"up":{"uv":[7,6,6.5,5],"texture":"#1","tintindex":0},"down":{"uv":[7,6.5,6.5,7.5],"texture":"#1","tintindex":0}}},{"from":[7.86342,9.24362,6.60756],"to":[8.13658,9.32352,7.33166],"rotation":{"angle":0,"axis":"y","origin":[8,8.63688,6.70744]},"faces":{"north":{"uv":[13,0,13.5,0.5],"texture":"#1","tintindex":0},"south":{"uv":[13,3,13.5,3.5],"texture":"#1","tintindex":0},"up":{"uv":[0.5,8,0,7],"texture":"#1","tintindex":0},"down":{"uv":[1.5,7,1,8],"texture":"#1","tintindex":0}}},{"from":[7.86342,9.24362,6.60756],"to":[8.13658,9.32352,7.33166],"rotation":{"angle":-22.5,"axis":"z","origin":[8,8.63688,6.70744]},"faces":{"north":{"uv":[4,13,4.5,13.5],"texture":"#1","tintindex":0},"south":{"uv":[13,4,13.5,4.5],"texture":"#1","tintindex":0},"up":{"uv":[7.5,2,7,1],"texture":"#1","tintindex":0},"down":{"uv":[2.5,7,2,8],"texture":"#1","tintindex":0}}},{"from":[7.86342,9.24362,6.60756],"to":[8.13658,9.32352,7.33166],"rotation":{"angle":-45,"axis":"z","origin":[8,8.63688,6.70744]},"faces":{"north":{"uv":[5,13,5.5,13.5],"texture":"#1","tintindex":0},"south":{"uv":[13,10,13.5,10.5],"texture":"#1","tintindex":0},"up":{"uv":[3.5,8,3,7],"texture":"#1","tintindex":0},"down":{"uv":[8,2.5,7.5,3.5],"texture":"#1","tintindex":0}}},{"from":[8.60674,8.5003,6.60756],"to":[8.68664,8.77346,7.33166],"rotation":{"angle":22.5,"axis":"z","origin":[8,8.63688,6.70744]},"faces":{"north":{"uv":[13,11,13.5,11.5],"texture":"#1","tintindex":0},"east":{"uv":[7,4,8,4.5],"texture":"#1","tintindex":0},"south":{"uv":[12,13,12.5,13.5],"texture":"#1","tintindex":0},"west":{"uv":[7.5,0,8.5,0.5],"texture":"#1","tintindex":0}}},{"from":[8.60674,8.39893,6.60756],"to":[8.68664,8.77346,7.33166],"rotation":{"angle":0,"axis":"y","origin":[8,8.63688,6.70744]},"faces":{"north":{"uv":[13,12,13.5,12.5],"texture":"#1","tintindex":0},"east":{"uv":[4,7.5,5,8],"texture":"#1","tintindex":0},"west":{"uv":[7.5,5,8.5,5.5],"texture":"#1","tintindex":0}}},{"from":[8.66167,7.72477,6.88222],"to":[8.68664,8.15062,7.58965],"rotation":{"angle":0,"axis":"y","origin":[8.64669,8.58619,6.91967]},"faces":{"north":{"uv":[13,13,13.5,13.5],"texture":"#1","tintindex":0},"east":{"uv":[7.5,6,8.5,6.5],"texture":"#1","tintindex":0},"south":{"uv":[1,13.5,1.5,14],"texture":"#1","tintindex":0},"west":{"uv":[7.5,7,8.5,7.5],"texture":"#1","tintindex":0},"down":{"uv":[6,7.5,5.5,8.5],"texture":"#1","tintindex":0}}},{"from":[8.60674,7.92739,7.14724],"to":[8.68664,8.60155,7.37196],"rotation":{"angle":-22.5,"axis":"x","origin":[8.64669,8.58619,6.91967]},"faces":{"north":{"uv":[8,1,8.5,2],"texture":"#1","tintindex":0},"east":{"uv":[6.5,8,7,9],"texture":"#1","tintindex":0},"south":{"uv":[7.5,8,8,9],"texture":"#1","tintindex":0},"west":{"uv":[0,8.5,0.5,9.5],"texture":"#1","tintindex":0}}},{"from":[8.60674,8.37776,7.35009],"to":[8.66167,8.52757,7.87443],"rotation":{"angle":45,"axis":"x","origin":[8.64669,8.40273,7.35009]},"faces":{"east":{"uv":[13.5,1,14,1.5],"texture":"#1","tintindex":0},"west":{"uv":[2,13.5,2.5,14],"texture":"#1","tintindex":0},"up":{"uv":[14,2.5,13.5,2],"texture":"#1","tintindex":0}}},{"from":[8.60674,8.23651,7.56196],"to":[8.66167,8.33639,8.03636],"rotation":{"angle":22.5,"axis":"x","origin":[8.64669,8.26148,7.56196]},"faces":{"east":{"uv":[3,13.5,3.5,14],"texture":"#1","tintindex":0},"west":{"uv":[13.5,5,14,5.5],"texture":"#1","tintindex":0},"up":{"uv":[6.5,14,6,13.5],"texture":"#1","tintindex":0}}},{"from":[7.31336,7.72477,6.88222],"to":[7.33833,8.15062,7.58965],"rotation":{"angle":0,"axis":"y","origin":[7.35331,8.58619,6.91967]},"faces":{"north":{"uv":[13.5,6,14,6.5],"texture":"#1","tintindex":0},"east":{"uv":[1,8.5,2,9],"texture":"#1","tintindex":0},"south":{"uv":[7,13.5,7.5,14],"texture":"#1","tintindex":0},"west":{"uv":[2.5,8.5,3.5,9],"texture":"#1","tintindex":0},"down":{"uv":[9,2.5,8.5,3.5],"texture":"#1","tintindex":0}}},{"from":[7.31336,7.92739,7.14724],"to":[7.39326,8.60155,7.37196],"rotation":{"angle":-22.5,"axis":"x","origin":[7.35331,8.58619,6.91967]},"faces":{"north":{"uv":[4,8.5,4.5,9.5],"texture":"#1","tintindex":0},"east":{"uv":[8.5,8,9,9],"texture":"#1","tintindex":0},"south":{"uv":[9,0,9.5,1],"texture":"#1","tintindex":0},"west":{"uv":[9,4,9.5,5],"texture":"#1","tintindex":0}}},{"from":[7.33833,8.37776,7.35009],"to":[7.39326,8.52757,7.87443],"rotation":{"angle":45,"axis":"x","origin":[7.35331,8.40273,7.35009]},"faces":{"east":{"uv":[13.5,7,14,7.5],"texture":"#1","tintindex":0},"west":{"uv":[8,13.5,8.5,14],"texture":"#1","tintindex":0},"up":{"uv":[14,8.5,13.5,8],"texture":"#1","tintindex":0}}},{"from":[7.33833,8.23651,7.56196],"to":[7.39326,8.33639,8.03636],"rotation":{"angle":22.5,"axis":"x","origin":[7.35331,8.26148,7.56196]},"faces":{"east":{"uv":[9,13.5,9.5,14],"texture":"#1","tintindex":0},"west":{"uv":[13.5,9,14,9.5],"texture":"#1","tintindex":0},"up":{"uv":[10.5,14,10,13.5],"texture":"#1","tintindex":0}}},{"from":[8.60674,8.37396,6.60756],"to":[8.68664,8.67209,6.90719],"rotation":{"angle":-22.5,"axis":"z","origin":[8,8.53551,6.70744]},"faces":{"north":{"uv":[11,13.5,11.5,14],"texture":"#1","tintindex":0},"east":{"uv":[0,14,0.5,14.5],"texture":"#1","tintindex":0},"south":{"uv":[14,0,14.5,0.5],"texture":"#1","tintindex":0}}},{"from":[7.68932,8.06673,6.60756],"to":[7.91255,8.14663,6.90719],"rotation":{"angle":-22.5,"axis":"z","origin":[7.70106,8.75337,6.70744]},"faces":{"north":{"uv":[14,3,14.5,3.5],"texture":"#1","tintindex":0},"south":{"uv":[4,14,4.5,14.5],"texture":"#1","tintindex":0},"down":{"uv":[14.5,4,14,4.5],"texture":"#1","tintindex":0}}},{"from":[7.31336,8.37396,6.60756],"to":[7.39326,8.67209,6.90719],"rotation":{"angle":22.5,"axis":"z","origin":[8,8.53551,6.70744]},"faces":{"north":{"uv":[5,14,5.5,14.5],"texture":"#1","tintindex":0},"south":{"uv":[14,10,14.5,10.5],"texture":"#1","tintindex":0},"west":{"uv":[14,11,14.5,11.5],"texture":"#1","tintindex":0}}},{"from":[7.31336,8.39893,6.60756],"to":[7.39326,8.77346,7.33166],"rotation":{"angle":0,"axis":"y","origin":[8,8.63688,6.70744]},"faces":{"north":{"uv":[12,14,12.5,14.5],"texture":"#1","tintindex":0},"east":{"uv":[9,1.5,10,2],"texture":"#1","tintindex":0},"west":{"uv":[5,9,6,9.5],"texture":"#1","tintindex":0}}},{"from":[7.31336,8.5003,6.60756],"to":[7.39326,8.77346,7.33166],"rotation":{"angle":-22.5,"axis":"z","origin":[8,8.63688,6.70744]},"faces":{"north":{"uv":[14,12,14.5,12.5],"texture":"#1","tintindex":0},"east":{"uv":[9,5.5,10,6],"texture":"#1","tintindex":0},"south":{"uv":[13,14,13.5,14.5],"texture":"#1","tintindex":0},"west":{"uv":[9,6.5,10,7],"texture":"#1","tintindex":0}}},{"from":[7.90712,7.94949,6.60756],"to":[8.13658,8.02939,6.90719],"rotation":{"angle":45,"axis":"z","origin":[8,8.63613,6.70744]},"faces":{"north":{"uv":[14,13,14.5,13.5],"texture":"#1","tintindex":0},"south":{"uv":[14,14,14.5,14.5],"texture":"#1","tintindex":0},"up":{"uv":[1.5,15,1,14.5],"texture":"#1","tintindex":0}}},{"from":[8.60674,8.49955,6.60756],"to":[8.6804,8.77271,7.33166],"rotation":{"angle":-22.5,"axis":"z","origin":[8,8.63613,6.70744]},"faces":{"north":{"uv":[14.5,1,15,1.5],"texture":"#1","tintindex":0},"south":{"uv":[2,14.5,2.5,15],"texture":"#1","tintindex":0},"west":{"uv":[1,9.5,2,10],"texture":"#1","tintindex":0}}},{"from":[7.86342,7.94949,6.60756],"to":[8.09289,8.02939,6.90719],"rotation":{"angle":-45,"axis":"z","origin":[8,8.63613,6.70744]},"faces":{"north":{"uv":[14.5,2,15,2.5],"texture":"#1","tintindex":0},"south":{"uv":[3,14.5,3.5,15],"texture":"#1","tintindex":0},"up":{"uv":[15,5.5,14.5,5],"texture":"#1","tintindex":0}}},{"from":[7.31961,8.49955,6.60756],"to":[7.39326,8.77271,7.33166],"rotation":{"angle":22.5,"axis":"z","origin":[8,8.63613,6.70744]},"faces":{"north":{"uv":[6,14.5,6.5,15],"texture":"#1","tintindex":0},"east":{"uv":[2.5,9.5,3.5,10],"texture":"#1","tintindex":0},"south":{"uv":[14.5,6,15,6.5],"texture":"#1","tintindex":0}}},{"from":[7.30712,8.27408,6.68247],"to":[7.30712,8.87333,7.28172],"rotation":{"angle":0,"axis":"y","origin":[7.80025,7.92452,7.63128]},"faces":{"west":{"uv":[0,0,16,16],"texture":"#2"}}},{"from":[8.69289,8.27408,6.68247],"to":[8.69289,8.87333,7.28172],"rotation":{"angle":0,"axis":"y","origin":[8.19975,7.92452,7.63128]},"faces":{"east":{"uv":[0,0,16,16],"texture":"#2"}}}],"display":{"thirdperson_righthand":{"rotation":[0,45,0],"translation":[0,0.75,0]},"thirdperson_lefthand":{"rotation":[0,45,0],"translation":[0,0.75,0]},"firstperson_righthand":{"translation":[-2,3.75,4.25]},"firstperson_lefthand":{"translation":[-2,3.75,4.25]},"ground":{"translation":[0,-1.25,0],"scale":[1.5,1.5,1.5]},"gui":{"rotation":[25,-145,0],"scale":[4,4,4]},"fixed":{"rotation":[0,90,0],"translation":[0,0,-1.5],"scale":[2,2,2]}},"groups":[{"name":"rijicon SRO® Red Dot Sight","origin":[8,8,8],"color":0,"nbt":"{}","children":[0,1,2,3,4,5,6,7,8,9,10,11,12,13,14,15,16,17,18,19,20,21,{"name":"hexadecagon","origin":[8,8,8],"color":0,"nbt":"{}","children":[22,23,24,25,26,27,28,29,30,31,32,33,34,35,36,37,38,39,40,41,42,43,44]},{"name":"hexadecagon","origin":[8,8,8],"color":0,"nbt":"{}","children":[45,46,47,48]}]},49,50,{"name":"glass","origin":[8,8,8],"color":0,"nbt":"{}","children":[]}]}