{"credit":"Made with Blockbench","texture_size":[64,64],"textures":{"6":"tac:items/raythean","8":"tac:items/srs_uv"},"elements":[{"from":[7.53401,10,6.625],"to":[8.46599,10.1875,8.25],"rotation":{"angle":45,"axis":"z","origin":[8,9.0625,7.125]},"faces":{"north":{"uv":[3,5,3.25,5.125],"texture":"#8"},"south":{"uv":[5.5,1.5,5.75,1.625],"texture":"#8"},"up":{"uv":[0.25,3.625,0,3.25],"texture":"#8"}}},{"from":[6.875,9.15901,6.625],"to":[7.0625,9.52849,8.25],"rotation":{"angle":0,"axis":"y","origin":[8,9.0625,7.125]},"faces":{"north":{"uv":[6.5,8,6.625,8.125],"texture":"#8"},"south":{"uv":[8,6.5,8.125,6.625],"texture":"#8"},"west":{"uv":[4.75,4.25,5.125,4.375],"texture":"#8"}}},{"from":[7.53401,10,6.625],"to":[8.46599,10.1875,8.25],"rotation":{"angle":0,"axis":"y","origin":[8,9.0625,7.125]},"faces":{"north":{"uv":[5.5,2,5.75,2.125],"texture":"#8"},"south":{"uv":[3,5.5,3.25,5.625],"texture":"#8"},"up":{"uv":[0.75,3.625,0.5,3.25],"texture":"#8"}}},{"from":[8.9375,8.59651,6.625],"to":[9.125,9.52849,8.25],"rotation":{"angle":45,"axis":"z","origin":[8,9.0625,7.125]},"faces":{"north":{"uv":[3.5,5.5,3.625,5.75],"texture":"#8"},"east":{"uv":[3.25,1,3.625,1.25],"texture":"#8"},"south":{"uv":[4,5.5,4.125,5.75],"texture":"#8"}}},{"from":[6.875,9.00498,7.85669],"to":[7.0625,9.25498,8.21025],"rotation":{"angle":-45,"axis":"x","origin":[6.96875,9.12998,8.04419]},"faces":{"west":{"uv":[8,7,8.125,7.125],"texture":"#8"},"down":{"uv":[7.625,8,7.5,8.125],"texture":"#8"}}},{"from":[8.9375,8.90901,6.875],"to":[9.125,9.15901,8],"rotation":{"angle":0,"axis":"y","origin":[8,8.8125,7.125]},"faces":{"east":{"uv":[5.5,4,5.75,4.125],"texture":"#8"},"down":{"uv":[5.625,4.5,5.5,4.75],"texture":"#8"}}},{"from":[8.9375,8.9974,6.66161],"to":[9.125,9.2474,7.01517],"rotation":{"angle":45,"axis":"x","origin":[9.03125,9.1224,6.83839]},"faces":{"east":{"uv":[8,7.5,8.125,7.625],"texture":"#8"},"down":{"uv":[8.375,1,8.25,1.125],"texture":"#8"}}},{"from":[8.9375,9.00498,7.85669],"to":[9.125,9.25498,8.21025],"rotation":{"angle":-45,"axis":"x","origin":[9.03125,9.12998,8.04419]},"faces":{"east":{"uv":[1.5,8.25,1.625,8.375],"texture":"#8"},"down":{"uv":[2.625,8.25,2.5,8.375],"texture":"#8"}}},{"from":[6.875,8.9974,6.66161],"to":[7.0625,9.2474,7.01517],"rotation":{"angle":45,"axis":"x","origin":[6.96875,9.1224,6.83839]},"faces":{"west":{"uv":[5,8.25,5.125,8.375],"texture":"#8"},"down":{"uv":[0.125,8.5,0,8.625],"texture":"#8"}}},{"from":[6.875,8.90901,6.875],"to":[7.0625,9.15901,8],"rotation":{"angle":0,"axis":"y","origin":[8,8.8125,7.125]},"faces":{"west":{"uv":[5.5,5,5.75,5.125],"texture":"#8"},"down":{"uv":[5.625,5.5,5.5,5.75],"texture":"#8"}}},{"from":[8.9375,9.15901,6.625],"to":[9.125,9.52849,8.25],"rotation":{"angle":0,"axis":"y","origin":[8,9.0625,7.125]},"faces":{"north":{"uv":[8.5,0,8.625,0.125],"texture":"#8"},"east":{"uv":[4.75,4.75,5.125,4.875],"texture":"#8"},"south":{"uv":[0.5,8.5,0.625,8.625],"texture":"#8"}}},{"from":[9,7.07813,7.4375],"to":[9.25,7.48438,8.0625],"rotation":{"angle":0,"axis":"y","origin":[8.75,7.6875,8.625]},"faces":{"north":{"uv":[5.5,8.5,5.625,8.625],"texture":"#8"},"east":{"uv":[8.5,5.5,8.625,5.625],"texture":"#8"},"south":{"uv":[6,8.5,6.125,8.625],"texture":"#8"},"up":{"uv":[8.625,6.125,8.5,6],"texture":"#8"},"down":{"uv":[6.625,8.5,6.5,8.625],"texture":"#8"}}},{"from":[9.125,7.07813,8.0625],"to":[9.25,7.48438,9.75],"rotation":{"angle":0,"axis":"y","origin":[8.875,7.6875,8.625]},"faces":{"east":{"uv":[0,5,0.375,5.125],"texture":"#8"},"south":{"uv":[8.5,5,8.625,5.125],"texture":"#8"},"west":{"uv":[0.75,5,1.125,5.125],"texture":"#8"},"up":{"uv":[5.125,1.375,5,1],"texture":"#8"},"down":{"uv":[5.125,1.75,5,2.125],"texture":"#8"}}},{"from":[8.875,7,7.1875],"to":[9,7.5625,9.0625],"rotation":{"angle":0,"axis":"y","origin":[8.5,7.625,8.625]},"faces":{"east":{"uv":[4,3.25,4.5,3.375],"texture":"#8"},"up":{"uv":[3.625,4.5,3.5,4],"texture":"#8"},"down":{"uv":[4.125,3.75,4,4.25],"texture":"#8"}}},{"from":[9,7.5,7.6875],"to":[9.25,7.5625,8.5625],"rotation":{"angle":0,"axis":"y","origin":[9,7.6875,8.625]},"faces":{"east":{"uv":[1.5,5.75,1.75,5.875],"texture":"#8"},"up":{"uv":[2.125,6,2,5.75],"texture":"#8"},"down":{"uv":[2.625,5.75,2.5,6],"texture":"#8"}}},{"from":[9,7,7.6875],"to":[9.25,7.0625,8.5625],"rotation":{"angle":0,"axis":"y","origin":[9,7.625,8.625]},"faces":{"east":{"uv":[4.5,5.75,4.75,5.875],"texture":"#8"},"up":{"uv":[5.125,6,5,5.75],"texture":"#8"},"down":{"uv":[0.125,6,0,6.25],"texture":"#8"}}},{"from":[8.90403,7,7.47725],"to":[9.15403,7.0625,7.83081],"rotation":{"angle":45,"axis":"y","origin":[9.02903,7.03125,7.64331]},"faces":{"east":{"uv":[8.5,0.5,8.625,0.625],"texture":"#8"},"up":{"uv":[1.125,8.625,1,8.5],"texture":"#8"},"down":{"uv":[8.625,1.5,8.5,1.625],"texture":"#8"}}},{"from":[8.90403,7.5,7.47725],"to":[9.15403,7.5625,7.83081],"rotation":{"angle":45,"axis":"y","origin":[9.02903,7.53125,7.64331]},"faces":{"east":{"uv":[8.5,2,8.625,2.125],"texture":"#8"},"up":{"uv":[8.625,2.625,8.5,2.5],"texture":"#8"},"down":{"uv":[3.125,8.5,3,8.625],"texture":"#8"}}},{"from":[8.91161,7.5,8.42233],"to":[9.16161,7.5625,8.77589],"rotation":{"angle":-45,"axis":"y","origin":[9.03661,7.34375,8.59911]},"faces":{"east":{"uv":[8.5,3,8.625,3.125],"texture":"#8"},"up":{"uv":[3.625,8.625,3.5,8.5],"texture":"#8"},"down":{"uv":[8.625,3.5,8.5,3.625],"texture":"#8"}}},{"from":[8.91161,7,8.42233],"to":[9.16161,7.0625,8.77589],"rotation":{"angle":-45,"axis":"y","origin":[9.03661,7.21875,8.59911]},"faces":{"east":{"uv":[4,8.5,4.125,8.625],"texture":"#8"},"up":{"uv":[8.625,4.125,8.5,4],"texture":"#8"},"down":{"uv":[8.625,4.5,8.5,4.625],"texture":"#8"}}},{"from":[8.84911,7,7.07322],"to":[8.97411,7.5625,7.25],"rotation":{"angle":45,"axis":"y","origin":[8.91161,7.21875,7.1875]},"faces":{"east":{"uv":[8.5,6.5,8.625,6.625],"texture":"#8"},"up":{"uv":[7.125,8.625,7,8.5],"texture":"#8"},"down":{"uv":[8.625,7,8.5,7.125],"texture":"#8"}}},{"from":[8.83081,7,8.99242],"to":[8.95581,7.5625,9.16919],"rotation":{"angle":-45,"axis":"y","origin":[8.89331,7.21875,9.08081]},"faces":{"east":{"uv":[7.5,8.5,7.625,8.625],"texture":"#8"},"up":{"uv":[8.625,7.625,8.5,7.5],"texture":"#8"},"down":{"uv":[8.125,8.5,8,8.625],"texture":"#8"}}},{"from":[7.28125,7,6.0625],"to":[7.625,7.375,7.1875],"rotation":{"angle":0,"axis":"y","origin":[7.5,7.625,8.5]},"faces":{"north":{"uv":[8.5,8,8.625,8.125],"texture":"#8"},"east":{"uv":[6,0,6.25,0.125],"texture":"#8"},"south":{"uv":[8.5,8.5,8.625,8.625],"texture":"#8"},"down":{"uv":[0.625,6,0.5,6.25],"texture":"#8"}}},{"from":[7.125,7.375,6.0625],"to":[8.875,7.5625,10.1875],"rotation":{"angle":0,"axis":"y","origin":[7.5625,7.625,8.875]},"faces":{"north":{"uv":[4.25,1.5,4.75,1.625],"texture":"#8"},"east":{"uv":[1.5,0.75,2.5,0.875],"texture":"#8"},"south":{"uv":[4.25,2,4.75,2.125],"texture":"#8"},"west":{"uv":[1.5,1.25,2.5,1.375],"texture":"#8"},"down":{"uv":[0.5,0,0,1],"texture":"#8"}}},{"from":[7.20151,6.9591,6.0625],"to":[7.38901,7.36535,7.1875],"rotation":{"angle":22.5,"axis":"z","origin":[7.13901,7.17785,8.125]},"faces":{"north":{"uv":[8.75,1,8.875,1.125],"texture":"#8"},"south":{"uv":[1.5,8.75,1.625,8.875],"texture":"#8"},"west":{"uv":[6,0.5,6.25,0.625],"texture":"#8"},"down":{"uv":[1.125,6,1,6.25],"texture":"#8"}}},{"from":[7.28125,7,9.0625],"to":[7.625,7.375,10.1875],"rotation":{"angle":0,"axis":"y","origin":[7.5,7.625,11.5]},"faces":{"north":{"uv":[2,8.75,2.125,8.875],"texture":"#8"},"east":{"uv":[6,1.5,6.25,1.625],"texture":"#8"},"south":{"uv":[2.5,8.75,2.625,8.875],"texture":"#8"},"down":{"uv":[6.125,2,6,2.25],"texture":"#8"}}},{"from":[7.20151,6.9591,9.0625],"to":[7.38901,7.36535,10.1875],"rotation":{"angle":22.5,"axis":"z","origin":[7.13901,7.17785,11.125]},"faces":{"north":{"uv":[4.5,8.75,4.625,8.875],"texture":"#8"},"south":{"uv":[5,8.75,5.125,8.875],"texture":"#8"},"west":{"uv":[6,2.5,6.25,2.625],"texture":"#8"},"down":{"uv":[3.125,6,3,6.25],"texture":"#8"}}},{"from":[8.375,7,7.0625],"to":[8.875,7.375,9.1875],"rotation":{"angle":0,"axis":"y","origin":[8.375,7.625,8.625]},"faces":{"north":{"uv":[0,9,0.125,9.125],"texture":"#8"},"south":{"uv":[9,0,9.125,0.125],"texture":"#8"},"west":{"uv":[0,4.5,0.5,4.625],"texture":"#8"},"down":{"uv":[1.125,4.25,1,4.75],"texture":"#8"}}},{"from":[7.17188,7.60938,6.85938],"to":[7.17188,7.94688,8.20938],"rotation":{"angle":0,"axis":"y","origin":[7.42188,7.73438,8.92188]},"faces":{"east":{"uv":[0,0,1.6,0.4],"texture":"#6"},"west":{"uv":[0,6.09375,16,10.09375],"texture":"#6"}}},{"from":[8.8125,8.76563,8.64063],"to":[9,9.1875,9.09375],"rotation":{"angle":0,"axis":"y","origin":[7.625,8.04688,8.53125]},"faces":{"north":{"uv":[5.5,9,5.625,9.125],"texture":"#8"},"east":{"uv":[9,5.5,9.125,5.625],"texture":"#8"},"south":{"uv":[6,9,6.125,9.125],"texture":"#8"},"down":{"uv":[9.125,6,9,6.125],"texture":"#8"}}},{"from":[8.8125,9.1875,8.64063],"to":[9,9.3802,9.01393],"rotation":{"angle":0,"axis":"y","origin":[7.625,8.25,8.53125]},"faces":{"north":{"uv":[6.5,9,6.625,9.125],"texture":"#8"},"east":{"uv":[9,6.5,9.125,6.625],"texture":"#8"},"up":{"uv":[7.125,9.125,7,9],"texture":"#8"}}},{"from":[8.8125,9.19767,8.96875],"to":[9,9.40625,9.1051],"rotation":{"angle":-22.5,"axis":"x","origin":[8.90625,9.16406,9.125]},"faces":{"east":{"uv":[9,7,9.125,7.125],"texture":"#8"},"south":{"uv":[7.5,9,7.625,9.125],"texture":"#8"},"west":{"uv":[9,7.5,9.125,7.625],"texture":"#8"}}},{"from":[7,9.1875,8.64063],"to":[7.1875,9.3802,9.01393],"rotation":{"angle":0,"axis":"y","origin":[8.375,8.25,8.53125]},"faces":{"north":{"uv":[8,9,8.125,9.125],"texture":"#8"},"west":{"uv":[9,8,9.125,8.125],"texture":"#8"},"up":{"uv":[8.625,9.125,8.5,9],"texture":"#8"}}},{"from":[7,8.76563,8.64063],"to":[7.1875,9.1875,9.09375],"rotation":{"angle":0,"axis":"y","origin":[8.375,8.04688,8.53125]},"faces":{"north":{"uv":[9,8.5,9.125,8.625],"texture":"#8"},"south":{"uv":[9,9,9.125,9.125],"texture":"#8"},"west":{"uv":[9.25,1,9.375,1.125],"texture":"#8"},"down":{"uv":[1.625,9.25,1.5,9.375],"texture":"#8"}}},{"from":[7,9.19767,8.96875],"to":[7.1875,9.40625,9.1051],"rotation":{"angle":-22.5,"axis":"x","origin":[7.09375,9.16406,9.125]},"faces":{"east":{"uv":[2,9.25,2.125,9.375],"texture":"#8"},"south":{"uv":[2.5,9.25,2.625,9.375],"texture":"#8"},"west":{"uv":[4.5,9.25,4.625,9.375],"texture":"#8"}}},{"from":[7.53401,7.9375,6.0625],"to":[8.46599,8.125,6.5625],"rotation":{"angle":45,"axis":"z","origin":[8,9.0625,6.5625]},"faces":{"north":{"uv":[6,3,6.25,3.125],"texture":"#8","tintindex":0},"up":{"uv":[3.75,6.125,3.5,6],"texture":"#8","tintindex":0},"down":{"uv":[6.25,3.5,6,3.625],"texture":"#8","tintindex":0}}},{"from":[7.53401,10,6.0625],"to":[8.46599,10.1875,6.5625],"rotation":{"angle":0,"axis":"y","origin":[8,9.0625,6.5625]},"faces":{"north":{"uv":[4,6,4.25,6.125],"texture":"#8","tintindex":0},"south":{"uv":[6,4,6.25,4.125],"texture":"#8","tintindex":0},"up":{"uv":[6.25,4.625,6,4.5],"texture":"#8","tintindex":0},"down":{"uv":[6.25,5,6,5.125],"texture":"#8","tintindex":0}}},{"from":[6.875,8.59651,6.0625],"to":[7.0625,9.52849,6.5625],"rotation":{"angle":45,"axis":"z","origin":[8,9.0625,6.5625]},"faces":{"north":{"uv":[5.5,6,5.625,6.25],"texture":"#8","tintindex":0},"east":{"uv":[6,5.5,6.125,5.75],"texture":"#8","tintindex":0},"west":{"uv":[6,6,6.125,6.25],"texture":"#8","tintindex":0}}},{"from":[7.59651,8.0625,6.0625],"to":[8.40349,8.125,6.5625],"rotation":{"angle":0,"axis":"y","origin":[8,7,6.5625]},"faces":{"north":{"uv":[6.25,1,6.5,1.125],"texture":"#8","tintindex":0},"up":{"uv":[1.75,6.375,1.5,6.25],"texture":"#8","tintindex":0}}},{"from":[6.875,8.59651,6.0625],"to":[7.0625,9.52849,6.5625],"rotation":{"angle":0,"axis":"y","origin":[8,9.0625,6.5625]},"faces":{"north":{"uv":[2,6.25,2.125,6.5],"texture":"#8","tintindex":0},"east":{"uv":[2.5,6.25,2.625,6.5],"texture":"#8","tintindex":0},"south":{"uv":[4.5,6.25,4.625,6.5],"texture":"#8","tintindex":0},"west":{"uv":[5,6.25,5.125,6.5],"texture":"#8","tintindex":0}}},{"from":[8.9375,8.59651,6.0625],"to":[9.125,9.52849,6.5625],"rotation":{"angle":45,"axis":"z","origin":[8,9.0625,6.5625]},"faces":{"north":{"uv":[0,6.5,0.125,6.75],"texture":"#8","tintindex":0},"east":{"uv":[6.5,0,6.625,0.25],"texture":"#8","tintindex":0},"south":{"uv":[0.5,6.5,0.625,6.75],"texture":"#8","tintindex":0},"west":{"uv":[6.5,0.5,6.625,0.75],"texture":"#8","tintindex":0}}},{"from":[8.9375,8.59651,6.0625],"to":[9.125,9.52849,6.5625],"rotation":{"angle":0,"axis":"y","origin":[8,9.0625,6.5625]},"faces":{"north":{"uv":[1,6.5,1.125,6.75],"texture":"#8","tintindex":0},"east":{"uv":[6.5,1.5,6.625,1.75],"texture":"#8","tintindex":0},"south":{"uv":[6.5,2,6.625,2.25],"texture":"#8","tintindex":0},"west":{"uv":[6.5,2.5,6.625,2.75],"texture":"#8","tintindex":0}}},{"from":[7.53401,7.9375,8.3125],"to":[8.46599,8.125,8.625],"rotation":{"angle":45,"axis":"z","origin":[8,9.0625,8.8125]},"faces":{"south":{"uv":[3,6.5,3.25,6.625],"texture":"#8","tintindex":0},"down":{"uv":[6.75,3,6.5,3.125],"texture":"#8","tintindex":0}}},{"from":[7.53401,10,8.3125],"to":[8.46599,10.1875,8.625],"rotation":{"angle":45,"axis":"z","origin":[8,9.0625,8.8125]},"faces":{"north":{"uv":[3.5,6.5,3.75,6.625],"texture":"#8","tintindex":0},"south":{"uv":[6.5,3.5,6.75,3.625],"texture":"#8","tintindex":0},"up":{"uv":[4.25,6.625,4,6.5],"texture":"#8","tintindex":0}}},{"from":[7.53401,10,8.3125],"to":[8.46599,10.1875,8.625],"rotation":{"angle":0,"axis":"y","origin":[8,9.0625,8.8125]},"faces":{"north":{"uv":[6.5,4,6.75,4.125],"texture":"#8","tintindex":0},"south":{"uv":[6.5,4.5,6.75,4.625],"texture":"#8","tintindex":0},"up":{"uv":[6.75,5.125,6.5,5],"texture":"#8","tintindex":0}}},{"from":[6.875,8.59651,8.3125],"to":[7.0625,9.52849,8.625],"rotation":{"angle":45,"axis":"z","origin":[8,9.0625,8.8125]},"faces":{"south":{"uv":[5.5,6.5,5.625,6.75],"texture":"#8","tintindex":0},"west":{"uv":[6.5,5.5,6.625,5.75],"texture":"#8","tintindex":0}}},{"from":[6.875,8.59651,8.3125],"to":[7.0625,9.52849,8.625],"rotation":{"angle":0,"axis":"y","origin":[8,9.0625,8.8125]},"faces":{"north":{"uv":[6,6.5,6.125,6.75],"texture":"#8","tintindex":0},"south":{"uv":[6.5,6,6.625,6.25],"texture":"#8","tintindex":0},"west":{"uv":[6.5,6.5,6.625,6.75],"texture":"#8","tintindex":0}}},{"from":[8.9375,8.59651,8.3125],"to":[9.125,9.52849,8.625],"rotation":{"angle":45,"axis":"z","origin":[8,9.0625,8.8125]},"faces":{"north":{"uv":[6.75,1,6.875,1.25],"texture":"#8","tintindex":0},"east":{"uv":[1.5,6.75,1.625,7],"texture":"#8","tintindex":0},"south":{"uv":[2,6.75,2.125,7],"texture":"#8","tintindex":0}}},{"from":[8.9375,8.59651,8.3125],"to":[9.125,9.52849,8.625],"rotation":{"angle":0,"axis":"y","origin":[8,9.0625,8.8125]},"faces":{"north":{"uv":[2.5,6.75,2.625,7],"texture":"#8","tintindex":0},"east":{"uv":[4.5,6.75,4.625,7],"texture":"#8","tintindex":0},"south":{"uv":[5,6.75,5.125,7],"texture":"#8","tintindex":0}}},{"from":[7.58579,8.0625,6.3125],"to":[8.41421,8.1875,8.625],"rotation":{"angle":45,"axis":"z","origin":[8,9.0625,7.8125]},"faces":{"north":{"uv":[0,7,0.25,7.125],"texture":"#8","tintindex":0},"south":{"uv":[7,0,7.25,0.125],"texture":"#8","tintindex":0},"up":{"uv":[1.75,2.25,1.5,1.75],"texture":"#8","tintindex":0}}},{"from":[7.58579,8.0625,6.3125],"to":[8.41421,8.1875,8.625],"rotation":{"angle":0,"axis":"y","origin":[8,9.0625,7.8125]},"faces":{"north":{"uv":[0.5,7,0.75,7.125],"texture":"#8","tintindex":0},"up":{"uv":[0.25,2.5,0,2],"texture":"#8","tintindex":0}}},{"from":[7.58579,9.9375,6.3125],"to":[8.41421,10.0625,8.625],"rotation":{"angle":45,"axis":"z","origin":[8,9.0625,7.8125]},"faces":{"north":{"uv":[7,0.5,7.25,0.625],"texture":"#8","tintindex":0},"up":{"uv":[0.75,2.5,0.5,2],"texture":"#8","tintindex":0},"down":{"uv":[1.25,2,1,2.5],"texture":"#8","tintindex":0}}},{"from":[7.58579,9.9375,6.3125],"to":[8.41421,10.0625,8.625],"rotation":{"angle":0,"axis":"y","origin":[8,9.0625,7.8125]},"faces":{"north":{"uv":[1,7,1.25,7.125],"texture":"#8","tintindex":0},"up":{"uv":[2.25,2.25,2,1.75],"texture":"#8","tintindex":0},"down":{"uv":[2.5,0,2.25,0.5],"texture":"#8","tintindex":0}}},{"from":[7,8.64829,6.3125],"to":[7.125,9.47671,8.625],"rotation":{"angle":45,"axis":"z","origin":[8,9.0625,7.8125]},"faces":{"north":{"uv":[7,1.5,7.125,1.75],"texture":"#8","tintindex":0},"east":{"uv":[1.5,2.5,2,2.75],"texture":"#8","tintindex":0},"south":{"uv":[7,2,7.125,2.25],"texture":"#8","tintindex":0}}},{"from":[7,8.64829,6.3125],"to":[7.125,9.47671,8.625],"rotation":{"angle":0,"axis":"y","origin":[8,9.0625,7.8125]},"faces":{"north":{"uv":[7,2.5,7.125,2.75],"texture":"#8","tintindex":0},"east":{"uv":[2.5,1.75,3,2],"texture":"#8","tintindex":0},"south":{"uv":[3,7,3.125,7.25],"texture":"#8","tintindex":0},"west":{"uv":[2.25,2.5,2.75,2.75],"texture":"#8","tintindex":0}}},{"from":[8.875,8.64829,6.3125],"to":[9,9.47671,8.625],"rotation":{"angle":45,"axis":"z","origin":[8,9.0625,7.8125]},"faces":{"north":{"uv":[7,3,7.125,3.25],"texture":"#8","tintindex":0},"east":{"uv":[0,2.75,0.5,3],"texture":"#8","tintindex":0},"south":{"uv":[3.5,7,3.625,7.25],"texture":"#8","tintindex":0},"west":{"uv":[2.75,0,3.25,0.25],"texture":"#8","tintindex":0}}},{"from":[8.875,8.64829,6.3125],"to":[9,9.47671,8.625],"rotation":{"angle":0,"axis":"y","origin":[8,9.0625,7.8125]},"faces":{"north":{"uv":[7,3.5,7.125,3.75],"texture":"#8","tintindex":0},"east":{"uv":[2.75,0.5,3.25,0.75],"texture":"#8","tintindex":0},"south":{"uv":[4,7,4.125,7.25],"texture":"#8","tintindex":0},"west":{"uv":[0.75,2.75,1.25,3],"texture":"#8","tintindex":0}}},{"from":[7.53401,7.9375,6.5625],"to":[8.46599,8.125,8.3125],"rotation":{"angle":45,"axis":"z","origin":[8,9.0625,7.0625]},"faces":{"down":{"uv":[3,1,2.75,1.5],"texture":"#8","tintindex":0}}},{"from":[7.53401,7.9375,6.5625],"to":[8.46599,8.125,8.3125],"rotation":{"angle":0,"axis":"y","origin":[8,9.0625,7.0625]},"faces":{"north":{"uv":[7,4,7.25,4.125],"texture":"#8","tintindex":0}}},{"from":[6.875,8.59651,6.5625],"to":[7.0625,9.52849,8.3125],"rotation":{"angle":45,"axis":"z","origin":[8,9.0625,7.0625]},"faces":{"west":{"uv":[1.5,3,2,3.25],"texture":"#8","tintindex":0}}},{"from":[6.875,8.59651,6.5625],"to":[7.0625,8.84651,8.3125],"rotation":{"angle":0,"axis":"y","origin":[8,9.0625,7.0625]},"faces":{"west":{"uv":[4.5,0,5,0.125],"texture":"#8","tintindex":0},"up":{"uv":[1.625,5,1.5,4.5],"texture":"#8","tintindex":0}}},{"from":[8.9375,8.59651,6.5625],"to":[9.125,8.84651,8.3125],"rotation":{"angle":0,"axis":"y","origin":[8,9.0625,7.0625]},"faces":{"east":{"uv":[4.5,0.5,5,0.625],"texture":"#8","tintindex":0},"up":{"uv":[2.125,5,2,4.5],"texture":"#8","tintindex":0}}},{"from":[7.53401,10,6.0625],"to":[8.46599,10.1875,6.5625],"rotation":{"angle":45,"axis":"z","origin":[8,9.0625,6.5625]},"faces":{"north":{"uv":[7,4.5,7.25,4.625],"texture":"#8","tintindex":0},"south":{"uv":[7,5,7.25,5.125],"texture":"#8","tintindex":0},"up":{"uv":[5.75,7.125,5.5,7],"texture":"#8","tintindex":0},"down":{"uv":[7.25,5.5,7,5.625],"texture":"#8","tintindex":0}}},{"from":[8.9375,8.80546,6.38388],"to":[9.125,9.04994,6.82138],"rotation":{"angle":45,"axis":"x","origin":[9.03125,8.95895,6.57138]},"faces":{"east":{"uv":[5,9.25,5.125,9.375],"texture":"#8","tintindex":0},"west":{"uv":[0,9.5,0.125,9.625],"texture":"#8","tintindex":0},"up":{"uv":[9.625,0.125,9.5,0],"texture":"#8","tintindex":0}}},{"from":[8.9375,8.79251,8.08487],"to":[9.125,9.03699,8.52237],"rotation":{"angle":-45,"axis":"x","origin":[9.03125,8.91475,8.30362]},"faces":{"east":{"uv":[0.5,9.5,0.625,9.625],"texture":"#8","tintindex":0},"west":{"uv":[9.5,0.5,9.625,0.625],"texture":"#8","tintindex":0},"up":{"uv":[1.125,9.625,1,9.5],"texture":"#8","tintindex":0}}},{"from":[6.875,8.80546,6.38388],"to":[7.0625,9.04994,6.82138],"rotation":{"angle":45,"axis":"x","origin":[6.96875,8.95895,6.57138]},"faces":{"east":{"uv":[9.5,1.5,9.625,1.625],"texture":"#8","tintindex":0},"west":{"uv":[9.5,2,9.625,2.125],"texture":"#8","tintindex":0},"up":{"uv":[9.625,2.625,9.5,2.5],"texture":"#8","tintindex":0}}},{"from":[6.875,8.79251,8.08487],"to":[7.0625,9.03699,8.52237],"rotation":{"angle":-45,"axis":"x","origin":[6.96875,8.91475,8.30362]},"faces":{"east":{"uv":[3,9.5,3.125,9.625],"texture":"#8","tintindex":0},"west":{"uv":[9.5,3,9.625,3.125],"texture":"#8","tintindex":0},"up":{"uv":[3.625,9.625,3.5,9.5],"texture":"#8","tintindex":0}}},{"from":[7.58579,8.0625,8.625],"to":[8.22671,8.3125,8.9375],"rotation":{"angle":45,"axis":"z","origin":[8,9.0625,9]},"faces":{"north":{"uv":[9.5,3.5,9.625,3.625],"texture":"#8","tintindex":0},"south":{"uv":[4,9.5,4.125,9.625],"texture":"#8","tintindex":0}}},{"from":[7.58579,9.8125,8.625],"to":[8.41421,10.0625,8.9375],"rotation":{"angle":45,"axis":"z","origin":[8,9.0625,9]},"faces":{"north":{"uv":[6,7,6.25,7.125],"texture":"#8","tintindex":0},"south":{"uv":[7,6,7.25,6.125],"texture":"#8","tintindex":0},"west":{"uv":[9.5,4,9.625,4.125],"texture":"#8","tintindex":0},"up":{"uv":[6.75,7.125,6.5,7],"texture":"#8","tintindex":0}}},{"from":[7.77329,8.0625,8.625],"to":[8.41421,8.3125,8.9375],"rotation":{"angle":-45,"axis":"z","origin":[8,9.0625,9]},"faces":{"north":{"uv":[9.5,4.5,9.625,4.625],"texture":"#8","tintindex":0},"south":{"uv":[9.5,5,9.625,5.125],"texture":"#8","tintindex":0}}},{"from":[7.58579,9.8125,8.625],"to":[8.41421,10.0625,8.9375],"rotation":{"angle":0,"axis":"y","origin":[8,9.0625,9]},"faces":{"north":{"uv":[7,6.5,7.25,6.625],"texture":"#8","tintindex":0},"south":{"uv":[7,7,7.25,7.125],"texture":"#8","tintindex":0}}},{"from":[8.75,8.71079,8.625],"to":[9,9.47671,8.9375],"rotation":{"angle":45,"axis":"z","origin":[8,9.0625,9]},"faces":{"north":{"uv":[7.25,1,7.375,1.25],"texture":"#8","tintindex":0},"east":{"uv":[1.5,7.25,1.625,7.5],"texture":"#8","tintindex":0},"south":{"uv":[2,7.25,2.125,7.5],"texture":"#8","tintindex":0}}},{"from":[7.63756,9.8125,8.9375],"to":[8.36244,9.9375,9.25],"rotation":{"angle":45,"axis":"z","origin":[8,9.0625,9]},"faces":{"south":{"uv":[5.5,9.5,5.625,9.625],"texture":"#8","tintindex":0},"up":{"uv":[9.625,5.625,9.5,5.5],"texture":"#8","tintindex":0}}},{"from":[7.63756,9.8125,8.9375],"to":[8.36244,9.9375,9.25],"rotation":{"angle":0,"axis":"y","origin":[8,9.0625,9]},"faces":{"south":{"uv":[6,9.5,6.125,9.625],"texture":"#8","tintindex":0},"up":{"uv":[9.625,6.125,9.5,6],"texture":"#8","tintindex":0}}},{"from":[8.75,8.70006,8.9375],"to":[8.875,9.42494,9.25],"rotation":{"angle":45,"axis":"z","origin":[8,9.0625,9]},"faces":{"north":{"uv":[6.5,9.5,6.625,9.625],"texture":"#8","tintindex":0},"east":{"uv":[9.5,6.5,9.625,6.625],"texture":"#8","tintindex":0},"south":{"uv":[7,9.5,7.125,9.625],"texture":"#8","tintindex":0}}},{"from":[7.58579,9.87705,8.56488],"to":[8.41421,9.99795,8.90143],"rotation":{"angle":22.5,"axis":"x","origin":[8,9.93955,9.08173]},"faces":{"north":{"uv":[2.5,7.25,2.75,7.375],"texture":"#8","tintindex":0},"east":{"uv":[9.5,7,9.625,7.125],"texture":"#8","tintindex":0},"west":{"uv":[7.5,9.5,7.625,9.625],"texture":"#8","tintindex":0},"up":{"uv":[4.75,7.375,4.5,7.25],"texture":"#8","tintindex":0}}},{"from":[8.6875,8.25,8.625],"to":[8.875,9.42494,9.25],"rotation":{"angle":0,"axis":"y","origin":[7.5,7.875,8.5]},"faces":{"north":{"uv":[7.5,7,7.625,7.25],"texture":"#8","tintindex":0},"east":{"uv":[7.5,7.5,7.625,7.75],"texture":"#8","tintindex":0},"south":{"uv":[7.75,1,7.875,1.25],"texture":"#8","tintindex":0}}},{"from":[7.15625,8.26563,8.625],"to":[7.625,8.50306,9.25],"rotation":{"angle":-45,"axis":"z","origin":[7.46875,8.41559,8.9375]},"faces":{"north":{"uv":[6,10,6.125,10.125],"texture":"#8","tintindex":0},"east":{"uv":[10,6,10.125,6.125],"texture":"#8","tintindex":0},"south":{"uv":[6.5,10,6.625,10.125],"texture":"#8","tintindex":0}}},{"from":[7.125,8.25,8.625],"to":[7.3125,9.42494,9.25],"rotation":{"angle":0,"axis":"y","origin":[8.5,7.875,8.5]},"faces":{"north":{"uv":[1.5,7.75,1.625,8],"texture":"#8","tintindex":0},"south":{"uv":[2,7.75,2.125,8],"texture":"#8","tintindex":0},"west":{"uv":[2.5,7.75,2.625,8],"texture":"#8","tintindex":0}}},{"from":[8.375,8.26563,8.625],"to":[8.84375,8.50306,9.25],"rotation":{"angle":45,"axis":"z","origin":[8.53125,8.41559,8.9375]},"faces":{"north":{"uv":[10,6.5,10.125,6.625],"texture":"#8","tintindex":0},"south":{"uv":[7,10,7.125,10.125],"texture":"#8","tintindex":0},"west":{"uv":[10,7,10.125,7.125],"texture":"#8","tintindex":0}}},{"from":[8.8125,8.59375,8.625],"to":[9,8.71875,9.125],"rotation":{"angle":0,"axis":"y","origin":[7.625,7.90625,8.5]},"faces":{"north":{"uv":[7.5,10,7.625,10.125],"texture":"#8","tintindex":0},"east":{"uv":[10,7.5,10.125,7.625],"texture":"#8","tintindex":0},"up":{"uv":[8.125,10.125,8,10],"texture":"#8","tintindex":0},"down":{"uv":[10.125,8,10,8.125],"texture":"#8","tintindex":0}}},{"from":[7.3125,8.25,8.625],"to":[8.6875,8.36244,9.25],"rotation":{"angle":0,"axis":"y","origin":[8.6875,7.875,8.5]},"faces":{"north":{"uv":[2.25,5.25,2.625,5.375],"texture":"#8","tintindex":0},"south":{"uv":[5.25,2.5,5.625,2.625],"texture":"#8","tintindex":0},"up":{"uv":[5.625,3.125,5.25,3],"texture":"#8","tintindex":0}}},{"from":[8.8125,8.71875,9.125],"to":[9,9.22671,9.25],"rotation":{"angle":0,"axis":"y","origin":[7.625,7.98438,8.5]},"faces":{"north":{"uv":[8.5,10,8.625,10.125],"texture":"#8","tintindex":0},"east":{"uv":[10,8.5,10.125,8.625],"texture":"#8","tintindex":0},"south":{"uv":[9,10,9.125,10.125],"texture":"#8","tintindex":0}}},{"from":[8.75,9.40349,8.625],"to":[9,9.52849,9.125],"rotation":{"angle":0,"axis":"y","origin":[7.625,8.23162,8]},"faces":{"north":{"uv":[10,9,10.125,9.125],"texture":"#8","tintindex":0},"east":{"uv":[9.5,10,9.625,10.125],"texture":"#8","tintindex":0},"up":{"uv":[10.125,9.625,10,9.5],"texture":"#8","tintindex":0},"down":{"uv":[10.125,10,10,10.125],"texture":"#8","tintindex":0}}},{"from":[8.75,9.18459,9.03823],"to":[9,9.51123,9.16323],"rotation":{"angle":-22.5,"axis":"x","origin":[8.90625,9.42376,9.10073]},"faces":{"north":{"uv":[10.25,1,10.375,1.125],"texture":"#8","tintindex":0},"east":{"uv":[1.5,10.25,1.625,10.375],"texture":"#8","tintindex":0},"south":{"uv":[2,10.25,2.125,10.375],"texture":"#8","tintindex":0},"west":{"uv":[2.5,10.25,2.625,10.375],"texture":"#8","tintindex":0}}},{"from":[8.8125,8.75222,9.00758],"to":[9,8.87722,9.18436],"rotation":{"angle":-45,"axis":"x","origin":[8.90625,8.81472,9.25758]},"faces":{"east":{"uv":[4.5,10.25,4.625,10.375],"texture":"#8","tintindex":0},"west":{"uv":[5,10.25,5.125,10.375],"texture":"#8","tintindex":0},"up":{"uv":[0.125,10.625,0,10.5],"texture":"#8","tintindex":0},"down":{"uv":[10.625,0,10.5,0.125],"texture":"#8","tintindex":0}}},{"from":[8.96888,9.40349,8.59395],"to":[9.09388,9.52849,8.96895],"rotation":{"angle":-22.5,"axis":"y","origin":[9.03138,9.08701,8.6877]},"faces":{"east":{"uv":[0.5,10.5,0.625,10.625],"texture":"#8","tintindex":0},"up":{"uv":[10.625,0.625,10.5,0.5],"texture":"#8","tintindex":0},"down":{"uv":[1.125,10.5,1,10.625],"texture":"#8","tintindex":0}}},{"from":[8.96888,8.59375,8.59395],"to":[9.09388,8.71875,8.96895],"rotation":{"angle":-22.5,"axis":"y","origin":[9.03138,9.03523,8.6877]},"faces":{"north":{"uv":[10.5,1.5,10.625,1.625],"texture":"#8","tintindex":0},"east":{"uv":[10.5,2,10.625,2.125],"texture":"#8","tintindex":0},"west":{"uv":[10.5,2.5,10.625,2.625],"texture":"#8","tintindex":0},"up":{"uv":[3.125,10.625,3,10.5],"texture":"#8","tintindex":0},"down":{"uv":[10.625,3,10.5,3.125],"texture":"#8","tintindex":0}}},{"from":[6.90612,9.40349,8.59395],"to":[7.03112,9.52849,8.96895],"rotation":{"angle":22.5,"axis":"y","origin":[6.96862,9.08701,8.6877]},"faces":{"west":{"uv":[3.5,10.5,3.625,10.625],"texture":"#8","tintindex":0},"up":{"uv":[10.625,3.625,10.5,3.5],"texture":"#8","tintindex":0},"down":{"uv":[4.125,10.5,4,10.625],"texture":"#8","tintindex":0}}},{"from":[7,9.40349,8.625],"to":[7.1875,9.52849,9.125],"rotation":{"angle":0,"axis":"y","origin":[8.375,8.23162,8]},"faces":{"north":{"uv":[10.5,4,10.625,4.125],"texture":"#8","tintindex":0},"east":{"uv":[10.5,4.5,10.625,4.625],"texture":"#8","tintindex":0},"west":{"uv":[10.5,5,10.625,5.125],"texture":"#8","tintindex":0},"up":{"uv":[5.625,10.625,5.5,10.5],"texture":"#8","tintindex":0},"down":{"uv":[10.625,5.5,10.5,5.625],"texture":"#8","tintindex":0}}},{"from":[7,9.18459,9.03823],"to":[7.1875,9.51123,9.16323],"rotation":{"angle":-22.5,"axis":"x","origin":[7.09375,9.42376,9.10073]},"faces":{"north":{"uv":[6,10.5,6.125,10.625],"texture":"#8","tintindex":0},"east":{"uv":[10.5,6,10.625,6.125],"texture":"#8","tintindex":0},"south":{"uv":[6.5,10.5,6.625,10.625],"texture":"#8","tintindex":0},"west":{"uv":[10.5,6.5,10.625,6.625],"texture":"#8","tintindex":0}}},{"from":[7,8.71875,9.125],"to":[7.1875,9.22671,9.25],"rotation":{"angle":0,"axis":"y","origin":[8.375,7.98438,8.5]},"faces":{"north":{"uv":[7,10.5,7.125,10.625],"texture":"#8","tintindex":0},"south":{"uv":[10.5,7,10.625,7.125],"texture":"#8","tintindex":0},"west":{"uv":[7.5,10.5,7.625,10.625],"texture":"#8","tintindex":0}}},{"from":[7,8.75222,9.00758],"to":[7.1875,8.87722,9.18436],"rotation":{"angle":-45,"axis":"x","origin":[7.09375,8.81472,9.25758]},"faces":{"east":{"uv":[10.5,7.5,10.625,7.625],"texture":"#8","tintindex":0},"west":{"uv":[8,10.5,8.125,10.625],"texture":"#8","tintindex":0},"up":{"uv":[10.625,8.125,10.5,8],"texture":"#8","tintindex":0},"down":{"uv":[8.625,10.5,8.5,10.625],"texture":"#8","tintindex":0}}},{"from":[7,8.59375,8.625],"to":[7.1875,8.71875,9.125],"rotation":{"angle":0,"axis":"y","origin":[8.375,7.90625,8.5]},"faces":{"north":{"uv":[10.5,8.5,10.625,8.625],"texture":"#8","tintindex":0},"west":{"uv":[9,10.5,9.125,10.625],"texture":"#8","tintindex":0},"up":{"uv":[10.625,9.125,10.5,9],"texture":"#8","tintindex":0},"down":{"uv":[9.625,10.5,9.5,10.625],"texture":"#8","tintindex":0}}},{"from":[6.90612,8.59375,8.59395],"to":[7.03112,8.71875,8.96895],"rotation":{"angle":22.5,"axis":"y","origin":[6.96862,9.03523,8.6877]},"faces":{"north":{"uv":[10.5,9.5,10.625,9.625],"texture":"#8","tintindex":0},"east":{"uv":[10,10.5,10.125,10.625],"texture":"#8","tintindex":0},"west":{"uv":[10.5,10,10.625,10.125],"texture":"#8","tintindex":0},"up":{"uv":[10.625,10.625,10.5,10.5],"texture":"#8","tintindex":0},"down":{"uv":[10.875,1,10.75,1.125],"texture":"#8","tintindex":0}}},{"from":[7.1875,8.0625,6.0625],"to":[7.40625,8.3125,8.625],"rotation":{"angle":0,"axis":"y","origin":[7.28125,8.25,7.34375]},"faces":{"north":{"uv":[1.5,10.75,1.625,10.875],"texture":"#8","tintindex":0},"east":{"uv":[3,3.5,3.625,3.625],"texture":"#8","tintindex":0}}},{"from":[8.59375,8.0625,6.0625],"to":[8.8125,8.3125,8.625],"rotation":{"angle":0,"axis":"y","origin":[8.71875,8.25,7.34375]},"faces":{"north":{"uv":[2,10.75,2.125,10.875],"texture":"#8","tintindex":0},"west":{"uv":[0,4,0.625,4.125],"texture":"#8","tintindex":0}}},{"from":[7.00774,8.02159,6.0625],"to":[7.20491,8.67649,8.625],"rotation":{"angle":22.5,"axis":"z","origin":[7.14241,8.30284,7.34375]},"faces":{"north":{"uv":[2.5,10.75,2.625,10.875],"texture":"#8","tintindex":0},"south":{"uv":[4.5,10.75,4.625,10.875],"texture":"#8","tintindex":0},"west":{"uv":[4,1,4.625,1.125],"texture":"#8","tintindex":0},"down":{"uv":[3.125,4,3,4.625],"texture":"#8","tintindex":0}}},{"from":[7.1875,7.5625,6.0625],"to":[8.875,8.0625,10.1875],"rotation":{"angle":0,"axis":"y","origin":[7.5,7.6875,8.5]},"faces":{"north":{"uv":[5.25,3.5,5.625,3.625],"texture":"#8","tintindex":0},"east":{"uv":[2.25,3,3.25,3.125],"texture":"#8","tintindex":0},"south":{"uv":[4.75,5.25,5.125,5.375],"texture":"#8","tintindex":0},"west":{"uv":[3,2.25,4,2.375],"texture":"#8","tintindex":0},"up":{"uv":[1.125,1,0.75,0],"texture":"#8","tintindex":0}}},{"from":[7.125,8.0625,8.625],"to":[8.875,8.25,10],"rotation":{"angle":0,"axis":"y","origin":[7.5,7.5625,8.5625]},"faces":{"north":{"uv":[4.5,2.5,5,2.625],"texture":"#8","tintindex":0},"east":{"uv":[0,5.5,0.375,5.625],"texture":"#8","tintindex":0},"west":{"uv":[0.75,5.5,1.125,5.625],"texture":"#8","tintindex":0},"up":{"uv":[2,0.375,1.5,0],"texture":"#8","tintindex":0}}},{"from":[7.125,7.78975,9.80936],"to":[8.875,8.03975,10.07452],"rotation":{"angle":45,"axis":"x","origin":[8,7.91475,10.15847]},"faces":{"east":{"uv":[5,10.75,5.125,10.875],"texture":"#8","tintindex":0},"west":{"uv":[0,11,0.125,11.125],"texture":"#8","tintindex":0},"up":{"uv":[5,3.875,4.5,3.75],"texture":"#8","tintindex":0}}},{"from":[7.125,7.5625,8.5],"to":[7.1875,8.0625,10.1875],"rotation":{"angle":0,"axis":"y","origin":[7.5625,7.6875,8.5]},"faces":{"north":{"uv":[11,0,11.125,0.125],"texture":"#8","tintindex":0},"south":{"uv":[0.5,11,0.625,11.125],"texture":"#8","tintindex":0},"west":{"uv":[5.5,1,5.875,1.125],"texture":"#8","tintindex":0}}},{"from":[7.125,7.3922,8.52164],"to":[7.1875,7.5846,8.69841],"rotation":{"angle":45,"axis":"x","origin":[7.375,7.6471,8.83904]},"faces":{"east":{"uv":[11,0.5,11.125,0.625],"texture":"#8","tintindex":0},"west":{"uv":[1,11,1.125,11.125],"texture":"#8","tintindex":0},"down":{"uv":[11.125,1.5,11,1.625],"texture":"#8","tintindex":0}}},{"from":[7.125,7.3971,8.27654],"to":[7.1875,7.86585,8.44841],"rotation":{"angle":45,"axis":"x","origin":[7.375,7.6471,8.58904]},"faces":{"north":{"uv":[11,2,11.125,2.125],"texture":"#8","tintindex":0},"east":{"uv":[11,2.5,11.125,2.625],"texture":"#8","tintindex":0},"south":{"uv":[3,11,3.125,11.125],"texture":"#8","tintindex":0},"west":{"uv":[11,3,11.125,3.125],"texture":"#8","tintindex":0},"down":{"uv":[3.625,11,3.5,11.125],"texture":"#8","tintindex":0}}},{"from":[7.125,7.5319,6.23549],"to":[7.1875,8.2194,6.67299],"rotation":{"angle":45,"axis":"x","origin":[7.375,7.81315,6.61049]},"faces":{"north":{"uv":[11,3.5,11.125,3.625],"texture":"#8","tintindex":0},"east":{"uv":[4,11,4.125,11.125],"texture":"#8","tintindex":0},"south":{"uv":[11,4,11.125,4.125],"texture":"#8","tintindex":0},"west":{"uv":[11,4.5,11.125,4.625],"texture":"#8","tintindex":0},"up":{"uv":[11.125,5.125,11,5],"texture":"#8","tintindex":0}}},{"from":[7.125,7.5625,6.4375],"to":[7.1875,7.6875,8.5],"rotation":{"angle":0,"axis":"y","origin":[7.5625,7.8125,8.875]},"faces":{"west":{"uv":[4,4.5,4.5,4.625],"texture":"#8","tintindex":0},"up":{"uv":[2.625,5,2.5,4.5],"texture":"#8","tintindex":0}}},{"from":[7.125,7.5625,6.0625],"to":[7.1875,8.0625,6.4375],"rotation":{"angle":0,"axis":"y","origin":[7.5625,7.6875,8.5]},"faces":{"north":{"uv":[5.5,11,5.625,11.125],"texture":"#8","tintindex":0},"west":{"uv":[11,5.5,11.125,5.625],"texture":"#8","tintindex":0}}},{"from":[7.10938,7.6875,8.89645],"to":[7.3125,8.1875,9.10355],"rotation":{"angle":0,"axis":"y","origin":[7.1875,7.9375,9]},"faces":{"west":{"uv":[0.5,9,0.625,9.125],"texture":"#8","tintindex":0},"up":{"uv":[9.125,0.625,9,0.5],"texture":"#8","tintindex":0},"down":{"uv":[1.125,9,1,9.125],"texture":"#8","tintindex":0}}},{"from":[7.10938,7.83395,8.75],"to":[7.3125,8.04105,9.25],"rotation":{"angle":45,"axis":"x","origin":[7.1875,7.9375,9]},"faces":{"north":{"uv":[9,1.5,9.125,1.625],"texture":"#8","tintindex":0},"east":{"uv":[9,2,9.125,2.125],"texture":"#8","tintindex":0},"south":{"uv":[9,2.5,9.125,2.625],"texture":"#8","tintindex":0},"west":{"uv":[3,9,3.125,9.125],"texture":"#8","tintindex":0}}},{"from":[7.10938,7.83395,8.75],"to":[7.3125,8.04105,9.25],"rotation":{"angle":0,"axis":"y","origin":[7.1875,7.9375,9]},"faces":{"north":{"uv":[9,3,9.125,3.125],"texture":"#8","tintindex":0},"south":{"uv":[3.5,9,3.625,9.125],"texture":"#8","tintindex":0},"west":{"uv":[9,3.5,9.125,3.625],"texture":"#8","tintindex":0}}},{"from":[7.10938,7.6875,8.89645],"to":[7.3125,8.1875,9.10355],"rotation":{"angle":45,"axis":"x","origin":[7.1875,7.9375,9]},"faces":{"east":{"uv":[4,9,4.125,9.125],"texture":"#8","tintindex":0},"west":{"uv":[9,4,9.125,4.125],"texture":"#8","tintindex":0},"up":{"uv":[9.125,4.625,9,4.5],"texture":"#8","tintindex":0},"down":{"uv":[9.125,5,9,5.125],"texture":"#8","tintindex":0}}},{"from":[7.75,8.0625,9.8027],"to":[8.25,8.26563,10.0098],"rotation":{"angle":0,"axis":"y","origin":[8,8.1875,9.90625]},"faces":{"east":{"uv":[9.125,0.625,9,0.5],"rotation":90,"texture":"#8"},"west":{"uv":[1.125,9,1,9.125],"rotation":90,"texture":"#8"},"up":{"uv":[0.5,9,0.625,9.125],"rotation":90,"texture":"#8"}}},{"from":[7.89645,8.0625,9.65625],"to":[8.10355,8.26563,10.15625],"rotation":{"angle":45,"axis":"y","origin":[8,8.1875,9.90625]},"faces":{"north":{"uv":[9,1.5,9.125,1.625],"rotation":270,"texture":"#8"},"south":{"uv":[9,2.5,9.125,2.625],"rotation":90,"texture":"#8"},"up":{"uv":[3,9,3.125,9.125],"rotation":90,"texture":"#8"},"down":{"uv":[9,2,9.125,2.125],"rotation":90,"texture":"#8"}}},{"from":[7.89645,8.0625,9.65625],"to":[8.10355,8.26563,10.15625],"rotation":{"angle":0,"axis":"y","origin":[8,8.1875,9.90625]},"faces":{"north":{"uv":[9,3,9.125,3.125],"rotation":270,"texture":"#8"},"south":{"uv":[3.5,9,3.625,9.125],"rotation":90,"texture":"#8"},"up":{"uv":[9,3.5,9.125,3.625],"rotation":90,"texture":"#8"}}},{"from":[7.75,8.0625,9.8027],"to":[8.25,8.26563,10.0098],"rotation":{"angle":45,"axis":"y","origin":[8,8.1875,9.90625]},"faces":{"east":{"uv":[9.125,4.625,9,4.5],"rotation":90,"texture":"#8"},"west":{"uv":[9.125,5,9,5.125],"rotation":90,"texture":"#8"},"up":{"uv":[9,4,9.125,4.125],"rotation":90,"texture":"#8"},"down":{"uv":[4,9,4.125,9.125],"rotation":90,"texture":"#8"}}},{"from":[7.68934,8.3125,8.625],"to":[8.31066,8.4,9.75],"rotation":{"angle":45,"axis":"z","origin":[8,9.0625,9.1875]},"faces":{"north":{"uv":[9.5,7.5,9.625,7.625],"texture":"#8"},"south":{"uv":[8,9.5,8.125,9.625],"texture":"#8"},"up":{"uv":[5.125,7.5,5,7.25],"texture":"#8"},"down":{"uv":[0.125,7.5,0,7.75],"texture":"#8"}}},{"from":[7.68934,8.3125,8.625],"to":[8.31066,8.4,9.75],"rotation":{"angle":0,"axis":"y","origin":[8,9.0625,9.1875]},"faces":{"north":{"uv":[9.5,8,9.625,8.125],"texture":"#8"},"south":{"uv":[8.5,9.5,8.625,9.625],"texture":"#8"},"up":{"uv":[7.625,0.25,7.5,0],"texture":"#8"},"down":{"uv":[0.625,7.5,0.5,7.75],"texture":"#8"}}},{"from":[7.68934,9.725,8.625],"to":[8.31066,9.8125,9.75],"rotation":{"angle":45,"axis":"z","origin":[8,9.0625,9.1875]},"faces":{"north":{"uv":[9.5,8.5,9.625,8.625],"texture":"#8"},"south":{"uv":[9,9.5,9.125,9.625],"texture":"#8"},"up":{"uv":[7.625,0.75,7.5,0.5],"texture":"#8"},"down":{"uv":[1.125,7.5,1,7.75],"texture":"#8"}}},{"from":[7.68934,9.725,8.625],"to":[8.31066,9.8125,9.75],"rotation":{"angle":0,"axis":"y","origin":[8,9.0625,9.1875]},"faces":{"north":{"uv":[9.5,9,9.625,9.125],"texture":"#8"},"south":{"uv":[9.5,9.5,9.625,9.625],"texture":"#8"},"up":{"uv":[7.625,1.75,7.5,1.5],"texture":"#8"},"down":{"uv":[7.625,2,7.5,2.25],"texture":"#8"}}},{"from":[7.25,8.75184,8.625],"to":[7.3375,9.37316,9.75],"rotation":{"angle":45,"axis":"z","origin":[8,9.0625,9.1875]},"faces":{"north":{"uv":[9.75,1,9.875,1.125],"texture":"#8"},"east":{"uv":[7.5,2.5,7.75,2.625],"texture":"#8"},"south":{"uv":[1.5,9.75,1.625,9.875],"texture":"#8"},"west":{"uv":[3,7.5,3.25,7.625],"texture":"#8"}}},{"from":[7.25,8.75184,8.625],"to":[7.3375,9.37316,9.75],"rotation":{"angle":0,"axis":"y","origin":[8,9.0625,9.1875]},"faces":{"north":{"uv":[2,9.75,2.125,9.875],"texture":"#8"},"east":{"uv":[7.5,3,7.75,3.125],"texture":"#8"},"south":{"uv":[2.5,9.75,2.625,9.875],"texture":"#8"},"west":{"uv":[3.5,7.5,3.75,7.625],"texture":"#8"}}},{"from":[8.6625,8.75184,8.625],"to":[8.75,9.37316,9.75],"rotation":{"angle":45,"axis":"z","origin":[8,9.0625,9.1875]},"faces":{"north":{"uv":[4.5,9.75,4.625,9.875],"texture":"#8"},"east":{"uv":[7.5,3.5,7.75,3.625],"texture":"#8"},"south":{"uv":[5,9.75,5.125,9.875],"texture":"#8"},"west":{"uv":[4,7.5,4.25,7.625],"texture":"#8"}}},{"from":[8.6625,8.75184,8.625],"to":[8.75,9.37316,9.75],"rotation":{"angle":0,"axis":"y","origin":[8,9.0625,9.1875]},"faces":{"north":{"uv":[0,10,0.125,10.125],"texture":"#8"},"east":{"uv":[7.5,4,7.75,4.125],"texture":"#8"},"south":{"uv":[10,0,10.125,0.125],"texture":"#8"},"west":{"uv":[7.5,4.5,7.75,4.625],"texture":"#8"}}},{"from":[7.86121,8.3125,8.625],"to":[8.13879,8.4,9.75],"rotation":{"angle":22.5,"axis":"z","origin":[8,9.0625,9.1875]},"faces":{"north":{"uv":[0.5,10,0.625,10.125],"texture":"#8"},"south":{"uv":[10,0.5,10.125,0.625],"texture":"#8"},"up":{"uv":[7.625,5.25,7.5,5],"texture":"#8"}}},{"from":[7.86121,8.3125,8.625],"to":[8.13879,8.4,9.75],"rotation":{"angle":-22.5,"axis":"z","origin":[8,9.0625,9.1875]},"faces":{"north":{"uv":[1,10,1.125,10.125],"texture":"#8"},"south":{"uv":[10,1.5,10.125,1.625],"texture":"#8"},"up":{"uv":[5.625,7.75,5.5,7.5],"texture":"#8"}}},{"from":[7.86121,9.725,8.625],"to":[8.13879,9.8125,9.75],"rotation":{"angle":22.5,"axis":"z","origin":[8,9.0625,9.1875]},"faces":{"north":{"uv":[10,2,10.125,2.125],"texture":"#8"},"south":{"uv":[10,2.5,10.125,2.625],"texture":"#8"},"down":{"uv":[7.625,5.5,7.5,5.75],"texture":"#8"}}},{"from":[7.86121,9.725,8.625],"to":[8.13879,9.8125,9.75],"rotation":{"angle":-22.5,"axis":"z","origin":[8,9.0625,9.1875]},"faces":{"north":{"uv":[3,10,3.125,10.125],"texture":"#8"},"south":{"uv":[10,3,10.125,3.125],"texture":"#8"},"down":{"uv":[6.125,7.5,6,7.75],"texture":"#8"}}},{"from":[7.25,8.92371,8.625],"to":[7.3375,9.20129,9.75],"rotation":{"angle":22.5,"axis":"z","origin":[8,9.0625,9.1875]},"faces":{"north":{"uv":[3.5,10,3.625,10.125],"texture":"#8"},"east":{"uv":[7.5,6,7.75,6.125],"texture":"#8"},"south":{"uv":[10,3.5,10.125,3.625],"texture":"#8"}}},{"from":[7.25,8.92371,8.625],"to":[7.3375,9.20129,9.75],"rotation":{"angle":-22.5,"axis":"z","origin":[8,9.0625,9.1875]},"faces":{"north":{"uv":[4,10,4.125,10.125],"texture":"#8"},"east":{"uv":[6.5,7.5,6.75,7.625],"texture":"#8"},"south":{"uv":[10,4,10.125,4.125],"texture":"#8"}}},{"from":[8.6625,8.92371,8.625],"to":[8.75,9.20129,9.75],"rotation":{"angle":22.5,"axis":"z","origin":[8,9.0625,9.1875]},"faces":{"north":{"uv":[10,4.5,10.125,4.625],"texture":"#8"},"south":{"uv":[10,5,10.125,5.125],"texture":"#8"},"west":{"uv":[7.5,6.5,7.75,6.625],"texture":"#8"}}},{"from":[8.6625,8.92371,8.625],"to":[8.75,9.20129,9.75],"rotation":{"angle":-22.5,"axis":"z","origin":[8,9.0625,9.1875]},"faces":{"north":{"uv":[5.5,10,5.625,10.125],"texture":"#8"},"south":{"uv":[10,5.5,10.125,5.625],"texture":"#8"},"west":{"uv":[7,7.5,7.25,7.625],"texture":"#8"}}},{"from":[8.6875,7.91789,5.75],"to":[9.6875,8.33211,6],"rotation":{"angle":0,"axis":"y","origin":[9.1875,8.125,5.875]},"faces":{"north":{"uv":[4.5,7.75,4.75,7.875],"texture":"#8","tintindex":0},"east":{"uv":[6,11,6.125,11.125],"texture":"#8","tintindex":0},"south":{"uv":[5,7.75,5.25,7.875],"texture":"#8","tintindex":0},"west":{"uv":[11,6,11.125,6.125],"texture":"#8","tintindex":0}}},{"from":[8.98039,7.625,5.75],"to":[9.39461,8.625,6],"rotation":{"angle":45,"axis":"z","origin":[9.1875,8.125,5.875]},"faces":{"north":{"uv":[0,8,0.125,8.25],"texture":"#8","tintindex":0},"south":{"uv":[8,0,8.125,0.25],"texture":"#8","tintindex":0},"up":{"uv":[6.625,11.125,6.5,11],"texture":"#8","tintindex":0},"down":{"uv":[11.125,6.5,11,6.625],"texture":"#8","tintindex":0}}},{"from":[8.98039,7.625,5.75],"to":[9.39461,8.625,6],"rotation":{"angle":0,"axis":"y","origin":[9.1875,8.125,5.875]},"faces":{"north":{"uv":[0.5,8,0.625,8.25],"texture":"#8","tintindex":0},"south":{"uv":[8,0.5,8.125,0.75],"texture":"#8","tintindex":0},"up":{"uv":[7.125,11.125,7,11],"texture":"#8","tintindex":0},"down":{"uv":[11.125,7,11,7.125],"texture":"#8","tintindex":0}}},{"from":[8.6875,7.91789,5.75],"to":[9.6875,8.33211,6],"rotation":{"angle":45,"axis":"z","origin":[9.1875,8.125,5.875]},"faces":{"north":{"uv":[1,8,1.25,8.125],"texture":"#8","tintindex":0},"east":{"uv":[7.5,11,7.625,11.125],"texture":"#8","tintindex":0},"south":{"uv":[8,1.5,8.25,1.625],"texture":"#8","tintindex":0},"west":{"uv":[11,7.5,11.125,7.625],"texture":"#8","tintindex":0}}},{"from":[8.6875,7.91789,6.0625],"to":[9.6875,8.33211,6.6875],"rotation":{"angle":0,"axis":"y","origin":[9.1875,8.125,6.375]},"faces":{"north":{"uv":[8,2,8.25,2.125],"texture":"#8","tintindex":0},"east":{"uv":[8,11,8.125,11.125],"texture":"#8","tintindex":0},"south":{"uv":[8,2.5,8.25,2.625],"texture":"#8","tintindex":0}}},{"from":[8.98039,7.625,6.0625],"to":[9.39461,8.625,6.6875],"rotation":{"angle":45,"axis":"z","origin":[9.1875,8.125,6.375]},"faces":{"north":{"uv":[3,8,3.125,8.25],"texture":"#8","tintindex":0},"south":{"uv":[8,3,8.125,3.25],"texture":"#8","tintindex":0},"down":{"uv":[11.125,8,11,8.125],"texture":"#8","tintindex":0}}},{"from":[8.98039,7.625,6.0625],"to":[9.39461,8.625,6.6875],"rotation":{"angle":0,"axis":"y","origin":[9.1875,8.125,6.375]},"faces":{"north":{"uv":[3.5,8,3.625,8.25],"texture":"#8","tintindex":0},"south":{"uv":[8,3.5,8.125,3.75],"texture":"#8","tintindex":0},"up":{"uv":[8.625,11.125,8.5,11],"texture":"#8","tintindex":0},"down":{"uv":[11.125,8.5,11,8.625],"texture":"#8","tintindex":0}}},{"from":[8.6875,7.91789,6.0625],"to":[9.6875,8.33211,6.6875],"rotation":{"angle":45,"axis":"z","origin":[9.1875,8.125,6.375]},"faces":{"north":{"uv":[4,8,4.25,8.125],"texture":"#8","tintindex":0},"east":{"uv":[9,11,9.125,11.125],"texture":"#8","tintindex":0},"south":{"uv":[8,4,8.25,4.125],"texture":"#8","tintindex":0},"west":{"uv":[11,9,11.125,9.125],"texture":"#8","tintindex":0}}},{"from":[8.75,7.94378,6],"to":[9.625,8.30622,9.0625],"rotation":{"angle":0,"axis":"y","origin":[9.14522,8.125,8.28427]},"faces":{"east":{"uv":[3.25,1.5,4,1.625],"texture":"#8","tintindex":0},"south":{"uv":[8,4.5,8.25,4.625],"texture":"#8","tintindex":0},"west":{"uv":[3.5,0,4.25,0.125],"texture":"#8","tintindex":0}}},{"from":[8.9939,7.6576,6],"to":[9.35633,8.5326,9.0625],"rotation":{"angle":45,"axis":"z","origin":[9.14522,8.125,8.28427]},"faces":{"south":{"uv":[8,5,8.125,5.25],"texture":"#8","tintindex":0},"up":{"uv":[1.125,4,1,3.25],"texture":"#8","tintindex":0},"down":{"uv":[1.625,3.5,1.5,4.25],"texture":"#8","tintindex":0}}},{"from":[9.00628,7.6875,6],"to":[9.36872,8.5625,9.0625],"rotation":{"angle":0,"axis":"y","origin":[9.14522,8.125,8.28427]},"faces":{"south":{"uv":[5.5,8,5.625,8.25],"texture":"#8","tintindex":0},"up":{"uv":[2.125,4.25,2,3.5],"texture":"#8","tintindex":0},"down":{"uv":[2.625,3.5,2.5,4.25],"texture":"#8","tintindex":0}}},{"from":[8.875,7.6875,6.6875],"to":[9.00628,8.5625,9.0625],"rotation":{"angle":0,"axis":"y","origin":[8.78278,8.125,8.28427]},"faces":{"north":{"uv":[8,5.5,8.125,5.75],"texture":"#8","tintindex":0},"up":{"uv":[4.875,3.5,4.75,3],"texture":"#8","tintindex":0},"down":{"uv":[3.625,4.75,3.5,5.25],"texture":"#8","tintindex":0}}},{"from":[8.82157,7.6875,8.98297],"to":[9.34179,8.5625,9.23455],"rotation":{"angle":22.5,"axis":"y","origin":[8.88713,8.125,9.10797]},"faces":{"south":{"uv":[6,8,6.125,8.25],"texture":"#8","tintindex":0},"up":{"uv":[9.625,11.125,9.5,11],"texture":"#8","tintindex":0},"down":{"uv":[11.125,9.5,11,9.625],"texture":"#8","tintindex":0}}},{"from":[8.73762,7.91388,6],"to":[9.61262,8.27632,9.0625],"rotation":{"angle":45,"axis":"z","origin":[9.14522,8.125,8.28427]},"faces":{"east":{"uv":[3.5,0.5,4.25,0.625],"texture":"#8","tintindex":0},"south":{"uv":[8,6,8.25,6.125],"texture":"#8","tintindex":0},"west":{"uv":[3.5,2.75,4.25,2.875],"texture":"#8","tintindex":0}}}],"display":{"thirdperson_righthand":{"translation":[0,0.5,0.75],"scale":[0.55,0.55,0.55]},"thirdperson_lefthand":{"translation":[0,0.5,0.75],"scale":[0.55,0.55,0.55]},"firstperson_righthand":{"translation":[-1,3,2.5]},"firstperson_lefthand":{"translation":[-1,3,2.5]},"ground":{"translation":[0,3,0],"scale":[0.55,0.55,0.55]},"gui":{"rotation":[30,-145,0],"translation":[0.25,-1.75,0],"scale":[3.5,3.5,3.5]},"fixed":{"rotation":[0,90,0],"translation":[0,0.25,-1.5],"scale":[1.1,1.1,1.1]}},"groups":[{"name":"srs","origin":[8,8,8],"color":0,"nbt":"{}","children":[{"name":"part_f","origin":[8,8.875,6.125],"color":9,"nbt":"{}","children":[0,1,2,3,4,5,6,7,8,9,10]},{"name":"base_d","origin":[8.875,7.9375,8.625],"color":0,"nbt":"{}","children":[11,12]},{"name":"base_f","origin":[8.375,6.5,7.625],"color":0,"nbt":"{}","children":[13,14,15,16,17,18,19,20,21,22,23,24,25,26,27]},28,{"name":"knob_d","origin":[7.09375,8.97656,8.125],"color":0,"nbt":"{}","children":[29,30,31,32,33,34]},{"name":"body_d","origin":[8,8,8],"color":0,"nbt":"{}","children":[{"name":"group","origin":[7.09375,8.97656,8.125],"color":0,"nbt":"{}","children":[35,36,37,38,39,40,41,42,43,44,45,46,47,48,49,50,51,52,53,54,55,56,57,58,59,60,61,62,63,64,65,66,67,68,69,70,71,72,73,74,75,76,77,78,79,80,81,82,83,84,85,86,87,88,89,90,91,92,93,94,95,96,97]},{"name":"base","origin":[8.5,7.5,7.5],"color":0,"nbt":"{}","children":[98,99,100,101,102,103,104,105,106]},{"name":"octagon","origin":[8,8,8],"color":0,"nbt":"{}","children":[107,108,109,110]},{"name":"octagon","origin":[9.8125,8,8],"color":0,"nbt":"{}","children":[111,112,113,114]},{"name":"group","origin":[8,8.875,8.1875],"color":0,"nbt":"{}","children":[115,116,117,118,119,120,121,122,123,124,125,126,127,128,129,130]},{"name":"battery_d","origin":[8,8,8],"color":0,"nbt":"{}","children":[{"name":"octagon","origin":[8,8,8],"color":0,"nbt":"{}","children":[131,132,133,134]},{"name":"octagon","origin":[8,8,8],"color":0,"nbt":"{}","children":[135,136,137,138]},{"name":"octagon","origin":[8,8,8],"color":0,"nbt":"{}","children":[139,140,141,142,143,144]}]}]}]}]}