{"credit":"Made with Blockbench","textures":{"0":"tac:items/raythean","5":"tac:items/uh1","particle":"tac:items/raythean"},"elements":[{"from":[6.97969,9.55721,6.10475],"to":[6.97969,10.04549,8.17994],"shade":false,"rotation":{"angle":0,"axis":"y","origin":[8.73458,-13.4467,-5.46751]},"faces":{"north":{"uv":[0,0,0,0],"texture":"#0"},"east":{"uv":[1,0,0,1],"texture":"#0"},"south":{"uv":[0,0,0,0],"texture":"#0"},"west":{"uv":[0,6.03125,16,10.03125],"texture":"#0"},"up":{"uv":[0,0,0,0],"texture":"#0"},"down":{"uv":[0,0,0,0],"texture":"#0"}}},{"from":[9.02031,9.55721,6.10475],"to":[9.02031,10.04549,8.17994],"shade":false,"rotation":{"angle":0,"axis":"y","origin":[7.26542,-13.4467,-5.46751]},"faces":{"north":{"uv":[0,0,0,0],"texture":"#0"},"east":{"uv":[0,6.03125,16,10.03125],"texture":"#0"},"south":{"uv":[0,0,0,0],"texture":"#0"},"west":{"uv":[0,0,1,1],"texture":"#0"},"up":{"uv":[0,0,0,0],"texture":"#0"},"down":{"uv":[0,0,0,0],"texture":"#0"}}},{"from":[8.375,7.0625,6.6875],"to":[8.74105,7.5625,9.4375],"shade":false,"rotation":{"angle":0,"axis":"y","origin":[7.4375,3.10099,6.3125]},"faces":{"north":{"uv":[1,12.5,1.125,12.625],"texture":"#5"},"east":{"uv":[2.75,6,3.375,6.125],"texture":"#5"},"south":{"uv":[12.5,1,12.625,1.125],"texture":"#5"},"west":{"uv":[6,3.5,6.625,3.625],"texture":"#5"},"up":{"uv":[0.625,6.625,0.5,6],"texture":"#5"},"down":{"uv":[4.375,6,4.25,6.625],"texture":"#5"}}},{"from":[7.25895,7.0625,6.6875],"to":[7.625,7.5625,9.4375],"shade":false,"rotation":{"angle":0,"axis":"y","origin":[8.5625,3.10099,6.3125]},"faces":{"north":{"uv":[1.5,12.5,1.625,12.625],"texture":"#5"},"east":{"uv":[6,4,6.625,4.125],"texture":"#5"},"south":{"uv":[2,12.5,2.125,12.625],"texture":"#5"},"west":{"uv":[6,5.5,6.625,5.625],"texture":"#5"},"up":{"uv":[6.125,6.625,6,6],"texture":"#5"},"down":{"uv":[6.375,0,6.25,0.625],"texture":"#5"}}},{"from":[7.625,7.25,6.6875],"to":[8.375,7.5625,9.4375],"shade":false,"rotation":{"angle":0,"axis":"y","origin":[8.5,3.03125,6.3125]},"faces":{"north":{"uv":[8.75,5,9,5.125],"texture":"#5"},"south":{"uv":[8.75,5.5,9,5.625],"texture":"#5"},"up":{"uv":[3.25,2.25,3,1.5],"texture":"#5"},"down":{"uv":[2.25,3,2,3.75],"texture":"#5"}}},{"from":[8.91634,6.99276,9.35769],"to":[9.08724,7.64234,9.60108],"shade":false,"rotation":{"angle":0,"axis":"y","origin":[9.00073,7.47291,9.77051]},"faces":{"east":{"uv":[13,10.5,13.125,10.625],"texture":"#5"},"west":{"uv":[11,13,11.125,13.125],"texture":"#5"},"up":{"uv":[13.125,11.125,13,11],"texture":"#5"},"down":{"uv":[11.625,13,11.5,13.125],"texture":"#5"}}},{"from":[8.91423,7.18807,9.60108],"to":[9.08724,7.64234,9.78713],"shade":false,"rotation":{"angle":0,"axis":"y","origin":[9.00073,7.47291,9.82082]},"faces":{"north":{"uv":[13,11.5,13.125,11.625],"texture":"#5"},"east":{"uv":[12,13,12.125,13.125],"texture":"#5"},"west":{"uv":[13,12,13.125,12.125],"texture":"#5"},"up":{"uv":[12.625,13.125,12.5,13],"texture":"#5"}}},{"from":[8.91423,7.37263,9.78713],"to":[9.08724,7.64234,9.97319],"shade":false,"rotation":{"angle":0,"axis":"y","origin":[9.00073,7.47291,9.94437]},"faces":{"east":{"uv":[13,12.5,13.125,12.625],"texture":"#5"},"west":{"uv":[13,13,13.125,13.125],"texture":"#5"},"up":{"uv":[13.375,0.125,13.25,0],"texture":"#5"}}},{"from":[7.08594,6.90091,8.79613],"to":[7.25895,7.44861,9.21883],"shade":false,"rotation":{"angle":-45,"axis":"x","origin":[8.06266,4.39148,7.6268]},"faces":{"north":{"uv":[4,13.25,4.125,13.375],"texture":"#5"},"east":{"uv":[13.25,4,13.375,4.125],"texture":"#5"},"west":{"uv":[13.25,4.5,13.375,4.625],"texture":"#5"}}},{"from":[7.08594,6.99276,6.67921],"to":[7.25895,7.59054,9.41358],"shade":false,"rotation":{"angle":0,"axis":"y","origin":[8.06266,7.31535,6.87707]},"faces":{"east":{"uv":[6.25,5,6.875,5.125],"texture":"#5"},"west":{"uv":[6.5,1.5,7.125,1.625],"texture":"#5"},"down":{"uv":[1.125,6.5,1,7.125],"texture":"#5"}}},{"from":[8.91423,8.89987,8.10316],"to":[9.08724,9.81851,8.31215],"shade":false,"rotation":{"angle":45,"axis":"x","origin":[7.93962,6.39043,6.65454]},"faces":{"north":{"uv":[6,9,6.125,9.25],"texture":"#5"},"east":{"uv":[9,6,9.125,6.25],"texture":"#5"},"south":{"uv":[6.5,9,6.625,9.25],"texture":"#5"},"west":{"uv":[9,6.5,9.125,6.75],"texture":"#5"},"down":{"uv":[13.375,0.5,13.25,0.625],"texture":"#5"}}},{"from":[8.74105,6.99276,6.67921],"to":[8.91406,7.59054,9.41358],"shade":false,"rotation":{"angle":0,"axis":"y","origin":[7.93734,7.31535,6.87707]},"faces":{"east":{"uv":[6.25,1,6.875,1.125],"texture":"#5"},"west":{"uv":[6.25,2,6.875,2.125],"texture":"#5"},"down":{"uv":[6.375,2.5,6.25,3.125],"texture":"#5"}}},{"from":[8.74105,6.90091,8.79613],"to":[8.91406,7.44861,9.21883],"shade":false,"rotation":{"angle":-45,"axis":"x","origin":[7.93734,4.39148,7.6268]},"faces":{"north":{"uv":[13.25,1.5,13.375,1.625],"texture":"#5"},"east":{"uv":[13.25,2.5,13.375,2.625],"texture":"#5"},"west":{"uv":[13.25,3,13.375,3.125],"texture":"#5"},"up":{"uv":[3.625,13.375,3.5,13.25],"texture":"#5"}}},{"from":[6.74738,7.01228,9.12015],"to":[6.9448,7.53194,10.40433],"shade":false,"rotation":{"angle":0,"axis":"y","origin":[6.99391,-3.46903,8.50177]},"faces":{"north":{"uv":[7,11.5,7.125,11.625],"texture":"#5"},"east":{"uv":[2.75,7.5,3.125,7.625],"texture":"#5"},"south":{"uv":[7.5,11.5,7.625,11.625],"texture":"#5"},"west":{"uv":[7.5,3,7.875,3.125],"texture":"#5"},"up":{"uv":[3.625,7.875,3.5,7.5],"texture":"#5"},"down":{"uv":[4.125,7.5,4,7.875],"texture":"#5"}}},{"from":[6.64869,7.3785,8.79357],"to":[6.83649,7.53194,9.16154],"shade":false,"rotation":{"angle":22.5,"axis":"y","origin":[6.7866,7.28187,8.86857]},"faces":{"east":{"uv":[8,11.5,8.125,11.625],"texture":"#5"},"west":{"uv":[11.5,8,11.625,8.125],"texture":"#5"},"up":{"uv":[8.625,11.625,8.5,11.5],"texture":"#5"},"down":{"uv":[11.625,8.5,11.5,8.625],"texture":"#5"}}},{"from":[6.63049,7.3785,8.5591],"to":[6.82791,7.53194,8.85207],"shade":false,"rotation":{"angle":0,"axis":"y","origin":[6.79024,7.52602,8.65675]},"faces":{"north":{"uv":[9,11.5,9.125,11.625],"texture":"#5"},"east":{"uv":[11.5,9,11.625,9.125],"texture":"#5"},"west":{"uv":[9.5,11.5,9.625,11.625],"texture":"#5"},"up":{"uv":[11.625,9.625,11.5,9.5],"texture":"#5"},"down":{"uv":[10.125,11.5,10,11.625],"texture":"#5"}}},{"from":[6.64869,7.01228,8.79357],"to":[6.83649,7.16573,9.16154],"shade":false,"rotation":{"angle":22.5,"axis":"y","origin":[6.7866,7.28187,8.86857]},"faces":{"east":{"uv":[11.5,10,11.625,10.125],"texture":"#5"},"west":{"uv":[10.5,11.5,10.625,11.625],"texture":"#5"},"up":{"uv":[11.625,10.625,11.5,10.5],"texture":"#5"},"down":{"uv":[11.125,11.5,11,11.625],"texture":"#5"}}},{"from":[6.63049,7.01228,8.5591],"to":[6.82791,7.16573,8.85207],"shade":false,"rotation":{"angle":0,"axis":"y","origin":[6.79024,7.52602,8.65675]},"faces":{"north":{"uv":[11.5,11,11.625,11.125],"texture":"#5"},"east":{"uv":[11.5,11.5,11.625,11.625],"texture":"#5"},"west":{"uv":[11.75,0,11.875,0.125],"texture":"#5"},"up":{"uv":[11.875,0.625,11.75,0.5],"texture":"#5"},"down":{"uv":[11.875,1.5,11.75,1.625],"texture":"#5"}}},{"from":[6.66829,7.01228,7.8526],"to":[6.93896,7.53683,8.29205],"shade":false,"rotation":{"angle":-22.5,"axis":"y","origin":[8.00371,7.27455,8.42918]},"faces":{"north":{"uv":[11.75,2.5,11.875,2.625],"texture":"#5"},"east":{"uv":[11.75,3,11.875,3.125],"texture":"#5"},"south":{"uv":[3.5,11.75,3.625,11.875],"texture":"#5"},"west":{"uv":[4,11.75,4.125,11.875],"texture":"#5"},"up":{"uv":[11.875,4.125,11.75,4],"texture":"#5"},"down":{"uv":[11.875,4.5,11.75,4.625],"texture":"#5"}}},{"from":[6.904,7.01228,8.16921],"to":[7.10144,7.53683,8.87722],"shade":false,"rotation":{"angle":0,"axis":"y","origin":[8.00371,7.27455,8.42918]},"faces":{"north":{"uv":[6.5,12.5,6.625,12.625],"texture":"#5"},"west":{"uv":[12.5,6.5,12.625,6.625],"texture":"#5"},"up":{"uv":[7.125,12.625,7,12.5],"texture":"#5"},"down":{"uv":[7.625,12.5,7.5,12.625],"texture":"#5"}}},{"from":[6.81626,7.01228,8.42228],"to":[6.98928,7.53683,8.91935],"shade":false,"rotation":{"angle":22.5,"axis":"y","origin":[8.00371,7.27455,8.42918]},"faces":{"west":{"uv":[11.75,5,11.875,5.125],"texture":"#5"},"up":{"uv":[11.875,5.625,11.75,5.5],"texture":"#5"},"down":{"uv":[11.875,7,11.75,7.125],"texture":"#5"}}},{"from":[6.82243,7.01228,7.79146],"to":[6.87461,7.53683,7.92679],"shade":false,"rotation":{"angle":0,"axis":"y","origin":[8.00371,7.27455,8.42918]},"faces":{"north":{"uv":[11.75,7.5,11.875,7.625],"texture":"#5"},"east":{"uv":[0,12,0.125,12.125],"texture":"#5"},"south":{"uv":[0.5,12,0.625,12.125],"texture":"#5"},"west":{"uv":[1,12,1.125,12.125],"texture":"#5"},"up":{"uv":[12.125,1.125,12,1],"texture":"#5"},"down":{"uv":[1.625,12,1.5,12.125],"texture":"#5"}}},{"from":[6.66829,7.45173,8.29205],"to":[7.08545,7.53683,8.63385],"shade":false,"rotation":{"angle":-22.5,"axis":"y","origin":[8.00371,7.27455,8.42918]},"faces":{"south":{"uv":[2,12,2.125,12.125],"texture":"#5"},"west":{"uv":[12,2,12.125,2.125],"texture":"#5"},"up":{"uv":[2.625,12.125,2.5,12],"texture":"#5"},"down":{"uv":[3.125,12,3,12.125],"texture":"#5"}}},{"from":[6.66829,7.01228,8.29205],"to":[7.08545,7.09737,8.63385],"shade":false,"rotation":{"angle":-22.5,"axis":"y","origin":[8.00371,7.27455,8.42918]},"faces":{"north":{"uv":[12,3.5,12.125,3.625],"texture":"#5"},"south":{"uv":[4.5,12,4.625,12.125],"texture":"#5"},"west":{"uv":[5,12,5.125,12.125],"texture":"#5"},"up":{"uv":[5.625,12.125,5.5,12],"texture":"#5"},"down":{"uv":[6.125,12,6,12.125],"texture":"#5"}}},{"from":[6.68195,7.09041,8.41156],"to":[6.83056,7.45381,8.6557],"shade":false,"rotation":{"angle":-22.5,"axis":"y","origin":[8.00371,7.29409,8.42918]},"faces":{"north":{"uv":[12,6,12.125,6.125],"texture":"#5"},"east":{"uv":[6.5,12,6.625,12.125],"texture":"#5"},"west":{"uv":[12,6.5,12.125,6.625],"texture":"#5"},"up":{"uv":[7.125,12.125,7,12],"texture":"#5"},"down":{"uv":[7.625,12,7.5,12.125],"texture":"#5"}}},{"from":[6.68195,7.01228,8.6557],"to":[6.97704,7.53194,8.8266],"shade":false,"rotation":{"angle":-22.5,"axis":"y","origin":[8.00371,7.29409,8.42918]},"faces":{"north":{"uv":[8,12,8.125,12.125],"texture":"#5"},"south":{"uv":[12,8,12.125,8.125],"texture":"#5"},"west":{"uv":[8.5,12,8.625,12.125],"texture":"#5"},"up":{"uv":[12.125,8.625,12,8.5],"texture":"#5"},"down":{"uv":[9.125,12,9,12.125],"texture":"#5"}}},{"from":[9.04532,6.99276,7.95457],"to":[9.19736,7.64234,8.9679],"shade":false,"rotation":{"angle":22.5,"axis":"y","origin":[7.87871,7.27455,8.49168]},"faces":{"east":{"uv":[3.5,8.75,3.75,8.875],"texture":"#5"},"west":{"uv":[4,8.75,4.25,8.875],"texture":"#5"},"up":{"uv":[8.875,4.25,8.75,4],"texture":"#5"},"down":{"uv":[8.875,4.5,8.75,4.75],"texture":"#5"}}},{"from":[8.90685,6.99276,8.42702],"to":[9.27922,7.64234,9.16571],"shade":false,"rotation":{"angle":0,"axis":"y","origin":[7.87871,7.27455,8.42918]},"faces":{"east":{"uv":[12,9,12.125,9.125],"texture":"#5"},"up":{"uv":[9.625,12.125,9.5,12],"texture":"#5"},"down":{"uv":[12.125,9.5,12,9.625],"texture":"#5"}}},{"from":[9.09227,6.99276,7.95967],"to":[9.38983,7.64234,8.35618],"shade":false,"rotation":{"angle":-45,"axis":"y","origin":[7.87871,7.27455,8.42918]},"faces":{"east":{"uv":[10,12,10.125,12.125],"texture":"#5"},"south":{"uv":[12,10,12.125,10.125],"texture":"#5"},"up":{"uv":[10.625,12.125,10.5,12],"texture":"#5"},"down":{"uv":[12.125,10.5,12,10.625],"texture":"#5"}}},{"from":[8.84219,6.99276,8.45457],"to":[9.03104,7.64234,9.03965],"shade":false,"rotation":{"angle":22.5,"axis":"y","origin":[7.69121,7.27455,8.49168]},"faces":{"north":{"uv":[13.25,5.5,13.375,5.625],"texture":"#5"},"west":{"uv":[13.25,7,13.375,7.125],"texture":"#5"},"up":{"uv":[13.375,7.625,13.25,7.5],"texture":"#5"},"down":{"uv":[0.125,13.5,0,13.625],"texture":"#5"}}},{"from":[6.63049,7.01228,8.29054],"to":[6.92557,7.53194,8.48585],"shade":false,"rotation":{"angle":0,"axis":"y","origin":[8.00371,7.29409,8.42918]},"faces":{"south":{"uv":[11,12,11.125,12.125],"texture":"#5"},"west":{"uv":[12,11,12.125,11.125],"texture":"#5"},"up":{"uv":[11.625,12.125,11.5,12],"texture":"#5"},"down":{"uv":[12.125,11.5,12,11.625],"texture":"#5"}}},{"from":[6.71332,7.01228,7.95603],"to":[7.00841,7.53194,8.05368],"shade":false,"rotation":{"angle":22.5,"axis":"y","origin":[8.00371,7.29409,8.42918]},"faces":{"north":{"uv":[12,12,12.125,12.125],"texture":"#5"},"south":{"uv":[12.25,0,12.375,0.125],"texture":"#5"},"west":{"uv":[12.25,0.5,12.375,0.625],"texture":"#5"},"up":{"uv":[12.375,1.625,12.25,1.5],"texture":"#5"},"down":{"uv":[12.375,2.5,12.25,2.625],"texture":"#5"}}},{"from":[6.58166,7.1783,8.5591],"to":[6.96463,7.36592,8.87647],"shade":false,"rotation":{"angle":0,"axis":"y","origin":[8.00371,7.29409,8.42918]},"faces":{"west":{"uv":[12.25,3,12.375,3.125],"texture":"#5"},"up":{"uv":[3.625,12.375,3.5,12.25],"texture":"#5"},"down":{"uv":[4.125,12.25,4,12.375],"texture":"#5"}}},{"from":[6.64019,7.1783,8.00501],"to":[6.99401,7.36592,8.15157],"shade":false,"rotation":{"angle":22.5,"axis":"y","origin":[8.00371,7.29409,8.42918]},"faces":{"north":{"uv":[12.25,4,12.375,4.125],"texture":"#5"},"west":{"uv":[12.25,4.5,12.375,4.625],"texture":"#5"},"up":{"uv":[12.375,5.125,12.25,5],"texture":"#5"},"down":{"uv":[12.375,5.5,12.25,5.625],"texture":"#5"}}},{"from":[6.68188,7.1783,7.73992],"to":[6.95269,7.36592,8.01073],"shade":false,"rotation":{"angle":45,"axis":"y","origin":[8.00371,7.29409,8.42918]},"faces":{"south":{"uv":[12.25,7,12.375,7.125],"texture":"#5"},"west":{"uv":[12.25,7.5,12.375,7.625],"texture":"#5"},"up":{"uv":[0.125,12.625,0,12.5],"texture":"#5"},"down":{"uv":[0.625,12.5,0.5,12.625],"texture":"#5"}}},{"from":[8.9469,7.11834,8.63274],"to":[9.33752,7.43084,8.94524],"shade":false,"rotation":{"angle":-45,"axis":"x","origin":[9.14221,7.27459,8.78899]},"faces":{"north":{"uv":[10,11,10.125,11.125],"texture":"#5"},"east":{"uv":[11,10,11.125,10.125],"texture":"#5"},"south":{"uv":[10.5,11,10.625,11.125],"texture":"#5"},"west":{"uv":[11,10.5,11.125,10.625],"texture":"#5"},"up":{"uv":[11.125,11.125,11,11],"texture":"#5"},"down":{"uv":[11.375,0,11.25,0.125],"texture":"#5"}}},{"from":[8.51818,8.07123,10.04774],"to":[8.9088,8.63274,10.34071],"shade":false,"rotation":{"angle":0,"axis":"y","origin":[7.83458,8.0468,10.1454]},"faces":{"east":{"uv":[11.25,0.5,11.375,0.625],"texture":"#5"},"south":{"uv":[11.25,1.5,11.375,1.625],"texture":"#5"},"up":{"uv":[11.375,2.625,11.25,2.5],"texture":"#5"}}},{"from":[8.16724,8.14977,10.04774],"to":[8.42619,8.68495,10.34071],"shade":false,"rotation":{"angle":-45,"axis":"z","origin":[8.27971,8.23523,10.19422]},"faces":{"north":{"uv":[11.25,3,11.375,3.125],"texture":"#5"},"south":{"uv":[3.5,11.25,3.625,11.375],"texture":"#5"},"west":{"uv":[4,11.25,4.125,11.375],"texture":"#5"},"up":{"uv":[11.375,4.125,11.25,4],"texture":"#5"},"down":{"uv":[11.375,4.5,11.25,4.625],"texture":"#5"}}},{"from":[7.68966,8.57738,9.94519],"to":[8.32716,8.75409,10.23816],"shade":false,"rotation":{"angle":0,"axis":"y","origin":[8.00841,8.3668,10.18933]},"faces":{"east":{"uv":[11.25,5,11.375,5.125],"texture":"#5"},"south":{"uv":[11.25,5.5,11.375,5.625],"texture":"#5"},"west":{"uv":[11.25,7,11.375,7.125],"texture":"#5"},"up":{"uv":[11.375,7.625,11.25,7.5],"texture":"#5"}}},{"from":[7.59049,8.28164,9.94519],"to":[8.04127,8.489,10.23816],"shade":false,"rotation":{"angle":-45,"axis":"z","origin":[7.99707,8.3098,10.09168]},"faces":{"north":{"uv":[0,11.5,0.125,11.625],"texture":"#5"},"east":{"uv":[0.5,11.5,0.625,11.625],"texture":"#5"},"south":{"uv":[1,11.5,1.125,11.625],"texture":"#5"},"down":{"uv":[11.625,1,11.5,1.125],"texture":"#5"}}},{"from":[8.18291,8.28164,9.94519],"to":[8.42633,8.52026,10.23816],"shade":false,"rotation":{"angle":45,"axis":"z","origin":[8.01975,8.3098,10.09168]},"faces":{"north":{"uv":[1.5,11.5,1.625,11.625],"texture":"#5"},"south":{"uv":[2,11.5,2.125,11.625],"texture":"#5"},"down":{"uv":[11.625,2,11.5,2.125],"texture":"#5"}}},{"from":[7.10802,8.07123,10.04774],"to":[7.49865,8.63274,10.34071],"shade":false,"rotation":{"angle":0,"axis":"y","origin":[8.18224,8.0468,10.1454]},"faces":{"south":{"uv":[2.5,11.5,2.625,11.625],"texture":"#5"},"west":{"uv":[3,11.5,3.125,11.625],"texture":"#5"},"up":{"uv":[11.625,3.625,11.5,3.5],"texture":"#5"}}},{"from":[7.59063,8.14977,10.04774],"to":[7.84958,8.68495,10.34071],"shade":false,"rotation":{"angle":45,"axis":"z","origin":[7.73711,8.23523,10.19422]},"faces":{"north":{"uv":[4.5,11.5,4.625,11.625],"texture":"#5"},"east":{"uv":[5,11.5,5.125,11.625],"texture":"#5"},"south":{"uv":[5.5,11.5,5.625,11.625],"texture":"#5"},"up":{"uv":[6.125,11.625,6,11.5],"texture":"#5"},"down":{"uv":[11.625,6,11.5,6.125],"texture":"#5"}}},{"from":[8.32286,8.07123,10.04774],"to":[8.51818,8.26654,10.34071],"shade":false,"rotation":{"angle":0,"axis":"y","origin":[7.83458,8.0468,10.1454]},"faces":{"south":{"uv":[6.5,11.5,6.625,11.625],"texture":"#5"}}},{"from":[7.49865,8.07123,10.04774],"to":[7.69396,8.26654,10.34071],"shade":false,"rotation":{"angle":0,"axis":"y","origin":[8.18224,8.0468,10.1454]},"faces":{"south":{"uv":[11.5,6.5,11.625,6.625],"texture":"#5"}}},{"from":[6.8258,8.29034,8.03663],"to":[7.24083,8.41977,8.34913],"shade":false,"rotation":{"angle":22.5,"axis":"x","origin":[6.89904,8.35505,8.19288]},"faces":{"north":{"uv":[6,10,6.125,10.125],"texture":"#5"},"south":{"uv":[10,6,10.125,6.125],"texture":"#5"},"west":{"uv":[6.5,10,6.625,10.125],"texture":"#5"}}},{"from":[6.8258,8.29034,8.03663],"to":[7.24083,8.41977,8.34913],"shade":false,"rotation":{"angle":-22.5,"axis":"x","origin":[6.89904,8.35505,8.19288]},"faces":{"north":{"uv":[10,6.5,10.125,6.625],"texture":"#5"},"south":{"uv":[7,10,7.125,10.125],"texture":"#5"},"west":{"uv":[7.5,10,7.625,10.125],"texture":"#5"}}},{"from":[6.8258,8.1988,8.12816],"to":[7.24083,8.5113,8.2576],"shade":false,"rotation":{"angle":22.5,"axis":"x","origin":[6.89904,8.35505,8.19288]},"faces":{"west":{"uv":[8,10,8.125,10.125],"texture":"#5"},"up":{"uv":[10.125,8.125,10,8],"texture":"#5"},"down":{"uv":[8.625,10,8.5,10.125],"texture":"#5"}}},{"from":[6.8258,8.1988,8.12816],"to":[7.24083,8.5113,8.2576],"shade":false,"rotation":{"angle":-22.5,"axis":"x","origin":[6.89904,8.35505,8.19288]},"faces":{"west":{"uv":[10,8.5,10.125,8.625],"texture":"#5"},"up":{"uv":[9.125,10.125,9,10],"texture":"#5"},"down":{"uv":[10.125,9,10,9.125],"texture":"#5"}}},{"from":[6.70372,7.73791,6.81593],"to":[7.192,8.19095,7.90968],"shade":false,"rotation":{"angle":22.5,"axis":"x","origin":[6.41075,7.96443,7.3628]},"faces":{"north":{"uv":[9.75,5,9.875,5.125],"texture":"#5"},"south":{"uv":[9.75,5.5,9.875,5.625],"texture":"#5"},"west":{"uv":[8.25,5,8.5,5.125],"texture":"#5"},"up":{"uv":[8.375,5.75,8.25,5.5],"texture":"#5"},"down":{"uv":[8.375,7,8.25,7.25],"texture":"#5"}}},{"from":[6.70372,7.73791,6.81593],"to":[7.192,8.19095,7.90968],"shade":false,"rotation":{"angle":-22.5,"axis":"x","origin":[6.41075,7.96443,7.3628]},"faces":{"north":{"uv":[9.75,7,9.875,7.125],"texture":"#5"},"south":{"uv":[9.75,7.5,9.875,7.625],"texture":"#5"},"west":{"uv":[8.25,7.5,8.5,7.625],"texture":"#5"},"up":{"uv":[0.125,8.75,0,8.5],"texture":"#5"},"down":{"uv":[0.625,8.5,0.5,8.75],"texture":"#5"}}},{"from":[6.70372,7.41755,7.13629],"to":[7.192,8.5113,7.58932],"shade":false,"rotation":{"angle":22.5,"axis":"x","origin":[6.41075,7.96443,7.3628]},"faces":{"west":{"uv":[2,8.5,2.125,8.75],"texture":"#5"},"up":{"uv":[0.125,10.125,0,10],"texture":"#5"},"down":{"uv":[0.625,10,0.5,10.125],"texture":"#5"}}},{"from":[6.50841,7.61287,7.23394],"to":[6.70372,8.31599,7.49166],"shade":false,"rotation":{"angle":22.5,"axis":"x","origin":[6.60607,7.96443,7.3628]},"faces":{"north":{"uv":[1,10,1.125,10.125],"texture":"#5"},"south":{"uv":[10,1,10.125,1.125],"texture":"#5"},"west":{"uv":[1.5,10,1.625,10.125],"texture":"#5"},"up":{"uv":[2.125,10.125,2,10],"texture":"#5"},"down":{"uv":[10.125,2,10,2.125],"texture":"#5"}}},{"from":[6.55724,7.54451,7.45366],"to":[6.6549,8.38435,7.78952],"shade":false,"rotation":{"angle":22.5,"axis":"x","origin":[5.92247,7.96443,7.3628]},"faces":{"north":{"uv":[8.5,2,8.625,2.25],"texture":"#5"},"east":{"uv":[2.5,8.5,2.625,8.75],"texture":"#5"},"south":{"uv":[3,8.5,3.125,8.75],"texture":"#5"},"west":{"uv":[8.5,3.5,8.625,3.75],"texture":"#5"},"up":{"uv":[2.625,10.125,2.5,10],"texture":"#5"},"down":{"uv":[3.125,10,3,10.125],"texture":"#5"}}},{"from":[6.55724,7.72358,7.79406],"to":[6.6549,8.25093,7.95031],"shade":false,"rotation":{"angle":22.5,"axis":"x","origin":[5.92247,7.98726,7.30769]},"faces":{"east":{"uv":[12.5,2,12.625,2.125],"texture":"#5"},"south":{"uv":[2.5,12.5,2.625,12.625],"texture":"#5"},"west":{"uv":[3,12.5,3.125,12.625],"texture":"#5"},"up":{"uv":[12.625,3.625,12.5,3.5],"texture":"#5"},"down":{"uv":[4.625,12.5,4.5,12.625],"texture":"#5"}}},{"from":[6.54747,7.49568,7.29254],"to":[6.70372,8.43318,7.44283],"shade":false,"rotation":{"angle":22.5,"axis":"x","origin":[5.92247,7.96443,7.3628]},"faces":{"north":{"uv":[4.5,8.5,4.625,8.75],"texture":"#5"},"south":{"uv":[5,8.5,5.125,8.75],"texture":"#5"},"west":{"uv":[5.5,8.5,5.625,8.75],"texture":"#5"},"up":{"uv":[10.125,3.625,10,3.5],"texture":"#5"},"down":{"uv":[4.625,10,4.5,10.125],"texture":"#5"}}},{"from":[6.70372,7.41755,7.13629],"to":[7.192,8.5113,7.58932],"shade":false,"rotation":{"angle":-22.5,"axis":"x","origin":[6.41075,7.96443,7.3628]},"faces":{"north":{"uv":[6,8.5,6.125,8.75],"texture":"#5"},"south":{"uv":[8.5,6,8.625,6.25],"texture":"#5"},"west":{"uv":[6.5,8.5,6.625,8.75],"texture":"#5"},"up":{"uv":[5.125,10.125,5,10],"texture":"#5"},"down":{"uv":[5.625,10,5.5,10.125],"texture":"#5"}}},{"from":[8.9375,7.64585,6.22297],"to":[9.0625,7.90474,6.84797],"rotation":{"angle":22.5,"axis":"x","origin":[8.5625,7.7753,6.53547]},"faces":{"east":{"uv":[2.5,13.5,2.625,13.625],"texture":"#5"},"west":{"uv":[3,13.5,3.125,13.625],"texture":"#5"}}},{"from":[8.9375,7.64585,6.22297],"to":[9.0625,7.90474,6.84797],"rotation":{"angle":-22.5,"axis":"x","origin":[8.5625,7.7753,6.53547]},"faces":{"east":{"uv":[13.5,3.5,13.625,3.625],"texture":"#5"},"west":{"uv":[4.5,13.5,4.625,13.625],"texture":"#5"}}},{"from":[8.9375,7.4628,6.40603],"to":[9.0625,8.0878,6.66491],"rotation":{"angle":22.5,"axis":"x","origin":[8.5625,7.7753,6.53547]},"faces":{"east":{"uv":[5,13.5,5.125,13.625],"texture":"#5"},"west":{"uv":[5.5,13.5,5.625,13.625],"texture":"#5"}}},{"from":[8.9375,7.4628,6.40603],"to":[9.0625,8.0878,6.66491],"rotation":{"angle":-22.5,"axis":"x","origin":[8.5625,7.7753,6.53547]},"faces":{"east":{"uv":[6,13.5,6.125,13.625],"texture":"#5"},"west":{"uv":[13.5,6,13.625,6.125],"texture":"#5"}}},{"from":[8.9375,8.2396,7.94172],"to":[9.0625,8.49849,8.56672],"rotation":{"angle":22.5,"axis":"x","origin":[8.5625,8.36905,8.25422]},"faces":{"east":{"uv":[6.5,13.5,6.625,13.625],"texture":"#5"},"west":{"uv":[13.5,6.5,13.625,6.625],"texture":"#5"}}},{"from":[8.9375,8.2396,7.94172],"to":[9.0625,8.49849,8.56672],"rotation":{"angle":-22.5,"axis":"x","origin":[8.5625,8.36905,8.25422]},"faces":{"east":{"uv":[7,13.5,7.125,13.625],"texture":"#5"},"west":{"uv":[7.5,13.5,7.625,13.625],"texture":"#5"}}},{"from":[8.9375,8.05655,8.12478],"to":[9.0625,8.68155,8.38366],"rotation":{"angle":22.5,"axis":"x","origin":[8.5625,8.36905,8.25422]},"faces":{"east":{"uv":[8,13.5,8.125,13.625],"texture":"#5"},"west":{"uv":[13.5,8,13.625,8.125],"texture":"#5"}}},{"from":[8.9375,8.05655,8.12478],"to":[9.0625,8.68155,8.38366],"rotation":{"angle":-22.5,"axis":"x","origin":[8.5625,8.36905,8.25422]},"faces":{"east":{"uv":[8.5,13.5,8.625,13.625],"texture":"#5"},"west":{"uv":[13.5,8.5,13.625,8.625],"texture":"#5"}}},{"from":[6.89063,7.80755,9.8954],"to":[9.10938,8.83295,10.34071],"shade":false,"rotation":{"angle":-22.5,"axis":"x","origin":[8,8.0517,10.1454]},"faces":{"north":{"uv":[0.75,4,1.25,4.25],"texture":"#5","tintindex":0},"east":{"uv":[7.75,4,7.875,4.25],"texture":"#5","tintindex":0},"south":{"uv":[1.5,4,2,4.25],"texture":"#5","tintindex":0},"west":{"uv":[7.75,4.5,7.875,4.75],"texture":"#5","tintindex":0}}},{"from":[6.89063,8.03573,10.22163],"to":[9.10938,8.3287,10.41694],"shade":false,"rotation":{"angle":22.5,"axis":"x","origin":[8,8.10898,9.34273]},"faces":{"east":{"uv":[9.25,4,9.375,4.125],"texture":"#5","tintindex":0},"south":{"uv":[3,6.5,3.5,6.625],"texture":"#5","tintindex":0},"west":{"uv":[9.25,4.5,9.375,4.625],"texture":"#5","tintindex":0},"down":{"uv":[7,4.5,6.5,4.625],"texture":"#5","tintindex":0}}},{"from":[6.89063,7.63023,9.98683],"to":[9.10938,7.9232,10.30715],"shade":false,"rotation":{"angle":0,"axis":"y","origin":[8,8.24057,10.11183]},"faces":{"north":{"uv":[4.75,6.5,5.25,6.625],"texture":"#5","tintindex":0},"east":{"uv":[9.25,5,9.375,5.125],"texture":"#5","tintindex":0},"west":{"uv":[9.25,5.5,9.375,5.625],"texture":"#5","tintindex":0},"down":{"uv":[7,6,6.5,6.125],"texture":"#5","tintindex":0}}},{"from":[6.89063,8.4332,9.51124],"to":[9.10938,8.84823,10.02687],"shade":false,"rotation":{"angle":0,"axis":"y","origin":[7.21875,-11.07365,-5.8911]},"faces":{"north":{"uv":[6.5,6.5,7,6.625],"texture":"#5","tintindex":0},"east":{"uv":[9.25,7,9.375,7.125],"texture":"#5","tintindex":0},"west":{"uv":[9.25,7.5,9.375,7.625],"texture":"#5","tintindex":0},"up":{"uv":[7.25,0.125,6.75,0],"texture":"#5","tintindex":0},"down":{"uv":[7.25,0.5,6.75,0.625],"texture":"#5","tintindex":0}}},{"from":[6.89063,8.74568,5.82643],"to":[9.10938,8.84823,9.51124],"shade":false,"rotation":{"angle":0,"axis":"y","origin":[7.22489,-11.07854,-6.01439]},"faces":{"east":{"uv":[4.75,4,5.625,4.125],"texture":"#5","tintindex":0},"west":{"uv":[5,0,5.875,0.125],"texture":"#5","tintindex":0},"down":{"uv":[1.25,1.25,0.75,2.125],"texture":"#5","tintindex":0}}},{"from":[7,8.4576,6.01393],"to":[9,8.75057,9.51296],"shade":false,"rotation":{"angle":0,"axis":"y","origin":[7.23047,-11.1713,-6.01438]},"faces":{"east":{"uv":[0.5,5,1.375,5.125],"texture":"#5","tintindex":0},"west":{"uv":[3.75,5,4.625,5.125],"texture":"#5","tintindex":0},"down":{"uv":[2,0,1.5,0.875],"texture":"#5","tintindex":0}}},{"from":[6.93945,8.55038,9.09327],"to":[9.06055,8.7701,9.90187],"shade":false,"rotation":{"angle":0,"axis":"y","origin":[7.21875,-11.05412,-6.30907]},"faces":{"north":{"uv":[1.5,6.75,2,6.875],"texture":"#5","tintindex":0},"east":{"uv":[7.75,5,8,5.125],"texture":"#5","tintindex":0},"west":{"uv":[7.75,5.5,8,5.625],"texture":"#5","tintindex":0}}},{"from":[6.89063,8.4332,8.5591],"to":[9.10938,8.55526,9.51124],"shade":false,"rotation":{"angle":0,"axis":"y","origin":[7.21875,-11.09805,-6.0161]},"faces":{"east":{"uv":[0,8,0.25,8.125],"texture":"#5","tintindex":0},"west":{"uv":[0.5,8,0.75,8.125],"texture":"#5","tintindex":0},"up":{"uv":[4.5,3.75,4,3.5],"texture":"#5","tintindex":0},"down":{"uv":[4.5,4,4,4.25],"texture":"#5","tintindex":0}}},{"from":[6.8906,8.21418,5.82643],"to":[9.1094,8.74568,6.01652],"shade":false,"rotation":{"angle":0,"axis":"y","origin":[7.99998,8.48237,5.92148]},"faces":{"east":{"uv":[0,9.5,0.125,9.625],"texture":"#5","tintindex":0},"south":{"uv":[6.75,2.5,7.25,2.625],"texture":"#5","tintindex":0},"west":{"uv":[0.5,9.5,0.625,9.625],"texture":"#5","tintindex":0},"up":{"uv":[7.25,3.125,6.75,3],"texture":"#5","tintindex":0},"down":{"uv":[0.5,7,0,7.125],"texture":"#5","tintindex":0}}},{"from":[6.8929,7.34199,6.10931],"to":[7.2679,8.3091,6.28754],"shade":false,"rotation":{"angle":-22.5,"axis":"x","origin":[8.0625,7.54276,6.16723]},"faces":{"north":{"uv":[1,8,1.125,8.25],"texture":"#5","tintindex":0},"east":{"uv":[8,1,8.125,1.25],"texture":"#5","tintindex":0},"south":{"uv":[1.5,8,1.625,8.25],"texture":"#5","tintindex":0},"west":{"uv":[2,8,2.125,8.25],"texture":"#5","tintindex":0},"up":{"uv":[1.125,9.625,1,9.5],"texture":"#5","tintindex":0}}},{"from":[6.8929,7.33511,6.19055],"to":[7.2679,7.77592,7.3628],"shade":false,"rotation":{"angle":0,"axis":"y","origin":[8.06477,7.43762,7.08204]},"faces":{"east":{"uv":[8,2,8.25,2.125],"texture":"#5","tintindex":0},"south":{"uv":[9.5,1,9.625,1.125],"texture":"#5","tintindex":0},"west":{"uv":[2.5,8,2.75,8.125],"texture":"#5","tintindex":0},"up":{"uv":[3.125,8.25,3,8],"texture":"#5","tintindex":0},"down":{"uv":[4.625,8,4.5,8.25],"texture":"#5","tintindex":0}}},{"from":[8.73438,7.34198,6.10931],"to":[9.10938,8.3091,6.28754],"shade":false,"rotation":{"angle":-22.5,"axis":"x","origin":[7.9375,7.54276,6.16723]},"faces":{"north":{"uv":[7,9,7.125,9.25],"texture":"#5","tintindex":0},"east":{"uv":[7.5,9,7.625,9.25],"texture":"#5","tintindex":0},"south":{"uv":[8,9,8.125,9.25],"texture":"#5","tintindex":0},"west":{"uv":[9,8,9.125,8.25],"texture":"#5","tintindex":0},"up":{"uv":[13.375,5.125,13.25,5],"texture":"#5","tintindex":0}}},{"from":[8.73438,7.3351,6.19055],"to":[9.10938,7.43412,7.68018],"shade":false,"rotation":{"angle":0,"axis":"y","origin":[7.95313,7.43762,7.08204]},"faces":{"east":{"uv":[6,7,6.375,7.125],"texture":"#5","tintindex":0},"west":{"uv":[6.75,7,7.125,7.125],"texture":"#5","tintindex":0},"up":{"uv":[1.625,7.625,1.5,7.25],"texture":"#5","tintindex":0},"down":{"uv":[7.375,4.5,7.25,4.875],"texture":"#5","tintindex":0}}},{"from":[8.71875,7.31398,7.60401],"to":[9.10938,7.41299,8.50087],"shade":false,"rotation":{"angle":-45,"axis":"x","origin":[7.9375,7.41649,7.61658]},"faces":{"east":{"uv":[5,8,5.25,8.125],"texture":"#5","tintindex":0},"west":{"uv":[5.5,8,5.75,8.125],"texture":"#5","tintindex":0},"up":{"uv":[6.125,8.25,6,8],"texture":"#5","tintindex":0},"down":{"uv":[8.125,6,8,6.25],"texture":"#5","tintindex":0}}},{"from":[6.8929,8.46011,7.15715],"to":[7.28352,8.74568,7.5503],"shade":false,"rotation":{"angle":0,"axis":"y","origin":[8.06477,8.25012,7.08204]},"faces":{"north":{"uv":[10,13,10.125,13.125],"texture":"#5","tintindex":0},"south":{"uv":[13,10,13.125,10.125],"texture":"#5","tintindex":0},"west":{"uv":[10.5,13,10.625,13.125],"texture":"#5","tintindex":0}}},{"from":[6.8929,8.11591,7.60918],"to":[8.62337,8.21357,8.48808],"shade":false,"rotation":{"angle":-22.5,"axis":"x","origin":[8.00227,8.36005,8.84208]},"faces":{"east":{"uv":[6.5,8,6.75,8.125],"texture":"#5","tintindex":0},"west":{"uv":[8,6.5,8.25,6.625],"texture":"#5","tintindex":0},"up":{"uv":[0.875,5.75,0.5,5.5],"texture":"#5","tintindex":0},"down":{"uv":[5.875,0.5,5.5,0.75],"texture":"#5","tintindex":0}}},{"from":[6.8929,8.02121,8.4481],"to":[8.62337,8.28977,8.54576],"shade":false,"rotation":{"angle":-22.5,"axis":"x","origin":[8.00227,8.22874,8.32604]},"faces":{"north":{"uv":[7.25,1,7.625,1.125],"texture":"#5","tintindex":0},"east":{"uv":[1.5,9.5,1.625,9.625],"texture":"#5","tintindex":0},"south":{"uv":[7.25,2,7.625,2.125],"texture":"#5","tintindex":0},"west":{"uv":[2,9.5,2.125,9.625],"texture":"#5","tintindex":0}}},{"from":[6.8929,7.99902,8.5108],"to":[8.62337,8.1211,8.60846],"shade":false,"rotation":{"angle":0,"axis":"y","origin":[8.00227,8.4751,8.55963]},"faces":{"north":{"uv":[7.25,6,7.625,6.125],"texture":"#5","tintindex":0},"south":{"uv":[7.25,6.5,7.625,6.625],"texture":"#5","tintindex":0},"west":{"uv":[9.5,2,9.625,2.125],"texture":"#5","tintindex":0},"up":{"uv":[0.375,7.625,0,7.5],"texture":"#5","tintindex":0},"down":{"uv":[7.875,0,7.5,0.125],"texture":"#5","tintindex":0}}},{"from":[6.89063,8.17991,8.48473],"to":[8.71875,8.29482,8.72173],"shade":false,"rotation":{"angle":-45,"axis":"x","origin":[8,8.22874,8.32604]},"faces":{"north":{"uv":[2.25,7,2.75,7.125],"texture":"#5","tintindex":0},"east":{"uv":[2.5,9.5,2.625,9.625],"texture":"#5","tintindex":0},"west":{"uv":[3,9.5,3.125,9.625],"texture":"#5","tintindex":0},"up":{"uv":[3.5,7.125,3,7],"texture":"#5","tintindex":0},"down":{"uv":[7.5,3.5,7,3.625],"texture":"#5","tintindex":0}}},{"from":[6.8929,8.30641,8.25305],"to":[8.62337,8.40407,8.47277],"shade":false,"rotation":{"angle":0,"axis":"y","origin":[8.00227,8.35524,8.09435]},"faces":{"west":{"uv":[9.5,3.5,9.625,3.625],"texture":"#5","tintindex":0},"up":{"uv":[7.875,0.625,7.5,0.5],"texture":"#5","tintindex":0},"down":{"uv":[1.125,7.5,0.75,7.625],"texture":"#5","tintindex":0}}},{"from":[6.8929,8.27904,7.99757],"to":[7.52766,8.44085,8.38819],"shade":false,"rotation":{"angle":22.5,"axis":"x","origin":[6.69759,8.35995,8.19288]},"faces":{"north":{"uv":[4.5,9.5,4.625,9.625],"texture":"#5","tintindex":0},"east":{"uv":[5,9.5,5.125,9.625],"texture":"#5","tintindex":0},"south":{"uv":[5.5,9.5,5.625,9.625],"texture":"#5","tintindex":0},"west":{"uv":[6,9.5,6.125,9.625],"texture":"#5","tintindex":0}}},{"from":[6.8929,8.16463,8.11198],"to":[7.52766,8.55526,8.27379],"shade":false,"rotation":{"angle":-22.5,"axis":"x","origin":[6.69759,8.35995,8.19288]},"faces":{"east":{"uv":[9.5,6,9.625,6.125],"texture":"#5","tintindex":0},"west":{"uv":[6.5,9.5,6.625,9.625],"texture":"#5","tintindex":0},"up":{"uv":[9.625,6.625,9.5,6.5],"texture":"#5","tintindex":0},"down":{"uv":[7.125,9.5,7,9.625],"texture":"#5","tintindex":0}}},{"from":[6.8929,8.16463,8.11198],"to":[7.52766,8.55526,8.27379],"shade":false,"rotation":{"angle":22.5,"axis":"x","origin":[6.69759,8.35995,8.19288]},"faces":{"east":{"uv":[7.5,9.5,7.625,9.625],"texture":"#5","tintindex":0},"west":{"uv":[8,9.5,8.125,9.625],"texture":"#5","tintindex":0},"up":{"uv":[9.625,8.125,9.5,8],"texture":"#5","tintindex":0},"down":{"uv":[8.625,9.5,8.5,9.625],"texture":"#5","tintindex":0}}},{"from":[6.8929,8.10974,7.88641],"to":[8.62337,8.20388,8.02154],"shade":false,"rotation":{"angle":-22.5,"axis":"x","origin":[8.00227,8.2074,7.74077]},"faces":{"east":{"uv":[9.5,8.5,9.625,8.625],"texture":"#5","tintindex":0},"west":{"uv":[9,9.5,9.125,9.625],"texture":"#5","tintindex":0},"up":{"uv":[7.875,1.625,7.5,1.5],"texture":"#5","tintindex":0},"down":{"uv":[2.375,7.5,2,7.625],"texture":"#5","tintindex":0}}},{"from":[6.8929,8.27904,7.99757],"to":[7.52766,8.44085,8.38819],"shade":false,"rotation":{"angle":-22.5,"axis":"x","origin":[6.69759,8.35995,8.19288]},"faces":{"north":{"uv":[9.5,9,9.625,9.125],"texture":"#5","tintindex":0},"east":{"uv":[9.5,9.5,9.625,9.625],"texture":"#5","tintindex":0},"south":{"uv":[9.75,0,9.875,0.125],"texture":"#5","tintindex":0},"west":{"uv":[9.75,0.5,9.875,0.625],"texture":"#5","tintindex":0}}},{"from":[6.89063,8.70174,9.48263],"to":[9.10938,8.7994,9.58029],"shade":false,"rotation":{"angle":-45,"axis":"x","origin":[8,8.75057,9.53146]},"faces":{"north":{"uv":[5.25,7,5.75,7.125],"texture":"#5","tintindex":0},"east":{"uv":[6,12.5,6.125,12.625],"texture":"#5","tintindex":0},"west":{"uv":[12.5,6,12.625,6.125],"texture":"#5","tintindex":0}}},{"from":[6.89063,8.57548,9.45404],"to":[9.10938,8.67313,9.55169],"shade":false,"rotation":{"angle":-45,"axis":"x","origin":[8,8.6243,9.60052]},"faces":{"east":{"uv":[5,12.5,5.125,12.625],"texture":"#5","tintindex":0},"west":{"uv":[5.5,12.5,5.625,12.625],"texture":"#5","tintindex":0},"up":{"uv":[5,7.125,4.5,7],"texture":"#5","tintindex":0}}},{"from":[7.2656,7.70851,5.69167],"to":[8.7344,8.56299,6.26517],"shade":false,"rotation":{"angle":-22.5,"axis":"x","origin":[7.97673,8.13575,6.22842]},"faces":{"north":{"uv":[5.5,1,5.875,1.25],"texture":"#5","tintindex":0},"east":{"uv":[7,8,7.125,8.25],"texture":"#5","tintindex":0},"west":{"uv":[7.5,8,7.625,8.25],"texture":"#5","tintindex":0}}},{"from":[7.2656,7.53562,5.89604],"to":[8.7344,8.01902,6.96954],"shade":false,"rotation":{"angle":0,"axis":"y","origin":[7.14716,8.80515,6.31035]},"faces":{"east":{"uv":[8,8,8.25,8.125],"texture":"#5","tintindex":0},"south":{"uv":[7.5,2.5,7.875,2.625],"texture":"#5","tintindex":0},"west":{"uv":[8.25,0,8.5,0.125],"texture":"#5","tintindex":0},"down":{"uv":[5.875,2,5.5,2.25],"texture":"#5","tintindex":0}}},{"from":[8.81868,8.55526,8.5009],"to":[9.10937,8.74568,8.60598],"shade":false,"rotation":{"angle":0,"axis":"y","origin":[7.15852,-11.05412,24.2466]},"faces":{"east":{"uv":[2,13.5,2.125,13.625],"texture":"#5","tintindex":0},"south":{"uv":[13.5,2,13.625,2.125],"texture":"#5","tintindex":0}}},{"from":[6.8929,7.38338,7.1201],"to":[7.23469,8.55526,7.60551],"shade":false,"rotation":{"angle":-22.5,"axis":"x","origin":[7.57649,7.96932,7.3628]},"faces":{"east":{"uv":[8.25,0.5,8.375,0.75],"texture":"#5","tintindex":0},"west":{"uv":[8.25,1.5,8.375,1.75],"texture":"#5","tintindex":0},"up":{"uv":[9.875,1.625,9.75,1.5],"texture":"#5","tintindex":0},"down":{"uv":[9.875,2.5,9.75,2.625],"texture":"#5","tintindex":0}}},{"from":[6.8929,7.72662,6.77687],"to":[7.23469,8.21202,7.94874],"shade":false,"rotation":{"angle":22.5,"axis":"x","origin":[7.57649,7.96932,7.3628]},"faces":{"north":{"uv":[9.75,3,9.875,3.125],"texture":"#5","tintindex":0},"east":{"uv":[8.25,2.5,8.5,2.625],"texture":"#5","tintindex":0},"south":{"uv":[3.5,9.75,3.625,9.875],"texture":"#5","tintindex":0},"west":{"uv":[8.25,3,8.5,3.125],"texture":"#5","tintindex":0}}},{"from":[6.8929,7.72662,6.77687],"to":[7.23469,8.21202,7.94874],"shade":false,"rotation":{"angle":-22.5,"axis":"x","origin":[7.57649,7.96932,7.3628]},"faces":{"north":{"uv":[4,9.75,4.125,9.875],"texture":"#5","tintindex":0},"east":{"uv":[3.5,8.25,3.75,8.375],"texture":"#5","tintindex":0},"south":{"uv":[9.75,4,9.875,4.125],"texture":"#5","tintindex":0},"west":{"uv":[4,8.25,4.25,8.375],"texture":"#5","tintindex":0}}},{"from":[6.8929,7.67635,7.1201],"to":[7.23469,8.55526,7.60551],"shade":false,"rotation":{"angle":22.5,"axis":"x","origin":[7.57649,7.96932,7.3628]},"faces":{"east":{"uv":[8.25,4,8.375,4.25],"texture":"#5","tintindex":0},"west":{"uv":[8.25,4.5,8.375,4.75],"texture":"#5","tintindex":0},"up":{"uv":[9.875,4.625,9.75,4.5],"texture":"#5","tintindex":0}}},{"from":[7.08594,7.59054,6.10583],"to":[8.91406,8.49384,9.99646],"shade":false,"rotation":{"angle":0,"axis":"y","origin":[7.99984,5.17385,8.93479]},"faces":{"north":{"uv":[3.5,2,4,2.25],"texture":"#5","tintindex":0},"east":{"uv":[0.75,2.5,1.75,2.75],"texture":"#5","tintindex":0},"west":{"uv":[2,2.5,3,2.75],"texture":"#5","tintindex":0},"down":{"uv":[0.5,0,0,1],"texture":"#5","tintindex":0}}},{"from":[7,7.34046,7.36769],"to":[9,8.4576,8.80519],"shade":false,"rotation":{"angle":0,"axis":"y","origin":[8,7.89903,8.08644]},"faces":{"north":{"uv":[4.25,0,4.75,0.25],"texture":"#5","tintindex":0},"east":{"uv":[5.5,2.5,5.875,2.75],"texture":"#5","tintindex":0},"west":{"uv":[5.5,3,5.875,3.25],"texture":"#5","tintindex":0},"down":{"uv":[3,3,2.5,3.375],"texture":"#5","tintindex":0}}},{"from":[8.66084,7.34046,8.73773],"to":[8.91345,8.4576,9.24033],"shade":false,"rotation":{"angle":-22.5,"axis":"y","origin":[8.78714,7.89903,8.98903]},"faces":{"east":{"uv":[9,8.5,9.125,8.75],"texture":"#5","tintindex":0},"up":{"uv":[13.625,1.125,13.5,1],"texture":"#5","tintindex":0},"down":{"uv":[1.625,13.5,1.5,13.625],"texture":"#5","tintindex":0}}},{"from":[7.08655,7.34046,8.73773],"to":[7.33916,8.4576,9.24033],"shade":false,"rotation":{"angle":22.5,"axis":"y","origin":[7.21286,7.89903,8.98903]},"faces":{"west":{"uv":[8.5,9,8.625,9.25],"texture":"#5","tintindex":0},"up":{"uv":[0.625,13.625,0.5,13.5],"texture":"#5","tintindex":0},"down":{"uv":[1.125,13.5,1,13.625],"texture":"#5","tintindex":0}}},{"from":[7.08821,7.98116,5.93494],"to":[8.91406,8.49384,6.10583],"shade":false,"rotation":{"angle":0,"axis":"y","origin":[8.00212,5.17385,8.30074]},"faces":{"east":{"uv":[3.75,6.5,3.875,6.75],"texture":"#5","tintindex":0},"south":{"uv":[2.5,3.75,3,4],"texture":"#5","tintindex":0},"west":{"uv":[5.5,6.5,5.625,6.75],"texture":"#5","tintindex":0}}},{"from":[8.74105,8.89987,7.68519],"to":[8.91406,10.00601,8.12465],"shade":false,"rotation":{"angle":45,"axis":"x","origin":[7.93734,6.39043,6.46704]},"faces":{"east":{"uv":[9,9,9.125,9.25],"texture":"#5","tintindex":0},"south":{"uv":[9.25,0,9.375,0.25],"texture":"#5","tintindex":0},"west":{"uv":[9.25,0.5,9.375,0.75],"texture":"#5","tintindex":0}}},{"from":[7.08594,8.89986,7.68519],"to":[7.25895,10.006,8.12465],"shade":false,"rotation":{"angle":45,"axis":"x","origin":[8.06266,6.39042,6.46704]},"faces":{"east":{"uv":[9.25,1.5,9.375,1.75],"texture":"#5","tintindex":0},"south":{"uv":[9.25,2.5,9.375,2.75],"texture":"#5","tintindex":0},"west":{"uv":[9.25,3,9.375,3.25],"texture":"#5","tintindex":0}}},{"from":[7.25895,7.3413,8.80519],"to":[8.74105,7.7076,9.76212],"shade":false,"rotation":{"angle":0,"axis":"y","origin":[7.26562,-11.1713,-6.01438]},"faces":{"east":{"uv":[3.5,9.25,3.75,9.375],"texture":"#5","tintindex":0},"west":{"uv":[4,9.25,4.25,9.375],"texture":"#5","tintindex":0},"down":{"uv":[6.125,1.5,5.75,1.75],"texture":"#5","tintindex":0}}},{"from":[7.25895,9.39277,7.88051],"to":[8.74105,10.00601,8.12465],"shade":false,"rotation":{"angle":45,"axis":"x","origin":[8.00326,6.39043,6.46704]},"faces":{"south":{"uv":[7.75,3.5,8.125,3.625],"texture":"#5","tintindex":0}}},{"from":[8.84083,8.06826,6.38286],"to":[9.10937,8.16592,6.70646],"shade":false,"rotation":{"angle":-22.5,"axis":"x","origin":[8.40137,7.77529,6.54466]},"faces":{"north":{"uv":[11,1,11.125,1.125],"texture":"#5","tintindex":0},"east":{"uv":[1.5,11,1.625,11.125],"texture":"#5","tintindex":0},"south":{"uv":[2,11,2.125,11.125],"texture":"#5","tintindex":0},"west":{"uv":[11,2,11.125,2.125],"texture":"#5","tintindex":0},"up":{"uv":[2.625,11.125,2.5,11],"texture":"#5","tintindex":0},"down":{"uv":[3.125,11,3,11.125],"texture":"#5","tintindex":0}}},{"from":[8.792,7.37787,6.33958],"to":[9.06055,8.0897,7.14036],"shade":false,"rotation":{"angle":0,"axis":"y","origin":[8.30372,7.6044,6.81322]},"faces":{"north":{"uv":[10.25,0.5,10.375,0.625],"texture":"#5","tintindex":0},"east":{"uv":[8.75,0.5,9,0.625],"texture":"#5","tintindex":0},"south":{"uv":[10.25,1.5,10.375,1.625],"texture":"#5","tintindex":0},"west":{"uv":[8.75,1.5,9,1.625],"texture":"#5","tintindex":0},"up":{"uv":[8.875,2.75,8.75,2.5],"texture":"#5","tintindex":0}}},{"from":[8.792,7.49506,6.22239],"to":[9.06055,8.01157,6.33958],"shade":false,"rotation":{"angle":0,"axis":"y","origin":[8.30372,7.6044,6.65697]},"faces":{"east":{"uv":[8,12.5,8.125,12.625],"texture":"#5","tintindex":0},"west":{"uv":[12.5,8,12.625,8.125],"texture":"#5","tintindex":0},"down":{"uv":[8.625,12.5,8.5,12.625],"texture":"#5","tintindex":0}}},{"from":[8.84083,7.38467,6.40727],"to":[9.10937,7.48232,6.70646],"shade":false,"rotation":{"angle":22.5,"axis":"x","origin":[8.40137,7.77529,6.54466]},"faces":{"east":{"uv":[5.5,11,5.625,11.125],"texture":"#5","tintindex":0},"west":{"uv":[6,11,6.125,11.125],"texture":"#5","tintindex":0},"up":{"uv":[11.125,6.125,11,6],"texture":"#5","tintindex":0},"down":{"uv":[6.625,11,6.5,11.125],"texture":"#5","tintindex":0}}},{"from":[8.84083,7.38467,6.38286],"to":[9.10937,7.48232,6.70646],"shade":false,"rotation":{"angle":-22.5,"axis":"x","origin":[8.40137,7.77529,6.54466]},"faces":{"east":{"uv":[11,6.5,11.125,6.625],"texture":"#5","tintindex":0},"south":{"uv":[7,11,7.125,11.125],"texture":"#5","tintindex":0},"west":{"uv":[7.5,11,7.625,11.125],"texture":"#5","tintindex":0},"up":{"uv":[8.125,11.125,8,11],"texture":"#5","tintindex":0},"down":{"uv":[11.125,8,11,8.125],"texture":"#5","tintindex":0}}},{"from":[8.84083,7.61349,6.83763],"to":[9.10937,7.93709,6.93529],"shade":false,"rotation":{"angle":22.5,"axis":"x","origin":[8.40137,7.77529,6.54466]},"faces":{"north":{"uv":[8.5,11,8.625,11.125],"texture":"#5","tintindex":0},"east":{"uv":[11,8.5,11.125,8.625],"texture":"#5","tintindex":0},"south":{"uv":[9,11,9.125,11.125],"texture":"#5","tintindex":0},"west":{"uv":[11,9,11.125,9.125],"texture":"#5","tintindex":0},"up":{"uv":[9.625,11.125,9.5,11],"texture":"#5","tintindex":0},"down":{"uv":[11.125,9.5,11,9.625],"texture":"#5","tintindex":0}}},{"from":[8.84083,8.06826,6.38286],"to":[9.10937,8.16592,6.70646],"shade":false,"rotation":{"angle":22.5,"axis":"x","origin":[8.40137,7.77529,6.54466]},"faces":{"north":{"uv":[10.75,5.5,10.875,5.625],"texture":"#5","tintindex":0},"east":{"uv":[10.75,7,10.875,7.125],"texture":"#5","tintindex":0},"south":{"uv":[10.75,7.5,10.875,7.625],"texture":"#5","tintindex":0},"west":{"uv":[0,11,0.125,11.125],"texture":"#5","tintindex":0},"up":{"uv":[0.625,11.125,0.5,11],"texture":"#5","tintindex":0},"down":{"uv":[1.125,11,1,11.125],"texture":"#5","tintindex":0}}},{"from":[8.84083,7.61349,6.83763],"to":[9.10937,7.93709,6.93529],"shade":false,"rotation":{"angle":-22.5,"axis":"x","origin":[8.40137,7.77529,6.54466]},"faces":{"north":{"uv":[10.75,3,10.875,3.125],"texture":"#5","tintindex":0},"east":{"uv":[3.5,10.75,3.625,10.875],"texture":"#5","tintindex":0},"south":{"uv":[4,10.75,4.125,10.875],"texture":"#5","tintindex":0},"west":{"uv":[10.75,4,10.875,4.125],"texture":"#5","tintindex":0},"up":{"uv":[10.875,4.625,10.75,4.5],"texture":"#5","tintindex":0},"down":{"uv":[10.875,5,10.75,5.125],"texture":"#5","tintindex":0}}},{"from":[8.792,7.74409,6.90111],"to":[9.06055,8.19712,7.99486],"shade":false,"rotation":{"angle":45,"axis":"x","origin":[8.30372,7.9706,7.44799]},"faces":{"north":{"uv":[9.5,10,9.625,10.125],"texture":"#5","tintindex":0},"east":{"uv":[8.5,6.5,8.75,6.625],"texture":"#5","tintindex":0},"west":{"uv":[7,8.5,7.25,8.625],"texture":"#5","tintindex":0},"down":{"uv":[7.625,8.5,7.5,8.75],"texture":"#5","tintindex":0}}},{"from":[8.792,7.42373,7.22146],"to":[9.06055,8.51748,7.6745],"shade":false,"rotation":{"angle":0,"axis":"y","origin":[8.30372,7.9706,7.44799]},"faces":{"east":{"uv":[8.75,3,8.875,3.25],"texture":"#5","tintindex":0},"up":{"uv":[10.375,2.625,10.25,2.5],"texture":"#5","tintindex":0}}},{"from":[8.792,7.3749,7.22146],"to":[9.06055,8.51748,7.6745],"shade":false,"rotation":{"angle":45,"axis":"x","origin":[8.30372,7.9706,7.44799]},"faces":{"east":{"uv":[8.5,8.5,8.625,8.75],"texture":"#5","tintindex":0},"west":{"uv":[8.75,0,8.875,0.25],"texture":"#5","tintindex":0},"up":{"uv":[10.125,10.125,10,10],"texture":"#5","tintindex":0},"down":{"uv":[10.375,0,10.25,0.125],"texture":"#5","tintindex":0}}},{"from":[8.792,7.74409,6.90111],"to":[9.06055,8.19712,7.99486],"shade":false,"rotation":{"angle":0,"axis":"y","origin":[8.30372,7.9706,7.44799]},"faces":{"north":{"uv":[10,9.5,10.125,9.625],"texture":"#5","tintindex":0},"east":{"uv":[8,8.5,8.25,8.625],"texture":"#5","tintindex":0},"up":{"uv":[8.625,8.25,8.5,8],"texture":"#5","tintindex":0}}},{"from":[8.792,7.77045,7.90963],"to":[9.06055,8.06723,8.12838],"shade":false,"rotation":{"angle":45,"axis":"x","origin":[8.92627,7.91103,8.05026]},"faces":{"east":{"uv":[12.5,8.5,12.625,8.625],"texture":"#5","tintindex":0},"west":{"uv":[9,12.5,9.125,12.625],"texture":"#5","tintindex":0}}},{"from":[8.84083,7.97135,8.0868],"to":[9.10937,8.069,8.4104],"shade":false,"rotation":{"angle":22.5,"axis":"x","origin":[8.9751,8.36197,8.2486]},"faces":{"north":{"uv":[3,10.5,3.125,10.625],"texture":"#5","tintindex":0},"east":{"uv":[10.5,3.5,10.625,3.625],"texture":"#5","tintindex":0},"west":{"uv":[4.5,10.5,4.625,10.625],"texture":"#5","tintindex":0},"up":{"uv":[5.125,10.625,5,10.5],"texture":"#5","tintindex":0},"down":{"uv":[5.625,10.5,5.5,10.625],"texture":"#5","tintindex":0}}},{"from":[8.84083,8.20018,7.85798],"to":[9.10937,8.52377,7.95563],"shade":false,"rotation":{"angle":-22.5,"axis":"x","origin":[8.9751,8.36197,8.2486]},"faces":{"north":{"uv":[10.25,3,10.375,3.125],"texture":"#5","tintindex":0},"east":{"uv":[3.5,10.25,3.625,10.375],"texture":"#5","tintindex":0},"south":{"uv":[4,10.25,4.125,10.375],"texture":"#5","tintindex":0},"west":{"uv":[10.25,4,10.375,4.125],"texture":"#5","tintindex":0},"down":{"uv":[10.375,4.5,10.25,4.625],"texture":"#5","tintindex":0}}},{"from":[8.84083,8.20017,7.85798],"to":[9.10937,8.52378,7.95564],"shade":false,"rotation":{"angle":22.5,"axis":"x","origin":[8.9751,8.36197,8.2486]},"faces":{"north":{"uv":[1.5,10.5,1.625,10.625],"texture":"#5","tintindex":0},"east":{"uv":[2,10.5,2.125,10.625],"texture":"#5","tintindex":0},"south":{"uv":[10.5,2,10.625,2.125],"texture":"#5","tintindex":0},"west":{"uv":[2.5,10.5,2.625,10.625],"texture":"#5","tintindex":0}}},{"from":[8.84083,8.65494,8.0868],"to":[9.10937,8.7526,8.4104],"shade":false,"rotation":{"angle":-22.5,"axis":"x","origin":[8.9751,8.36197,8.2486]},"faces":{"north":{"uv":[10.25,7.5,10.375,7.625],"texture":"#5","tintindex":0},"east":{"uv":[0,10.5,0.125,10.625],"texture":"#5","tintindex":0},"west":{"uv":[0.5,10.5,0.625,10.625],"texture":"#5","tintindex":0},"up":{"uv":[1.125,10.625,1,10.5],"texture":"#5","tintindex":0},"down":{"uv":[10.625,1,10.5,1.125],"texture":"#5","tintindex":0}}},{"from":[8.84083,8.65494,8.0868],"to":[9.10937,8.8151,8.4104],"shade":false,"rotation":{"angle":22.5,"axis":"x","origin":[8.9751,8.36197,8.2486]},"faces":{"east":{"uv":[10.25,5,10.375,5.125],"texture":"#5","tintindex":0},"west":{"uv":[10.25,5.5,10.375,5.625],"texture":"#5","tintindex":0},"down":{"uv":[10.375,7,10.25,7.125],"texture":"#5","tintindex":0}}},{"from":[8.84083,8.20018,8.54157],"to":[9.10937,8.52377,8.63923],"shade":false,"rotation":{"angle":-22.5,"axis":"x","origin":[8.9751,8.36197,8.2486]},"faces":{"north":{"uv":[9,10.5,9.125,10.625],"texture":"#5","tintindex":0},"east":{"uv":[10.5,9,10.625,9.125],"texture":"#5","tintindex":0},"south":{"uv":[9.5,10.5,9.625,10.625],"texture":"#5","tintindex":0},"west":{"uv":[10.5,9.5,10.625,9.625],"texture":"#5","tintindex":0},"down":{"uv":[10.125,10.5,10,10.625],"texture":"#5","tintindex":0}}},{"from":[8.84083,8.20016,8.54157],"to":[9.10937,8.52377,8.63923],"shade":false,"rotation":{"angle":22.5,"axis":"x","origin":[8.9751,8.36197,8.2486]},"faces":{"north":{"uv":[7,10.5,7.125,10.625],"texture":"#5","tintindex":0},"east":{"uv":[7.5,10.5,7.625,10.625],"texture":"#5","tintindex":0},"south":{"uv":[8,10.5,8.125,10.625],"texture":"#5","tintindex":0},"west":{"uv":[10.5,8,10.625,8.125],"texture":"#5","tintindex":0},"up":{"uv":[8.625,10.625,8.5,10.5],"texture":"#5","tintindex":0},"down":{"uv":[10.625,8.5,10.5,8.625],"texture":"#5","tintindex":0}}},{"from":[8.84083,7.97135,8.08679],"to":[9.10937,8.069,8.4104],"shade":false,"rotation":{"angle":-22.5,"axis":"x","origin":[8.9751,8.36197,8.2486]},"faces":{"east":{"uv":[6,10.5,6.125,10.625],"texture":"#5","tintindex":0},"west":{"uv":[10.5,6,10.625,6.125],"texture":"#5","tintindex":0},"up":{"uv":[6.625,10.625,6.5,10.5],"texture":"#5","tintindex":0},"down":{"uv":[10.625,6.5,10.5,6.625],"texture":"#5","tintindex":0}}},{"from":[8.84083,7.61349,6.22729],"to":[9.10937,7.93709,6.25169],"shade":false,"rotation":{"angle":-22.5,"axis":"x","origin":[8.40137,7.77529,6.54466]},"faces":{"east":{"uv":[11,3.5,11.125,3.625],"texture":"#5","tintindex":0},"south":{"uv":[4.5,11,4.625,11.125],"texture":"#5","tintindex":0},"west":{"uv":[5,11,5.125,11.125],"texture":"#5","tintindex":0}}},{"from":[8.84083,7.66232,6.15404],"to":[9.10937,7.93709,6.25169],"shade":false,"rotation":{"angle":22.5,"axis":"x","origin":[8.40137,7.77529,6.54466]},"faces":{"north":{"uv":[10.5,10,10.625,10.125],"texture":"#5","tintindex":0},"east":{"uv":[10.5,10.5,10.625,10.625],"texture":"#5","tintindex":0},"south":{"uv":[10.75,0,10.875,0.125],"texture":"#5","tintindex":0},"west":{"uv":[10.75,0.5,10.875,0.625],"texture":"#5","tintindex":0},"up":{"uv":[10.875,1.625,10.75,1.5],"texture":"#5","tintindex":0},"down":{"uv":[10.875,2.5,10.75,2.625],"texture":"#5","tintindex":0}}},{"from":[8.77441,9.01424,5.83033],"to":[8.88965,10.10995,9.83033],"shade":false,"rotation":{"angle":0,"axis":"y","origin":[7.9375,9.4939,7.80081]},"faces":{"north":{"uv":[8.75,7,8.875,7.25],"texture":"#5","tintindex":0},"east":{"uv":[3,0,4,0.25],"texture":"#5","tintindex":0},"south":{"uv":[8.75,7.5,8.875,7.75],"texture":"#5","tintindex":0},"west":{"uv":[3,0.5,4,0.75],"texture":"#5","tintindex":0}}},{"from":[7.31751,10.20186,5.83033],"to":[8.68248,10.3171,9.83033],"shade":false,"rotation":{"angle":0,"axis":"y","origin":[8,9.4939,7.80081]},"faces":{"north":{"uv":[4.5,7.5,4.875,7.625],"texture":"#5","tintindex":0},"east":{"uv":[4.25,3,5.25,3.125],"texture":"#5","tintindex":0},"south":{"uv":[5.25,7.5,5.625,7.625],"texture":"#5","tintindex":0},"west":{"uv":[0.5,4.5,1.5,4.625],"texture":"#5","tintindex":0},"up":{"uv":[1.875,2.25,1.5,1.25],"texture":"#5","tintindex":0},"down":{"uv":[2.625,0,2.25,1],"texture":"#5","tintindex":0}}},{"from":[8.93114,9.25623,5.83033],"to":[9.04638,9.5492,9.83033],"shade":false,"rotation":{"angle":45,"axis":"z","origin":[7.9375,9.4939,7.80081]},"faces":{"north":{"uv":[12.5,9.5,12.625,9.625],"texture":"#5","tintindex":0},"east":{"uv":[4.25,2.5,5.25,2.625],"texture":"#5","tintindex":0},"south":{"uv":[10,12.5,10.125,12.625],"texture":"#5","tintindex":0},"west":{"uv":[2.75,4.25,3.75,4.375],"texture":"#5","tintindex":0},"up":{"uv":[0.125,5.5,0,4.5],"texture":"#5","tintindex":0}}},{"from":[6.95362,9.25623,5.83033],"to":[7.06885,9.5492,9.83033],"shade":false,"rotation":{"angle":-45,"axis":"z","origin":[8.0625,9.4939,7.80081]},"faces":{"north":{"uv":[11,12.5,11.125,12.625],"texture":"#5","tintindex":0},"east":{"uv":[4.5,1.5,5.5,1.625],"texture":"#5","tintindex":0},"south":{"uv":[12.5,11,12.625,11.125],"texture":"#5","tintindex":0},"west":{"uv":[4,4.5,5,4.625],"texture":"#5","tintindex":0},"up":{"uv":[1.875,5.5,1.75,4.5],"texture":"#5","tintindex":0},"down":{"uv":[2.875,4.75,2.75,5.75],"texture":"#5","tintindex":0}}},{"from":[7.11036,9.01424,5.83033],"to":[7.22558,10.10995,9.83033],"shade":false,"rotation":{"angle":0,"axis":"y","origin":[8.0625,9.4939,7.80081]},"faces":{"north":{"uv":[1.5,9,1.625,9.25],"texture":"#5","tintindex":0},"east":{"uv":[0.75,3,1.75,3.25],"texture":"#5","tintindex":0},"south":{"uv":[2,9,2.125,9.25],"texture":"#5","tintindex":0},"west":{"uv":[3,1,4,1.25],"texture":"#5","tintindex":0}}},{"from":[6.8906,8.84823,5.82643],"to":[9.1094,9.01424,10.01495],"shade":false,"rotation":{"angle":0,"axis":"y","origin":[7.9977,9.4939,7.80081]},"faces":{"east":{"uv":[4.25,0.5,5.25,0.625],"texture":"#5","tintindex":0},"south":{"uv":[7,5.5,7.5,5.625],"texture":"#5","tintindex":0},"west":{"uv":[4.25,1,5.25,1.125],"texture":"#5","tintindex":0},"up":{"uv":[1.25,1,0.75,0],"texture":"#5","tintindex":0},"down":{"uv":[0.5,1.25,0,2.25],"texture":"#5","tintindex":0}}},{"from":[6.894,9.5978,5.83033],"to":[7.23109,9.98176,10.01495],"shade":false,"rotation":{"angle":45,"axis":"z","origin":[8.0602,9.4939,7.80081]},"faces":{"north":{"uv":[12.5,9,12.625,9.125],"texture":"#5","tintindex":0},"east":{"uv":[4.25,2,5.25,2.125],"texture":"#5","tintindex":0},"south":{"uv":[9.5,12.5,9.625,12.625],"texture":"#5","tintindex":0},"up":{"uv":[2.375,5.25,2.25,4.25],"texture":"#5","tintindex":0}}},{"from":[8.76891,9.5978,5.83033],"to":[9.106,9.98176,10.01495],"shade":false,"rotation":{"angle":-45,"axis":"z","origin":[7.9398,9.4939,7.80081]},"faces":{"north":{"uv":[9,13.5,9.125,13.625],"texture":"#5","tintindex":0},"south":{"uv":[13.5,9,13.625,9.125],"texture":"#5","tintindex":0},"west":{"uv":[4.75,3.5,5.75,3.625],"texture":"#5","tintindex":0},"up":{"uv":[3.375,5.75,3.25,4.75],"texture":"#5","tintindex":0}}},{"from":[8.88965,9.01424,5.72585],"to":[9.01171,10.15877,8.80494],"shade":false,"rotation":{"angle":0,"axis":"y","origin":[7.9375,9.4939,7.80081]},"faces":{"north":{"uv":[0,9,0.125,9.25],"texture":"#5","tintindex":0},"east":{"uv":[3.25,2.5,4,2.75],"texture":"#5","tintindex":0},"south":{"uv":[0.5,9,0.625,9.25],"texture":"#5","tintindex":0},"west":{"uv":[3.25,3,4,3.25],"texture":"#5","tintindex":0},"down":{"uv":[1.375,5.5,1.25,6.25],"texture":"#5","tintindex":0}}},{"from":[6.98828,9.01424,5.72585],"to":[7.11036,10.15877,8.80494],"shade":false,"rotation":{"angle":0,"axis":"y","origin":[8.0625,9.4939,7.80081]},"faces":{"north":{"uv":[1,9,1.125,9.25],"texture":"#5","tintindex":0},"east":{"uv":[0.75,3.5,1.5,3.75],"texture":"#5","tintindex":0},"south":{"uv":[9,1,9.125,1.25],"texture":"#5","tintindex":0},"west":{"uv":[3.5,1.5,4.25,1.75],"texture":"#5","tintindex":0},"up":{"uv":[2.375,6.25,2.25,5.5],"texture":"#5","tintindex":0},"down":{"uv":[3.875,5.5,3.75,6.25],"texture":"#5","tintindex":0}}},{"from":[7.11036,8.45751,9.52103],"to":[7.22558,8.93993,9.76809],"shade":false,"rotation":{"angle":-22.5,"axis":"x","origin":[8.0625,9.4939,7.80081]},"faces":{"east":{"uv":[12.5,10,12.625,10.125],"texture":"#5","tintindex":0},"south":{"uv":[10.5,12.5,10.625,12.625],"texture":"#5","tintindex":0},"west":{"uv":[12.5,10.5,12.625,10.625],"texture":"#5","tintindex":0}}},{"from":[6.98828,9.01424,8.80494],"to":[7.11036,9.30721,9.51295],"shade":false,"rotation":{"angle":0,"axis":"y","origin":[8.0625,9.4939,7.80081]},"faces":{"west":{"uv":[11.5,12.5,11.625,12.625],"texture":"#5","tintindex":0},"up":{"uv":[12.625,11.625,12.5,11.5],"texture":"#5","tintindex":0}}},{"from":[7.2645,10.31291,5.55397],"to":[8.7355,10.43498,8.80494],"shade":false,"rotation":{"angle":0,"axis":"y","origin":[8,9.4939,7.80081]},"faces":{"north":{"uv":[6,7.5,6.375,7.625],"texture":"#5","tintindex":0},"east":{"uv":[5,5,5.875,5.125],"texture":"#5","tintindex":0},"west":{"uv":[5.25,4.5,6.125,4.625],"texture":"#5","tintindex":0},"up":{"uv":[2.625,2.125,2.25,1.25],"texture":"#5","tintindex":0},"down":{"uv":[0.375,2.5,0,3.375],"texture":"#5","tintindex":0}}},{"from":[7.32309,10.62554,8.36837],"to":[8.67691,10.74761,8.759],"shade":false,"rotation":{"angle":22.5,"axis":"x","origin":[8,9.4939,7.80081]},"faces":{"up":{"uv":[7.125,7.625,6.75,7.5],"texture":"#5","tintindex":0}}},{"from":[5.83708,8.21346,6.8445],"to":[6.12934,9.01424,7.23176],"shade":false,"rotation":{"angle":-45,"axis":"y","origin":[8.06023,9.4939,7.80081]},"faces":{"east":{"uv":[9,2,9.125,2.25],"texture":"#5","tintindex":0},"south":{"uv":[2.5,9,2.625,9.25],"texture":"#5","tintindex":0},"west":{"uv":[3,9,3.125,9.25],"texture":"#5","tintindex":0},"up":{"uv":[12.125,12.625,12,12.5],"texture":"#5","tintindex":0},"down":{"uv":[12.625,12,12.5,12.125],"texture":"#5","tintindex":0}}},{"from":[7.16388,8.21346,5.55203],"to":[8.835,9.01424,5.84543],"shade":false,"rotation":{"angle":0,"axis":"y","origin":[7.99773,9.4939,7.80081]},"faces":{"north":{"uv":[4.25,5.5,4.625,5.75],"texture":"#5","tintindex":0},"west":{"uv":[9,3.5,9.125,3.75],"texture":"#5","tintindex":0},"up":{"uv":[7.875,7.125,7.5,7],"texture":"#5","tintindex":0},"down":{"uv":[7.875,7.5,7.5,7.625],"texture":"#5","tintindex":0}}},{"from":[9.86705,8.21346,6.84853],"to":[10.16092,9.01424,7.23659],"shade":false,"rotation":{"angle":45,"axis":"y","origin":[7.93295,9.4939,7.80081]},"faces":{"east":{"uv":[4.5,9,4.625,9.25],"texture":"#5","tintindex":0},"south":{"uv":[5,9,5.125,9.25],"texture":"#5","tintindex":0},"west":{"uv":[5.5,9,5.625,9.25],"texture":"#5","tintindex":0},"up":{"uv":[12.625,12.625,12.5,12.5],"texture":"#5","tintindex":0},"down":{"uv":[12.875,0,12.75,0.125],"texture":"#5","tintindex":0}}},{"from":[9.46308,9.01424,8.97154],"to":[9.58515,9.30721,9.31333],"shade":false,"rotation":{"angle":-22.5,"axis":"y","origin":[7.9375,9.4939,7.80081]},"faces":{"east":{"uv":[12.75,0.5,12.875,0.625],"texture":"#5","tintindex":0},"up":{"uv":[12.875,1.625,12.75,1.5],"texture":"#5","tintindex":0},"down":{"uv":[12.875,2.5,12.75,2.625],"texture":"#5","tintindex":0}}},{"from":[8.88964,9.01424,8.80494],"to":[9.01171,9.30721,9.51295],"shade":false,"rotation":{"angle":0,"axis":"y","origin":[7.9375,9.4939,7.80081]},"faces":{"east":{"uv":[12.75,3,12.875,3.125],"texture":"#5","tintindex":0},"up":{"uv":[3.625,12.875,3.5,12.75],"texture":"#5","tintindex":0}}},{"from":[6.41484,9.01424,8.97153],"to":[6.53692,9.30721,9.31333],"shade":false,"rotation":{"angle":22.5,"axis":"y","origin":[8.0625,9.4939,7.80081]},"faces":{"west":{"uv":[4,12.75,4.125,12.875],"texture":"#5","tintindex":0},"up":{"uv":[12.875,4.125,12.75,4],"texture":"#5","tintindex":0},"down":{"uv":[12.875,4.5,12.75,4.625],"texture":"#5","tintindex":0}}},{"from":[8.67691,10.56304,8.36837],"to":[8.7355,10.74761,8.83712],"shade":false,"rotation":{"angle":22.5,"axis":"x","origin":[7.9375,9.4939,7.80081]},"faces":{"east":{"uv":[12.75,5,12.875,5.125],"texture":"#5","tintindex":0},"south":{"uv":[12.75,5.5,12.875,5.625],"texture":"#5","tintindex":0},"west":{"uv":[12.75,7,12.875,7.125],"texture":"#5","tintindex":0},"up":{"uv":[12.875,7.625,12.75,7.5],"texture":"#5","tintindex":0},"down":{"uv":[0.125,13,0,13.125],"texture":"#5","tintindex":0}}},{"from":[7.2645,10.56304,8.36837],"to":[7.32309,10.74761,8.79415],"shade":false,"rotation":{"angle":22.5,"axis":"x","origin":[8.0625,9.4939,7.80081]},"faces":{"east":{"uv":[0.5,13,0.625,13.125],"texture":"#5","tintindex":0},"south":{"uv":[1,13,1.125,13.125],"texture":"#5","tintindex":0},"west":{"uv":[13,1,13.125,1.125],"texture":"#5","tintindex":0},"up":{"uv":[1.625,13.125,1.5,13],"texture":"#5","tintindex":0},"down":{"uv":[2.125,13,2,13.125],"texture":"#5","tintindex":0}}},{"from":[7.11036,9.01424,9.83033],"to":[7.22558,9.28925,10.01495],"shade":false,"rotation":{"angle":0,"axis":"y","origin":[8.0625,9.4939,7.80081]},"faces":{"east":{"uv":[13,2,13.125,2.125],"texture":"#5","tintindex":0},"south":{"uv":[2.5,13,2.625,13.125],"texture":"#5","tintindex":0},"west":{"uv":[3,13,3.125,13.125],"texture":"#5","tintindex":0}}},{"from":[8.77442,8.45751,9.52103],"to":[8.88964,8.93993,9.76809],"shade":false,"rotation":{"angle":-22.5,"axis":"x","origin":[7.9375,9.4939,7.80081]},"faces":{"east":{"uv":[13,3.5,13.125,3.625],"texture":"#5","tintindex":0},"south":{"uv":[4.5,13,4.625,13.125],"texture":"#5","tintindex":0},"west":{"uv":[5,13,5.125,13.125],"texture":"#5","tintindex":0}}},{"from":[8.77442,9.01424,9.83033],"to":[8.88964,9.28925,10.01495],"shade":false,"rotation":{"angle":0,"axis":"y","origin":[7.9375,9.4939,7.80081]},"faces":{"east":{"uv":[5.5,13,5.625,13.125],"texture":"#5","tintindex":0},"south":{"uv":[6,13,6.125,13.125],"texture":"#5","tintindex":0},"west":{"uv":[13,6,13.125,6.125],"texture":"#5","tintindex":0}}},{"from":[7.77305,10.60155,5.72585],"to":[8.16367,10.72361,8.80494],"shade":false,"rotation":{"angle":45,"axis":"z","origin":[8.0625,9.4939,7.80081]},"faces":{"north":{"uv":[6.5,13,6.625,13.125],"texture":"#5","tintindex":0},"south":{"uv":[13,6.5,13.125,6.625],"texture":"#5","tintindex":0},"up":{"uv":[5.125,6.25,5,5.5],"texture":"#5","tintindex":0},"down":{"uv":[5.625,5.5,5.5,6.25],"texture":"#5","tintindex":0}}},{"from":[7.96055,10.60155,5.6321],"to":[8.16367,10.72361,5.72585],"shade":false,"rotation":{"angle":45,"axis":"z","origin":[8.0625,9.4939,7.80081]},"faces":{"north":{"uv":[7,13,7.125,13.125],"texture":"#5","tintindex":0},"west":{"uv":[7.5,13,7.625,13.125],"texture":"#5","tintindex":0},"up":{"uv":[8.125,13.125,8,13],"texture":"#5","tintindex":0},"down":{"uv":[13.125,8,13,8.125],"texture":"#5","tintindex":0}}},{"from":[7.83633,10.60155,5.72585],"to":[8.22695,10.72361,8.80494],"shade":false,"rotation":{"angle":-45,"axis":"z","origin":[7.9375,9.4939,7.80081]},"faces":{"north":{"uv":[8.5,13,8.625,13.125],"texture":"#5","tintindex":0},"south":{"uv":[13,8.5,13.125,8.625],"texture":"#5","tintindex":0},"up":{"uv":[0.125,6.5,0,5.75],"texture":"#5","tintindex":0},"down":{"uv":[1.875,5.75,1.75,6.5],"texture":"#5","tintindex":0}}},{"from":[7.83633,10.60155,5.6321],"to":[8.03945,10.72361,5.72585],"shade":false,"rotation":{"angle":-45,"axis":"z","origin":[7.9375,9.4939,7.80081]},"faces":{"north":{"uv":[9,13,9.125,13.125],"texture":"#5","tintindex":0},"east":{"uv":[13,9,13.125,9.125],"texture":"#5","tintindex":0},"up":{"uv":[9.625,13.125,9.5,13],"texture":"#5","tintindex":0},"down":{"uv":[13.125,9.5,13,9.625],"texture":"#5","tintindex":0}}}],"display":{"thirdperson_righthand":{"translation":[0,0.5,0.75],"scale":[0.55,0.55,0.55]},"thirdperson_lefthand":{"translation":[0,0.5,0.75],"scale":[0.55,0.55,0.55]},"firstperson_righthand":{"translation":[-1,3,2.5]},"firstperson_lefthand":{"translation":[-1,3,2.5]},"ground":{"translation":[0,3,0],"scale":[0.55,0.55,0.55]},"gui":{"rotation":[30,-145,0],"translation":[0,-1.75,0],"scale":[3,3,3]},"fixed":{"rotation":[0,90,0],"translation":[0.75,1,-1.5],"scale":[1.1,1.1,1.1]}},"groups":[{"name":"UH-1 gen II","origin":[8,8,8],"color":0,"nbt":"{}","shade":false,"children":[{"name":"pattern","origin":[9.09907,0.79688,-0.0614],"color":0,"nbt":"{}","shade":false,"children":[0,1]},{"name":"base_dark(not_dye)","origin":[8,8,8],"color":0,"nbt":"{}","children":[{"name":"group","origin":[8.5,7.5,7.5],"color":0,"nbt":"{}","shade":false,"children":[2,3,4]},{"name":"group","origin":[7.99984,8.86023,8.8143],"color":4,"nbt":"{}","children":[5,6,7,8,9,10,11,12]},{"name":"clip","origin":[7.18037,11.87879,9.14063],"color":0,"nbt":"{}","shade":false,"children":[13,14,15,16,17,{"name":"group","origin":[7.37322,5.84196,8.97894],"color":4,"nbt":"{}","shade":false,"children":[18,19,20,21,22,23,24,25,26,27,28,29,30,31,32,33,34]}]},{"name":"knob & button","origin":[8,8,8],"color":1,"nbt":"{}","shade":false,"children":[{"name":"octagon","origin":[8,8,8],"color":1,"nbt":"{}","shade":false,"children":[35]},{"name":"group","origin":[8.03125,12.24022,10.01336],"color":1,"nbt":"{}","shade":false,"children":[36,37,38,39,40,41,42,43,44]},{"name":"octagon","origin":[8,8,8],"color":1,"nbt":"{}","shade":false,"children":[45,46,47,48]},{"name":"octagon","origin":[8,8,8],"color":1,"nbt":"{}","shade":false,"children":[49,50,51,52,53,54,55,56]},{"name":"group","origin":[8,8,8],"color":0,"nbt":"{}","children":[57,58,59,60,{"name":"octagon","origin":[8,8,8],"color":0,"nbt":"{}","children":[61,62,63,64]}]}]}]},{"name":"sight_body(dye)","origin":[8,8,8],"color":0,"nbt":"{}","children":[{"name":"body","origin":[8,8,8],"color":6,"nbt":"{}","shade":false,"children":[{"name":"scope_base","origin":[8,8,8],"color":6,"nbt":"{}","shade":false,"children":[{"name":"base","origin":[7.9722,1.00625,8.14875],"color":6,"nbt":"{}","shade":false,"children":[]},{"name":"group","origin":[8.7451,14.80959,8.79016],"color":6,"nbt":"{}","shade":false,"children":[65,66,67,68,69,70,71,72,73,74,75,76,77,78,79,80,81,82,83,84,85,86,87,88,89,90,91,92,93,94,95,96,97,98]},{"name":"group","origin":[8.00212,9.6426,9.48824],"color":0,"nbt":"{}","children":[99,100,101,102,103,104,105,106,107]}]},{"name":"group","origin":[9.03987,12.82944,9.42417],"color":0,"nbt":"{}","children":[108,109,110,111,112,113,114,115,116,117,118,119,120,121,122,123,124,125,126,127,128,129,130]}]},{"name":"upper","origin":[8.89338,13.69015,9.16236],"color":0,"nbt":"{}","children":[{"name":"group","origin":[8,13.96265,8.98831],"color":0,"nbt":"{}","children":[131,132,133,134,135]},136,137,138,139,140,141,142,143,144,145,146,147,148,149,150,151,152,153,154,155,156,157,158,159]}]}]}]}