{
	"credit": "Made with Blockbench",
	"texture_size": [128, 128],
	"textures": {
		"2": "block/color/1textura/g18_new",
		"3": "block/color/1textura/g17_new"
	},
	"elements": [
		{
			"from": [7.57031, 9.54297, 10.22267],
			"to": [8.42969, 10.40235, 11.82421],
			"rotation": {"angle": 0, "axis": "y", "origin": [8, 8.47266, 10.75]},
			"faces": {
				"north": {"uv": [0.5, 4.5, 0, 4], "rotation": 180, "texture": "#2"},
				"east": {"uv": [0, 2, 0.5, 3], "rotation": 90, "texture": "#2"},
				"south": {"uv": [4.5, 0, 4, 0.5], "texture": "#2"},
				"west": {"uv": [2, 2, 2.5, 3], "rotation": 270, "texture": "#2"},
				"up": {"uv": [2, 0, 2.5, 1], "texture": "#2"},
				"down": {"uv": [0, 0, 0.5, 1], "rotation": 180, "texture": "#2"}
			}
		},
		{
			"from": [7.57031, 9.54297, 11.98047],
			"to": [8.42969, 10.40235, 12.09767],
			"rotation": {"angle": 0, "axis": "y", "origin": [8, 8.47266, 10.75]},
			"faces": {
				"north": {"uv": [6.5, 0.5, 6, 0], "rotation": 180, "texture": "#2"},
				"east": {"uv": [4, 2, 4.5, 2.5], "rotation": 90, "texture": "#2"},
				"south": {"uv": [2.5, 6, 2, 6.5], "texture": "#2"},
				"west": {"uv": [0, 6, 0.5, 6.5], "rotation": 270, "texture": "#2"},
				"up": {"uv": [4, 4, 4.5, 4.5], "texture": "#2"},
				"down": {"uv": [2, 4, 2.5, 4.5], "rotation": 180, "texture": "#2"}
			}
		},
		{
			"from": [7.68749, 9.66015, 11.82421],
			"to": [8.31249, 10.28515, 11.98047],
			"rotation": {"angle": 0, "axis": "y", "origin": [8, 8.47266, 10.75]},
			"faces": {
				"east": {"uv": [4, 6, 4.5, 6.5], "rotation": 90, "texture": "#2"},
				"west": {"uv": [6, 6, 6.5, 6.5], "rotation": 270, "texture": "#2"},
				"up": {"uv": [6, 4, 6.5, 4.5], "texture": "#2"},
				"down": {"uv": [6, 2, 6.5, 2.5], "rotation": 180, "texture": "#2"}
			}
		},
		{
			"from": [7.67581, 9.64847, 9.51955],
			"to": [8.32423, 10.29689, 9.83205],
			"rotation": {"angle": 0, "axis": "y", "origin": [8, 8.47266, 10.75]},
			"faces": {
				"north": {"uv": [6.5, 8.5, 6, 8], "rotation": 180, "texture": "#2"},
				"east": {"uv": [8, 2, 8.5, 2.5], "rotation": 90, "texture": "#2"},
				"west": {"uv": [8, 4, 8.5, 4.5], "rotation": 270, "texture": "#2"},
				"up": {"uv": [4, 8, 4.5, 8.5], "texture": "#2"},
				"down": {"uv": [2, 8, 2.5, 8.5], "rotation": 180, "texture": "#2"}
			}
		},
		{
			"from": [7.62891, 9.60157, 9.83205],
			"to": [8.37108, 10.34375, 10.26171],
			"rotation": {"angle": 0, "axis": "y", "origin": [8, 8.47266, 10.75]},
			"faces": {
				"north": {"uv": [10.5, 2.5, 10, 2], "rotation": 180, "texture": "#2"},
				"east": {"uv": [0, 10, 0.5, 10.5], "rotation": 90, "texture": "#2"},
				"west": {"uv": [2, 10, 2.5, 10.5], "rotation": 270, "texture": "#2"},
				"up": {"uv": [10, 0, 10.5, 0.5], "texture": "#2"},
				"down": {"uv": [8, 8, 8.5, 8.5], "rotation": 180, "texture": "#2"}
			}
		},
		{
			"from": [7.78517, 9.75783, 9.32421],
			"to": [8.21485, 10.18751, 9.59767],
			"rotation": {"angle": 0, "axis": "y", "origin": [8, 8.47266, 10.75]},
			"faces": {
				"north": {"uv": [10.5, 8.5, 10, 8], "rotation": 180, "texture": "#2"},
				"east": {"uv": [6, 10, 6.5, 10.5], "rotation": 90, "texture": "#2"},
				"west": {"uv": [8, 10, 8.5, 10.5], "rotation": 270, "texture": "#2"},
				"up": {"uv": [10, 6, 10.5, 6.5], "texture": "#2"},
				"down": {"uv": [10, 4, 10.5, 4.5], "rotation": 180, "texture": "#2"}
			}
		},
		{
			"from": [6.7362, 9.57236, 9.72555],
			"to": [9.26461, 11.44275, 12.08298],
			"rotation": {"angle": 0, "axis": "y", "origin": [-2.11322, -4.83387, -6.39303]},
			"faces": {
				"north": {"uv": [3.25, 5.625, 3.5625, 5.875], "texture": "#3"},
				"east": {"uv": [1.5, 5.75, 1.8125, 6], "texture": "#3"},
				"south": {"uv": [4.75, 5.75, 5.0625, 6], "texture": "#3"},
				"west": {"uv": [5.75, 4.75, 6.0625, 5], "texture": "#3"},
				"down": {"uv": [5.5625, 4.25, 5.25, 4.5625], "texture": "#3"}
			}
		},
		{
			"from": [6.7362, 9.57236, 12.95212],
			"to": [9.26461, 11.44275, 13.18915],
			"rotation": {"angle": 0, "axis": "y", "origin": [-2.11322, -4.83387, -6.39303]},
			"faces": {
				"north": {"uv": [5.75, 5.125, 6.0625, 5.375], "texture": "#3"},
				"east": {"uv": [7.625, 9.125, 7.6875, 9.375], "texture": "#3"},
				"south": {"uv": [5.25, 5.75, 5.5625, 6], "texture": "#3"},
				"west": {"uv": [9.125, 8.25, 9.1875, 8.5], "texture": "#3"},
				"down": {"uv": [3.9375, 8.75, 3.625, 8.8125], "texture": "#3"}
			}
		},
		{
			"from": [6.7362, 9.57236, 12.39902],
			"to": [9.26461, 11.44275, 12.63606],
			"rotation": {"angle": 0, "axis": "y", "origin": [-2.11322, -4.83387, -6.39303]},
			"faces": {
				"north": {"uv": [5.75, 5.75, 6.0625, 6], "texture": "#3"},
				"east": {"uv": [8.375, 9.125, 8.4375, 9.375], "texture": "#3"},
				"south": {"uv": [5.875, 0, 6.1875, 0.25], "texture": "#3"},
				"west": {"uv": [8.625, 9.125, 8.6875, 9.375], "texture": "#3"},
				"down": {"uv": [9.0625, 3.625, 8.75, 3.6875], "texture": "#3"}
			}
		},
		{
			"from": [6.7362, 9.57236, 14.61138],
			"to": [9.26461, 11.44275, 14.84842],
			"rotation": {"angle": 0, "axis": "y", "origin": [-2.11322, -4.83387, -6.14303]},
			"faces": {
				"north": {"uv": [5.875, 0.375, 6.1875, 0.625], "texture": "#3"},
				"east": {"uv": [8.875, 9.125, 8.9375, 9.375], "texture": "#3"},
				"south": {"uv": [5.875, 0.75, 6.1875, 1], "texture": "#3"},
				"west": {"uv": [9.125, 9.125, 9.1875, 9.375], "texture": "#3"},
				"down": {"uv": [4.4375, 8.75, 4.125, 8.8125], "texture": "#3"}
			}
		},
		{
			"from": [6.7362, 9.57236, 14.04888],
			"to": [9.26461, 11.44275, 14.28592],
			"rotation": {"angle": 0, "axis": "y", "origin": [-2.11322, -4.83387, -6.70553]},
			"faces": {
				"north": {"uv": [6, 3, 6.3125, 3.25], "texture": "#3"},
				"east": {"uv": [9.25, 0.5, 9.3125, 0.75], "texture": "#3"},
				"south": {"uv": [3.25, 6, 3.5625, 6.25], "texture": "#3"},
				"west": {"uv": [9.25, 0.875, 9.3125, 1.125], "texture": "#3"},
				"down": {"uv": [9.0625, 4.5, 8.75, 4.5625], "texture": "#3"}
			}
		},
		{
			"from": [6.7362, 9.57236, 13.48638],
			"to": [9.26461, 11.44275, 13.72342],
			"rotation": {"angle": 0, "axis": "y", "origin": [-2.11322, -4.83387, -7.26803]},
			"faces": {
				"north": {"uv": [6, 3.375, 6.3125, 3.625], "texture": "#3"},
				"east": {"uv": [1.5, 9.25, 1.5625, 9.5], "texture": "#3"},
				"south": {"uv": [6, 3.75, 6.3125, 4], "texture": "#3"},
				"west": {"uv": [1.75, 9.25, 1.8125, 9.5], "texture": "#3"},
				"down": {"uv": [5.1875, 8.75, 4.875, 8.8125], "texture": "#3"}
			}
		},
		{
			"from": [6.7362, 9.57236, 15.16446],
			"to": [9.26461, 11.44275, 15.4015],
			"rotation": {"angle": 0, "axis": "y", "origin": [-2.11322, -4.83387, -6.14303]},
			"faces": {
				"north": {"uv": [1.5, 6.125, 1.8125, 6.375], "texture": "#3"},
				"east": {"uv": [9.25, 1.75, 9.3125, 2], "texture": "#3"},
				"south": {"uv": [4.75, 6.125, 5.0625, 6.375], "texture": "#3"},
				"west": {"uv": [9.25, 2.125, 9.3125, 2.375], "texture": "#3"},
				"down": {"uv": [5.6875, 8.75, 5.375, 8.8125], "texture": "#3"}
			}
		},
		{
			"from": [6.7362, 9.57236, 15.71756],
			"to": [7.01461, 11.44275, 16.36617],
			"rotation": {"angle": 0, "axis": "y", "origin": [-2.11322, -4.83387, -6.39303]},
			"faces": {
				"north": {"uv": [2.5, 9.25, 2.5625, 9.5], "texture": "#3"},
				"east": {"uv": [2.75, 9.25, 2.8125, 9.5], "texture": "#3"},
				"south": {"uv": [3, 9.25, 3.0625, 9.5], "texture": "#3"},
				"west": {"uv": [3.25, 9.25, 3.3125, 9.5], "texture": "#3"},
				"down": {"uv": [5.5625, 10.125, 5.5, 10.1875], "texture": "#3"}
			}
		},
		{
			"from": [8.98539, 9.57236, 15.71756],
			"to": [9.2638, 11.44275, 16.36617],
			"rotation": {"angle": 0, "axis": "y", "origin": [18.11322, -4.83387, -6.39303]},
			"faces": {
				"north": {"uv": [9.25, 3.25, 9.3125, 3.5], "texture": "#3"},
				"east": {"uv": [3.5, 9.25, 3.5625, 9.5], "texture": "#3"},
				"south": {"uv": [3.75, 9.25, 3.8125, 9.5], "texture": "#3"},
				"west": {"uv": [4, 9.25, 4.0625, 9.5], "texture": "#3"},
				"down": {"uv": [5.8125, 10.125, 5.75, 10.1875], "texture": "#3"}
			}
		},
		{
			"from": [7.0625, 9.57236, 15.71756],
			"to": [8.9375, 10.69275, 16.36617],
			"rotation": {"angle": 0, "axis": "y", "origin": [-2.09942, -5.08387, -6.45553]},
			"faces": {
				"east": {"uv": [9.75, 5.75, 9.8125, 5.875], "texture": "#3"},
				"south": {"uv": [3, 1.125, 3.25, 1.25], "texture": "#3"},
				"west": {"uv": [6.5, 9.75, 6.5625, 9.875], "texture": "#3"},
				"down": {"uv": [9.5, 0, 9.25, 0.0625], "texture": "#3"}
			}
		},
		{
			"from": [7.3125, 10.69275, 15.71756],
			"to": [8.6875, 10.94275, 16.36617],
			"rotation": {"angle": 0, "axis": "y", "origin": [-2.09942, -4.83387, -6.45553]},
			"faces": {
				"south": {"uv": [4.5, 9.625, 4.6875, 9.6875], "texture": "#3"},
				"up": {"uv": [9.8125, 4.6875, 9.625, 4.625], "texture": "#3"}
			}
		},
		{
			"from": [7.19378, 10.37581, 15.71756],
			"to": [7.54733, 10.62581, 16.36617],
			"rotation": {"angle": 45, "axis": "z", "origin": [7.04733, 10.50081, 16.04186]},
			"faces": {
				"north": {"uv": [6, 10.125, 6.0625, 10.1875], "texture": "#3"},
				"south": {"uv": [6.25, 10.125, 6.3125, 10.1875], "texture": "#3"},
				"up": {"uv": [6.8125, 10.1875, 6.75, 10.125], "texture": "#3"}
			}
		},
		{
			"from": [8.45267, 10.37581, 15.71756],
			"to": [8.80622, 10.62581, 16.36617],
			"rotation": {"angle": -45, "axis": "z", "origin": [8.95267, 10.50081, 16.04186]},
			"faces": {
				"north": {"uv": [7, 10.125, 7.0625, 10.1875], "texture": "#3"},
				"south": {"uv": [7.25, 10.125, 7.3125, 10.1875], "texture": "#3"},
				"up": {"uv": [10.1875, 7.5625, 10.125, 7.5], "texture": "#3"}
			}
		},
		{
			"from": [6.89423, 9.57236, 11.92495],
			"to": [9.10659, 11.19275, 16.23407],
			"rotation": {"angle": 0, "axis": "y", "origin": [-2.11322, -4.83387, -6.39303]},
			"faces": {
				"east": {"uv": [4, 5.125, 4.5625, 5.3125], "texture": "#3"},
				"south": {"uv": [7.625, 1.75, 7.875, 1.9375], "texture": "#3"},
				"west": {"uv": [5.25, 3.125, 5.8125, 3.3125], "texture": "#3"},
				"down": {"uv": [4.625, 3.625, 4.375, 4.1875], "texture": "#3"}
			}
		},
		{
			"from": [6.7362, 9.57236, -1.41524],
			"to": [7.45211, 11.44275, 6.56505],
			"rotation": {"angle": 0, "axis": "y", "origin": [-2.11322, -4.83387, -6.39303]},
			"faces": {
				"north": {"uv": [4.25, 9.25, 4.3125, 9.5], "texture": "#3"},
				"east": {"uv": [3.75, 0, 4.75, 0.25], "texture": "#3"},
				"south": {"uv": [9.25, 4.375, 9.3125, 4.625], "texture": "#3"},
				"west": {"uv": [3.75, 0.375, 4.75, 0.625], "texture": "#3"},
				"up": {"uv": [1.9375, 8, 1.875, 7], "texture": "#3"},
				"down": {"uv": [2.1875, 7, 2.125, 8], "texture": "#3"}
			}
		},
		{
			"from": [7.45211, 11.04111, -1.41524],
			"to": [8.5487, 11.44275, 6.56505],
			"rotation": {"angle": 0, "axis": "y", "origin": [-2.17612, -4.83387, -6.39303]},
			"faces": {
				"north": {"uv": [7.625, 9.75, 7.75, 9.8125], "texture": "#3"},
				"south": {"uv": [8.375, 9.75, 8.5, 9.8125], "texture": "#3"},
				"down": {"uv": [1.125, 4.5, 1, 5.5], "texture": "#3"}
			}
		},
		{
			"from": [7.45211, 9.57236, -1.41524],
			"to": [8.5487, 9.94275, 6.56505],
			"rotation": {"angle": 0, "axis": "y", "origin": [-2.17612, -4.83387, -6.39303]},
			"faces": {
				"north": {"uv": [8.625, 9.75, 8.75, 9.8125], "texture": "#3"},
				"south": {"uv": [8.875, 9.75, 9, 9.8125], "texture": "#3"},
				"up": {"uv": [3.5, 5.5, 3.375, 4.5], "texture": "#3"},
				"down": {"uv": [0.5, 5, 0.375, 6], "texture": "#3"}
			}
		},
		{
			"from": [8.5487, 9.57236, -1.41524],
			"to": [9.26461, 11.44275, 6.56505],
			"rotation": {"angle": 0, "axis": "y", "origin": [-2.11322, -4.83387, -6.39303]},
			"faces": {
				"north": {"uv": [4.875, 9.25, 4.9375, 9.5], "texture": "#3"},
				"east": {"uv": [3.75, 0.75, 4.75, 1], "texture": "#3"},
				"south": {"uv": [5.125, 9.25, 5.1875, 9.5], "texture": "#3"},
				"west": {"uv": [3.75, 1.125, 4.75, 1.375], "texture": "#3"},
				"down": {"uv": [4.8125, 7, 4.75, 8], "texture": "#3"}
			}
		},
		{
			"from": [7.25, 8.84828, -1.41524],
			"to": [8.75, 9.57236, 5.85394],
			"rotation": {"angle": 0, "axis": "y", "origin": [-2.10298, -4.77137, -6.39303]},
			"faces": {
				"north": {"uv": [4.875, 9.625, 5.0625, 9.6875], "texture": "#3"},
				"east": {"uv": [7, 5.25, 7.9375, 5.3125], "texture": "#3"},
				"south": {"uv": [9.625, 4.875, 9.8125, 4.9375], "texture": "#3"},
				"west": {"uv": [7, 5.75, 7.9375, 5.8125], "texture": "#3"},
				"down": {"uv": [4.3125, 2.5, 4.125, 3.4375], "texture": "#3"}
			}
		},
		{
			"from": [6.7362, 9.57236, 6.50414],
			"to": [7.05226, 11.44275, 9.72555],
			"rotation": {"angle": 0, "axis": "y", "origin": [-2.11322, -4.83387, -6.39303]},
			"faces": {
				"east": {"uv": [5.25, 4.75, 5.625, 5], "texture": "#3"},
				"west": {"uv": [5.25, 5.125, 5.625, 5.375], "texture": "#3"},
				"down": {"uv": [7.9375, 8.5, 7.875, 8.875], "texture": "#3"}
			}
		},
		{
			"from": [8.94856, 9.57236, 6.56505],
			"to": [9.26461, 10.02052, 9.73265],
			"rotation": {"angle": 0, "axis": "y", "origin": [-2.11322, -4.83387, -6.07698]},
			"faces": {
				"east": {"uv": [8.625, 1.25, 9, 1.3125], "texture": "#3"},
				"west": {"uv": [8.625, 1.5, 9, 1.5625], "texture": "#3"},
				"up": {"uv": [8.6875, 3.25, 8.625, 2.875], "texture": "#3"},
				"down": {"uv": [8.6875, 4, 8.625, 4.375], "texture": "#3"}
			}
		},
		{
			"from": [8.94856, 9.82621, 9.07427],
			"to": [9.26461, 10.14581, 9.70637],
			"rotation": {"angle": -45, "axis": "x", "origin": [9.10659, 10.30383, 9.39033]},
			"faces": {
				"east": {"uv": [7.75, 10.125, 7.8125, 10.1875], "texture": "#3"},
				"south": {"uv": [8, 10.125, 8.0625, 10.1875], "texture": "#3"},
				"west": {"uv": [10.125, 8.25, 10.1875, 8.3125], "texture": "#3"},
				"up": {"uv": [10.1875, 8.5625, 10.125, 8.5], "texture": "#3"}
			}
		},
		{
			"from": [8.94856, 12.22492, 7.72055],
			"to": [9.26461, 12.85703, 8.04015],
			"rotation": {"angle": -45, "axis": "x", "origin": [9.10659, 9.85455, 10.2525]},
			"faces": {
				"east": {"uv": [10.125, 8.75, 10.1875, 8.8125], "texture": "#3"},
				"south": {"uv": [9.125, 10.125, 9.1875, 10.1875], "texture": "#3"},
				"west": {"uv": [9.375, 10.125, 9.4375, 10.1875], "texture": "#3"},
				"up": {"uv": [9.6875, 10.1875, 9.625, 10.125], "texture": "#3"}
			}
		},
		{
			"from": [6.89423, 11.44275, -1.41524],
			"to": [9.10659, 11.60076, 6.56505],
			"rotation": {"angle": 0, "axis": "y", "origin": [-2.11322, -4.83387, -6.39303]},
			"faces": {
				"north": {"uv": [9.25, 2.5, 9.5, 2.5625], "texture": "#3"},
				"south": {"uv": [9.25, 3.625, 9.5, 3.6875], "texture": "#3"},
				"up": {"uv": [3.25, 1, 3, 0], "texture": "#3"}
			}
		},
		{
			"from": [6.89423, 11.00525, 9.72555],
			"to": [9.10659, 11.60076, 16.36617],
			"rotation": {"angle": 0, "axis": "y", "origin": [-2.11322, -4.83387, -6.39303]},
			"faces": {
				"north": {"uv": [5.375, 9.25, 5.625, 9.3125], "texture": "#3"},
				"east": {"uv": [7.375, 3.75, 8.1875, 3.8125], "texture": "#3"},
				"south": {"uv": [6.125, 9.25, 6.375, 9.3125], "texture": "#3"},
				"west": {"uv": [7.125, 7.5, 7.9375, 7.5625], "texture": "#3"},
				"up": {"uv": [4.375, 2.3125, 4.125, 1.5], "texture": "#3"},
				"down": {"uv": [2.75, 4.125, 2.5, 4.9375], "texture": "#3"}
			}
		},
		{
			"from": [8.64017, 10.59456, 15.71756],
			"to": [9.11872, 10.87581, 16.36617],
			"rotation": {"angle": -45, "axis": "z", "origin": [9.20267, 10.75081, 16.04186]},
			"faces": {
				"north": {"uv": [9.875, 10.125, 9.9375, 10.1875], "texture": "#3"},
				"south": {"uv": [10.125, 9.875, 10.1875, 9.9375], "texture": "#3"},
				"down": {"uv": [10.1875, 10.125, 10.125, 10.1875], "texture": "#3"}
			}
		},
		{
			"from": [6.88128, 10.59456, 15.71756],
			"to": [7.35983, 10.87581, 16.36617],
			"rotation": {"angle": 45, "axis": "z", "origin": [6.79733, 10.75081, 16.04186]},
			"faces": {
				"north": {"uv": [0, 10.25, 0.0625, 10.3125], "texture": "#3"},
				"south": {"uv": [10.25, 0, 10.3125, 0.0625], "texture": "#3"},
				"down": {"uv": [0.3125, 10.25, 0.25, 10.3125], "texture": "#3"}
			}
		},
		{
			"from": [6.78235, 11.33065, -1.41524],
			"to": [7.00612, 11.55442, 6.249],
			"rotation": {"angle": 45, "axis": "z", "origin": [6.89423, 11.44254, 2.45639]},
			"faces": {
				"north": {"uv": [0.5, 10.25, 0.5625, 10.3125], "texture": "#3"},
				"east": {"uv": [7.125, 2.625, 8.0625, 2.6875], "texture": "#3"},
				"south": {"uv": [1, 10.25, 1.0625, 10.3125], "texture": "#3"},
				"west": {"uv": [7.125, 6, 8.0625, 6.0625], "texture": "#3"},
				"up": {"uv": [2.8125, 8.0625, 2.75, 7.125], "texture": "#3"}
			}
		},
		{
			"from": [9.44167, 11.5158, -1.41524],
			"to": [9.66543, 11.73956, 6.56505],
			"rotation": {"angle": 45, "axis": "z", "origin": [9.55354, 10.99558, 2.45639]},
			"faces": {
				"north": {"uv": [10.25, 1.25, 10.3125, 1.3125], "texture": "#3"},
				"east": {"uv": [7, 5, 8, 5.0625], "texture": "#3"},
				"south": {"uv": [10.25, 1.5, 10.3125, 1.5625], "texture": "#3"},
				"up": {"uv": [7.1875, 1, 7.125, 0], "texture": "#3"},
				"down": {"uv": [0.5625, 7.125, 0.5, 8.125], "texture": "#3"}
			}
		},
		{
			"from": [9.44167, 11.51608, 9.72555],
			"to": [9.66543, 11.73956, 16.36617],
			"rotation": {"angle": 45, "axis": "z", "origin": [9.55354, 10.99558, 2.45639]},
			"faces": {
				"north": {"uv": [10.25, 1.75, 10.3125, 1.8125], "texture": "#3"},
				"east": {"uv": [7.625, 1.5, 8.4375, 1.5625], "texture": "#3"},
				"south": {"uv": [10.25, 2, 10.3125, 2.0625], "texture": "#3"},
				"up": {"uv": [5.6875, 8.3125, 5.625, 7.5], "texture": "#3"},
				"down": {"uv": [5.9375, 7.625, 5.875, 8.4375], "texture": "#3"}
			}
		},
		{
			"from": [7.785, 10.17491, 6.249],
			"to": [8.00849, 10.39868, 16.36617],
			"rotation": {"angle": 45, "axis": "z", "origin": [6.0003, 9.6547, 2.45639]},
			"faces": {
				"north": {"uv": [10.25, 2.25, 10.3125, 2.3125], "texture": "#3"},
				"east": {"uv": [5.25, 6.125, 6.5, 6.1875], "texture": "#3"},
				"south": {"uv": [10.25, 2.5, 10.3125, 2.5625], "texture": "#3"},
				"west": {"uv": [6.25, 4.75, 7.5, 4.8125], "texture": "#3"},
				"up": {"uv": [0.3125, 7.375, 0.25, 6.125], "texture": "#3"},
				"down": {"uv": [3.3125, 6.375, 3.25, 7.625], "texture": "#3"}
			}
		},
		{
			"from": [7.77989, 11.53826, -0.50011],
			"to": [8.22093, 12.0436, -0.06847],
			"rotation": {"angle": 0, "axis": "y", "origin": [-2.11322, -4.89637, -5.95198]},
			"faces": {
				"east": {"uv": [10.25, 2.75, 10.3125, 2.8125], "texture": "#3"},
				"south": {"uv": [10.25, 3, 10.3125, 3.0625], "texture": "#3"},
				"west": {"uv": [10.25, 3.25, 10.3125, 3.3125], "texture": "#3"},
				"up": {"uv": [10.3125, 3.5625, 10.25, 3.5], "texture": "#3"}
			}
		},
		{
			"from": [7.77989, 11.53807, -0.91341],
			"to": [8.22093, 11.87241, -0.27776],
			"rotation": {"angle": -45, "axis": "x", "origin": [8.00041, 11.68961, -0.59558]},
			"faces": {
				"east": {"uv": [10.25, 3.75, 10.3125, 3.8125], "texture": "#3"},
				"south": {"uv": [10.25, 4, 10.3125, 4.0625], "texture": "#3"},
				"west": {"uv": [10.25, 4.25, 10.3125, 4.3125], "texture": "#3"},
				"up": {"uv": [10.3125, 4.5625, 10.25, 4.5], "texture": "#3"}
			}
		},
		{
			"from": [7.875, 11.7353, -0.42969],
			"to": [8.125, 11.9853, 0.00781],
			"rotation": {"angle": 0, "axis": "y", "origin": [8.03125, 11.84467, 0.07031]},
			"faces": {
				"east": {"uv": [8.75, 10.25, 8.8125, 10.3125], "texture": "#3"},
				"south": {"uv": [10.25, 9, 10.3125, 9.0625], "texture": "#3"},
				"west": {"uv": [10.25, 9.25, 10.3125, 9.3125], "texture": "#3"},
				"up": {"uv": [10.3125, 9.5625, 10.25, 9.5], "texture": "#3"},
				"down": {"uv": [10.4375, 0.25, 10.375, 0.3125], "texture": "#3"}
			}
		},
		{
			"from": [8.375, 11.74311, 15.13281],
			"to": [8.625, 11.99311, 15.57031],
			"rotation": {"angle": 0, "axis": "y", "origin": [8.5, 11.84467, 15.63281]},
			"faces": {
				"east": {"uv": [10.375, 0.5, 10.4375, 0.5625], "texture": "#3"},
				"south": {"uv": [0.75, 10.375, 0.8125, 10.4375], "texture": "#3"},
				"west": {"uv": [10.375, 0.75, 10.4375, 0.8125], "texture": "#3"},
				"up": {"uv": [10.4375, 1.0625, 10.375, 1], "texture": "#3"},
				"down": {"uv": [1.3125, 10.375, 1.25, 10.4375], "texture": "#3"}
			}
		},
		{
			"from": [7.375, 11.74311, 15.13281],
			"to": [7.625, 11.99311, 15.57031],
			"rotation": {"angle": 0, "axis": "y", "origin": [7.5, 11.84467, 15.63281]},
			"faces": {
				"east": {"uv": [1.5, 10.375, 1.5625, 10.4375], "texture": "#3"},
				"south": {"uv": [1.75, 10.375, 1.8125, 10.4375], "texture": "#3"},
				"west": {"uv": [2, 10.375, 2.0625, 10.4375], "texture": "#3"},
				"up": {"uv": [2.3125, 10.4375, 2.25, 10.375], "texture": "#3"},
				"down": {"uv": [2.5625, 10.375, 2.5, 10.4375], "texture": "#3"}
			}
		},
		{
			"from": [8.19146, 11.53826, 15.08723],
			"to": [8.85125, 12.0436, 15.54834],
			"rotation": {"angle": 0, "axis": "y", "origin": [-2.11322, -4.89637, -6.92428]},
			"faces": {
				"north": {"uv": [10.25, 4.75, 10.3125, 4.8125], "texture": "#3"},
				"south": {"uv": [10.25, 5, 10.3125, 5.0625], "texture": "#3"},
				"west": {"uv": [10.25, 5.25, 10.3125, 5.3125], "texture": "#3"},
				"up": {"uv": [10.3125, 5.5625, 10.25, 5.5], "texture": "#3"}
			}
		},
		{
			"from": [8.66503, 11.42222, 15.08723],
			"to": [8.98107, 12.00656, 15.54834],
			"rotation": {"angle": 22.5, "axis": "z", "origin": [8.82306, 11.69876, 15.3968]},
			"faces": {
				"north": {"uv": [10.25, 8, 10.3125, 8.0625], "texture": "#3"},
				"east": {"uv": [8.25, 10.25, 8.3125, 10.3125], "texture": "#3"},
				"south": {"uv": [8.5, 10.25, 8.5625, 10.3125], "texture": "#3"}
			}
		},
		{
			"from": [7.11625, 11.32842, 15.08723],
			"to": [7.4323, 11.91276, 15.54834],
			"rotation": {"angle": -22.5, "axis": "z", "origin": [7.46178, 11.89447, 15.3968]},
			"faces": {
				"north": {"uv": [10.25, 7.25, 10.3125, 7.3125], "texture": "#3"},
				"south": {"uv": [7.5, 10.25, 7.5625, 10.3125], "texture": "#3"},
				"west": {"uv": [10.25, 7.75, 10.3125, 7.8125], "texture": "#3"}
			}
		},
		{
			"from": [7.68436, 11.53826, 15.08723],
			"to": [8.31646, 11.79004, 15.54834],
			"rotation": {"angle": 0, "axis": "y", "origin": [-2.11322, -4.89637, -6.92428]},
			"faces": {
				"north": {"uv": [10.25, 6.5, 10.3125, 6.5625], "texture": "#3"},
				"south": {"uv": [10.25, 6.75, 10.3125, 6.8125], "texture": "#3"},
				"up": {"uv": [10.3125, 7.0625, 10.25, 7], "texture": "#3"}
			}
		},
		{
			"from": [7.14955, 11.53826, 15.08723],
			"to": [7.80936, 12.0436, 15.54834],
			"rotation": {"angle": 0, "axis": "y", "origin": [-2.11322, -4.89637, -6.92428]},
			"faces": {
				"north": {"uv": [10.25, 5.75, 10.3125, 5.8125], "texture": "#3"},
				"east": {"uv": [10.25, 6, 10.3125, 6.0625], "texture": "#3"},
				"south": {"uv": [10.25, 6.25, 10.3125, 6.3125], "texture": "#3"},
				"up": {"uv": [6.5625, 10.3125, 6.5, 10.25], "texture": "#3"}
			}
		},
		{
			"from": [7.68934, 8.40894, -1.41524],
			"to": [8.31066, 8.72144, 5.85394],
			"rotation": {"angle": 45, "axis": "z", "origin": [8, 9.15894, -1.29024]},
			"faces": {
				"north": {"uv": [2.75, 10.375, 2.8125, 10.4375], "texture": "#3"},
				"south": {"uv": [3, 10.375, 3.0625, 10.4375], "texture": "#3"},
				"up": {"uv": [3.0625, 8.0625, 3, 7.125], "texture": "#3"},
				"down": {"uv": [4.0625, 7.125, 4, 8.0625], "texture": "#3"}
			}
		},
		{
			"from": [7.68934, 8.40894, -1.41524],
			"to": [8.31066, 8.84644, 5.85394],
			"rotation": {"angle": 0, "axis": "y", "origin": [8, 9.15894, -1.29024]},
			"faces": {
				"north": {"uv": [3.25, 10.375, 3.3125, 10.4375], "texture": "#3"},
				"south": {"uv": [3.5, 10.375, 3.5625, 10.4375], "texture": "#3"},
				"up": {"uv": [4.3125, 8.0625, 4.25, 7.125], "texture": "#3"},
				"down": {"uv": [4.5625, 7.125, 4.5, 8.0625], "texture": "#3"}
			}
		},
		{
			"from": [7.25, 8.84828, -1.41524],
			"to": [7.5625, 9.4696, 5.85394],
			"rotation": {"angle": 45, "axis": "z", "origin": [8, 9.15894, -1.29024]},
			"faces": {
				"north": {"uv": [3.75, 10.375, 3.8125, 10.4375], "texture": "#3"},
				"east": {"uv": [7.125, 6.625, 8.0625, 6.6875], "texture": "#3"},
				"south": {"uv": [4, 10.375, 4.0625, 10.4375], "texture": "#3"},
				"west": {"uv": [7.125, 6.875, 8.0625, 6.9375], "texture": "#3"}
			}
		},
		{
			"from": [6.70318, -0.9957, 13.09572],
			"to": [9.29763, -0.64662, 16.53925],
			"rotation": {"angle": 0, "axis": "y", "origin": [13.05721, -0.92317, 15.30807]},
			"faces": {
				"east": {"uv": [5.25, 8.5, 5.6875, 8.5625], "texture": "#3"},
				"south": {"uv": [9, 8.625, 9.3125, 8.6875], "texture": "#3"},
				"west": {"uv": [8.5, 8.375, 8.9375, 8.4375], "texture": "#3"},
				"up": {"uv": [4.8125, 2.9375, 4.5, 2.5], "texture": "#3"},
				"down": {"uv": [2.3125, 4.75, 2, 5.1875], "texture": "#3"}
			}
		},
		{
			"from": [6.9862, -0.67853, 10.54327],
			"to": [9.01461, 10.13555, 11.72846],
			"rotation": {"angle": -22.5, "axis": "x", "origin": [13.05721, 7.38076, 12.79513]},
			"faces": {
				"east": {"uv": [1, 3, 1.125, 4.375], "texture": "#3"},
				"west": {"uv": [2.875, 4.125, 3, 5.5], "texture": "#3"}
			}
		},
		{
			"from": [6.9862, -0.46623, 10.10314],
			"to": [9.01461, 10.72285, 10.53833],
			"rotation": {"angle": -22.5, "axis": "x", "origin": [13.05721, 7.40556, 12.855]},
			"faces": {
				"north": {"uv": [2.5, 1.375, 2.75, 2.75], "texture": "#3"},
				"east": {"uv": [0.875, 5.625, 0.9375, 7], "texture": "#3"},
				"west": {"uv": [2.5, 5.625, 2.5625, 7], "texture": "#3"},
				"up": {"uv": [6.375, 9.5625, 6.125, 9.5], "texture": "#3"}
			}
		},
		{
			"from": [6.9862, -1.1526, 11.72846],
			"to": [9.01461, 9.63555, 12.99266],
			"rotation": {"angle": -22.5, "axis": "x", "origin": [13.05721, 7.38076, 12.79513]},
			"faces": {
				"east": {"uv": [3, 2.625, 3.1875, 4], "texture": "#3"},
				"south": {"uv": [1.75, 2.5, 2, 3.875], "texture": "#3"},
				"west": {"uv": [3.375, 0, 3.5625, 1.375], "texture": "#3"},
				"down": {"uv": [6.75, 7.625, 6.5, 7.8125], "texture": "#3"}
			}
		},
		{
			"from": [6.9862, -0.74351, 13.79381],
			"to": [9.01461, -0.42746, 16.2432],
			"rotation": {"angle": 0, "axis": "y", "origin": [13.05721, -0.94104, 15.6111]},
			"faces": {
				"east": {"uv": [9.125, 1.25, 9.4375, 1.3125], "texture": "#3"},
				"south": {"uv": [6.5, 9.5, 6.75, 9.5625], "texture": "#3"},
				"west": {"uv": [9.125, 1.5, 9.4375, 1.5625], "texture": "#3"},
				"up": {"uv": [1.75, 6.8125, 1.5, 6.5], "texture": "#3"}
			}
		},
		{
			"from": [7.01923, -0.9957, 12.77966],
			"to": [8.98159, -0.64662, 13.09572],
			"rotation": {"angle": 0, "axis": "y", "origin": [13.05721, -0.92317, 15.30807]},
			"faces": {
				"north": {"uv": [7.625, 9.5, 7.875, 9.5625], "texture": "#3"},
				"east": {"uv": [10.75, 1.25, 10.8125, 1.3125], "texture": "#3"},
				"up": {"uv": [8.625, 9.5625, 8.375, 9.5], "texture": "#3"},
				"down": {"uv": [9.75, 8.5, 9.5, 8.5625], "texture": "#3"}
			}
		},
		{
			"from": [6.79743, -0.9957, 12.86816],
			"to": [7.25254, -0.64662, 13.32326],
			"rotation": {"angle": 45, "axis": "y", "origin": [7.02499, -0.88366, 13.09571]},
			"faces": {
				"north": {"uv": [10.75, 1.5, 10.8125, 1.5625], "texture": "#3"},
				"east": {"uv": [10.75, 1.75, 10.8125, 1.8125], "texture": "#3"},
				"up": {"uv": [10.8125, 2.0625, 10.75, 2], "texture": "#3"},
				"down": {"uv": [10.8125, 2.25, 10.75, 2.3125], "texture": "#3"}
			}
		},
		{
			"from": [7.34985, 9.41199, 9.48975],
			"to": [7.72485, 10.16199, 12.11475],
			"rotation": {"angle": -22.5, "axis": "z", "origin": [7.59985, 10.41199, 10.80225]},
			"faces": {
				"north": {"uv": [2.5, 10.125, 2.5625, 10.25], "texture": "#3"},
				"east": {"uv": [8.125, 7.125, 8.4375, 7.25], "texture": "#3"},
				"south": {"uv": [2.75, 10.125, 2.8125, 10.25], "texture": "#3"},
				"west": {"uv": [8.125, 7.375, 8.4375, 7.5], "texture": "#3"},
				"up": {"uv": [7.9375, 9.3125, 7.875, 9], "texture": "#3"}
			}
		},
		{
			"from": [8.50562, 9.5074, 9.48975],
			"to": [8.88062, 10.2574, 12.11475],
			"rotation": {"angle": 22.5, "axis": "z", "origin": [8.75562, 9.8824, 10.80225]},
			"faces": {
				"north": {"uv": [3, 10.125, 3.0625, 10.25], "texture": "#3"},
				"east": {"uv": [8.125, 7.625, 8.4375, 7.75], "texture": "#3"},
				"south": {"uv": [3.25, 10.125, 3.3125, 10.25], "texture": "#3"},
				"west": {"uv": [8.125, 7.875, 8.4375, 8], "texture": "#3"},
				"up": {"uv": [1.0625, 9.4375, 1, 9.125], "texture": "#3"}
			}
		},
		{
			"from": [10.08916, -0.9957, 12.31274],
			"to": [10.54427, -0.64662, 12.76786],
			"rotation": {"angle": 45, "axis": "y", "origin": [10.31671, -0.88366, 14.43661]},
			"faces": {
				"north": {"uv": [10.75, 2.5, 10.8125, 2.5625], "texture": "#3"},
				"east": {"uv": [10.75, 2.75, 10.8125, 2.8125], "texture": "#3"},
				"up": {"uv": [10.8125, 3.0625, 10.75, 3], "texture": "#3"},
				"down": {"uv": [10.8125, 3.25, 10.75, 3.3125], "texture": "#3"}
			}
		},
		{
			"from": [6.9862, 9.03775, 9.4452],
			"to": [9.01461, 9.58379, 12.11475],
			"rotation": {"angle": 0, "axis": "y", "origin": [7.9379, 10.47604, 12.26539]},
			"faces": {
				"east": {"uv": [2, 9.125, 2.3125, 9.1875], "texture": "#3"},
				"south": {"uv": [8.75, 9.5, 9, 9.5625], "texture": "#3"},
				"west": {"uv": [9.125, 4.75, 9.4375, 4.8125], "texture": "#3"},
				"up": {"uv": [6.75, 3.3125, 6.5, 3], "texture": "#3"}
			}
		},
		{
			"from": [7.05226, 9.07236, 6.24474],
			"to": [8.94856, 11.44275, 9.40524],
			"rotation": {"angle": 0, "axis": "y", "origin": [-2.11322, -4.58387, 14.77811]},
			"faces": {
				"north": {"uv": [4.75, 5.75, 5, 6.0625], "texture": "#2"},
				"east": {"uv": [4.75, 3.5, 5.125, 3.8125], "texture": "#2"},
				"south": {"uv": [1.25, 5.875, 1.5, 6.1875], "texture": "#2"},
				"west": {"uv": [4.75, 4, 5.125, 4.3125], "texture": "#2"},
				"up": {"uv": [3.125, 5.5, 2.875, 5.125], "texture": "#2"}
			}
		},
		{
			"name": "octagon",
			"from": [7.68934, 9.75, -1.9375],
			"to": [8.31066, 10, 9.5],
			"rotation": {"angle": 45, "axis": "z", "origin": [8, 10.5, 9]},
			"faces": {
				"north": {"uv": [2.75, 10.625, 2.8125, 10.6875], "texture": "#2"},
				"south": {"uv": [10.625, 3.25, 10.6875, 3.3125], "texture": "#2"},
				"up": {"uv": [3.8125, 6.5625, 3.75, 5.125], "texture": "#2"},
				"down": {"uv": [2.6875, 5.25, 2.625, 6.6875], "texture": "#2"}
			}
		},
		{
			"name": "octagon",
			"from": [7.68934, 9.75, -1.9375],
			"to": [8.31066, 10, 9.5],
			"rotation": {"angle": 0, "axis": "y", "origin": [8, 10.5, 9]},
			"faces": {
				"north": {"uv": [10.625, 3.5, 10.6875, 3.5625], "texture": "#2"},
				"south": {"uv": [3.75, 10.625, 3.8125, 10.6875], "texture": "#2"},
				"up": {"uv": [0.0625, 6.8125, 0, 5.375], "texture": "#2"},
				"down": {"uv": [0.3125, 5.375, 0.25, 6.8125], "texture": "#2"}
			}
		},
		{
			"name": "octagon",
			"from": [7.68934, 11, -1.9375],
			"to": [8.31066, 11.25, 9.5],
			"rotation": {"angle": 45, "axis": "z", "origin": [8, 10.5, 9]},
			"faces": {
				"north": {"uv": [10.625, 3.75, 10.6875, 3.8125], "texture": "#2"},
				"south": {"uv": [10.625, 4.5, 10.6875, 4.5625], "texture": "#2"},
				"up": {"uv": [0.5625, 6.8125, 0.5, 5.375], "texture": "#2"},
				"down": {"uv": [1.0625, 5.375, 1, 6.8125], "texture": "#2"}
			}
		},
		{
			"name": "octagon",
			"from": [7.68934, 11, -1.9375],
			"to": [8.31066, 11.25, 9.5],
			"rotation": {"angle": 0, "axis": "y", "origin": [8, 10.5, 9]},
			"faces": {
				"north": {"uv": [10.625, 4.75, 10.6875, 4.8125], "texture": "#2"},
				"south": {"uv": [5, 10.625, 5.0625, 10.6875], "texture": "#2"},
				"up": {"uv": [2.1875, 6.8125, 2.125, 5.375], "texture": "#2"},
				"down": {"uv": [4.3125, 5.375, 4.25, 6.8125], "texture": "#2"}
			}
		},
		{
			"name": "octagon",
			"from": [7.25, 10.18934, -1.9375],
			"to": [7.5, 10.81066, 9.5],
			"rotation": {"angle": 45, "axis": "z", "origin": [8, 10.5, 9]},
			"faces": {
				"north": {"uv": [10.625, 5, 10.6875, 5.0625], "texture": "#2"},
				"east": {"uv": [5.25, 1.375, 6.6875, 1.4375], "texture": "#2"},
				"south": {"uv": [10.625, 5.25, 10.6875, 5.3125], "texture": "#2"},
				"west": {"uv": [5.25, 3.5, 6.6875, 3.5625], "texture": "#2"}
			}
		},
		{
			"name": "octagon",
			"from": [7.25, 10.18934, -1.9375],
			"to": [7.5, 10.81066, 9.5],
			"rotation": {"angle": 0, "axis": "y", "origin": [8, 10.5, 9]},
			"faces": {
				"north": {"uv": [10.625, 5.5, 10.6875, 5.5625], "texture": "#2"},
				"east": {"uv": [5.25, 3.75, 6.6875, 3.8125], "texture": "#2"},
				"south": {"uv": [5.75, 10.625, 5.8125, 10.6875], "texture": "#2"},
				"west": {"uv": [5.25, 4, 6.6875, 4.0625], "texture": "#2"}
			}
		},
		{
			"name": "octagon",
			"from": [8.5, 10.18934, -1.9375],
			"to": [8.75, 10.81066, 9.5],
			"rotation": {"angle": 45, "axis": "z", "origin": [8, 10.5, 9]},
			"faces": {
				"north": {"uv": [10.625, 5.75, 10.6875, 5.8125], "texture": "#2"},
				"east": {"uv": [5.25, 4.25, 6.6875, 4.3125], "texture": "#2"},
				"south": {"uv": [6, 10.625, 6.0625, 10.6875], "texture": "#2"},
				"west": {"uv": [5.375, 4.5, 6.8125, 4.5625], "texture": "#2"}
			}
		},
		{
			"name": "octagon",
			"from": [8.5, 10.18934, -1.9375],
			"to": [8.75, 10.81066, 9.5],
			"rotation": {"angle": 0, "axis": "y", "origin": [8, 10.5, 9]},
			"faces": {
				"north": {"uv": [6.25, 10.625, 6.3125, 10.6875], "texture": "#2"},
				"east": {"uv": [5.375, 4.75, 6.8125, 4.8125], "texture": "#2"},
				"south": {"uv": [10.625, 6.25, 10.6875, 6.3125], "texture": "#2"},
				"west": {"uv": [5.125, 5.375, 6.5625, 5.4375], "texture": "#2"}
			}
		},
		{
			"from": [7.60535, 7.35291, 8.42423],
			"to": [8.47449, 8.30107, 8.74028],
			"rotation": {"angle": 0, "axis": "y", "origin": [8.02863, 7.83542, 8.71216]},
			"faces": {
				"north": {"uv": [5, 1, 5.125, 1.125], "texture": "#2"},
				"east": {"uv": [9.875, 5, 9.9375, 5.125], "texture": "#2"},
				"west": {"uv": [5.125, 9.875, 5.1875, 10], "texture": "#2"}
			}
		},
		{
			"from": [7.60535, 6.45225, 8.60674],
			"to": [8.47449, 7.40041, 8.92279],
			"rotation": {"angle": 22.5, "axis": "x", "origin": [8.02863, 7.83542, 8.71216]},
			"faces": {
				"north": {"uv": [9.375, 0.375, 9.5, 0.5], "texture": "#2"},
				"east": {"uv": [9.875, 5.25, 9.9375, 5.375], "texture": "#2"},
				"south": {"uv": [9.375, 0.625, 9.5, 0.75], "texture": "#2"},
				"west": {"uv": [9.875, 5.5, 9.9375, 5.625], "texture": "#2"}
			}
		},
		{
			"from": [7.60535, 7.37888, 8.5535],
			"to": [8.47449, 8.01099, 9.34363],
			"rotation": {"angle": -22.5, "axis": "x", "origin": [8.02863, 7.83542, 8.71216]},
			"faces": {
				"east": {"uv": [9.875, 5.75, 10, 5.8125], "texture": "#2"},
				"west": {"uv": [9.875, 6.375, 10, 6.4375], "texture": "#2"},
				"down": {"uv": [1.375, 9.375, 1.25, 9.5], "texture": "#2"}
			}
		},
		{
			"from": [7.60535, 6.00606, 9.12002],
			"to": [8.47449, 6.63816, 9.43607],
			"rotation": {"angle": 45, "axis": "x", "origin": [8.02863, 7.83542, 8.71216]},
			"faces": {
				"north": {"uv": [6.75, 9.875, 6.875, 9.9375], "texture": "#2"},
				"east": {"uv": [6.5, 10.625, 6.5625, 10.6875], "texture": "#2"},
				"south": {"uv": [7.375, 9.875, 7.5, 9.9375], "texture": "#2"},
				"west": {"uv": [6.75, 10.625, 6.8125, 10.6875], "texture": "#2"},
				"down": {"uv": [7.75, 9.875, 7.625, 9.9375], "texture": "#2"}
			}
		},
		{
			"from": [7.76337, 6.83045, 8.43635],
			"to": [8.23745, 7.77859, 8.7524],
			"rotation": {"angle": 22.5, "axis": "x", "origin": [8.02863, 7.83542, 8.71216]},
			"faces": {
				"north": {"uv": [7.875, 9.875, 7.9375, 10], "texture": "#2"},
				"east": {"uv": [9.875, 8.25, 9.9375, 8.375], "texture": "#2"},
				"west": {"uv": [9.875, 8.5, 9.9375, 8.625], "texture": "#2"}
			}
		},
		{
			"from": [7.76337, 5.99323, 8.83023],
			"to": [8.23745, 7.02039, 9.14628],
			"rotation": {"angle": 45, "axis": "x", "origin": [8.02863, 7.83542, 8.71216]},
			"faces": {
				"north": {"uv": [9.875, 8.75, 9.9375, 8.875], "texture": "#2"},
				"east": {"uv": [9.875, 9, 9.9375, 9.125], "texture": "#2"},
				"south": {"uv": [9.625, 9.875, 9.6875, 10], "texture": "#2"},
				"west": {"uv": [9.875, 9.875, 9.9375, 10], "texture": "#2"},
				"down": {"uv": [7.0625, 10.625, 7, 10.6875], "texture": "#2"}
			}
		},
		{
			"from": [7.60535, 7.0786, 8.92859],
			"to": [8.47449, 7.9607, 9.24464],
			"rotation": {"angle": 45, "axis": "x", "origin": [8.02863, 7.83542, 8.71216]},
			"faces": {
				"east": {"uv": [10, 0, 10.0625, 0.125], "texture": "#2"},
				"south": {"uv": [1.5, 9.375, 1.625, 9.5], "texture": "#2"},
				"west": {"uv": [0.25, 10, 0.3125, 10.125], "texture": "#2"}
			}
		},
		{
			"from": [6.34115, 8.76346, 10.17337],
			"to": [6.81522, 9.55358, 11.20054],
			"rotation": {"angle": -22.5, "axis": "z", "origin": [6.57818, 9.15851, 10.68696]},
			"faces": {
				"north": {"uv": [10, 0.25, 10.0625, 0.375], "texture": "#2"},
				"south": {"uv": [0.5, 10, 0.5625, 10.125], "texture": "#2"},
				"west": {"uv": [2.375, 9.375, 2.5, 9.5], "texture": "#2"},
				"up": {"uv": [10.0625, 0.625, 10, 0.5], "texture": "#2"},
				"down": {"uv": [0.8125, 10, 0.75, 10.125], "texture": "#2"}
			}
		},
		{
			"from": [9.18478, 8.76346, 10.17337],
			"to": [9.65885, 9.55358, 11.20054],
			"rotation": {"angle": 22.5, "axis": "z", "origin": [9.42182, 9.15851, 10.68696]},
			"faces": {
				"north": {"uv": [1, 10, 1.0625, 10.125], "texture": "#2"},
				"east": {"uv": [9.375, 2.75, 9.5, 2.875], "texture": "#2"},
				"south": {"uv": [10, 1, 10.0625, 1.125], "texture": "#2"},
				"up": {"uv": [1.3125, 10.125, 1.25, 10], "texture": "#2"},
				"down": {"uv": [1.5625, 10, 1.5, 10.125], "texture": "#2"}
			}
		},
		{
			"from": [6.6449, 8.12065, 6.47343],
			"to": [9.3551, 8.62065, 6.73124],
			"rotation": {"angle": -22.5, "axis": "x", "origin": [8, 8.75276, 6.53983]},
			"faces": {
				"north": {"uv": [8.75, 2.625, 9.0625, 2.6875], "texture": "#2"},
				"east": {"uv": [7.25, 10.625, 7.3125, 10.6875], "texture": "#2"},
				"south": {"uv": [2.875, 8.75, 3.1875, 8.8125], "texture": "#2"},
				"west": {"uv": [7.5, 10.625, 7.5625, 10.6875], "texture": "#2"},
				"down": {"uv": [3.6875, 8.75, 3.375, 8.8125], "texture": "#2"}
			}
		},
		{
			"from": [6.52865, 5.54271, 14.00449],
			"to": [7.47679, 6.31988, 15.16962],
			"rotation": {"angle": -22.5, "axis": "x", "origin": [-1.48112, -3.95177, 11.6176]},
			"faces": {
				"north": {"uv": [9.375, 3, 9.5, 3.125], "texture": "#2"},
				"south": {"uv": [9.375, 6.125, 9.5, 6.25], "texture": "#2"},
				"west": {"uv": [9.375, 6.75, 9.5, 6.875], "texture": "#2"},
				"up": {"uv": [7, 9.5, 6.875, 9.375], "texture": "#2"},
				"down": {"uv": [9.5, 7, 9.375, 7.125], "texture": "#2"}
			}
		},
		{
			"from": [6.4574, 8.62065, 6.47343],
			"to": [9.5426, 9.13486, 6.73124],
			"rotation": {"angle": -22.5, "axis": "x", "origin": [8, 8.75276, 6.53983]},
			"faces": {
				"north": {"uv": [8.375, 6.75, 8.75, 6.8125], "texture": "#2"},
				"east": {"uv": [7.75, 10.625, 7.8125, 10.6875], "texture": "#2"},
				"south": {"uv": [8.5, 1, 8.875, 1.0625], "texture": "#2"},
				"west": {"uv": [8, 10.625, 8.0625, 10.6875], "texture": "#2"},
				"up": {"uv": [8.875, 1.5625, 8.5, 1.5], "texture": "#2"},
				"down": {"uv": [3.25, 8.5, 2.875, 8.5625], "texture": "#2"}
			}
		},
		{
			"from": [8.79053, 8.91753, -1.65653],
			"to": [9.2301, 9.5471, 3.41093],
			"rotation": {"angle": 0, "axis": "y", "origin": [-2.11322, -4.62222, -6.71334]},
			"faces": {
				"north": {"uv": [10.625, 8, 10.6875, 8.0625], "texture": "#2"},
				"east": {"uv": [7.125, 7.375, 7.75, 7.4375], "texture": "#2"},
				"west": {"uv": [7.5, 0, 8.125, 0.0625], "texture": "#2"},
				"up": {"uv": [2.4375, 8, 2.375, 7.375], "texture": "#2"},
				"down": {"uv": [4.4375, 7.5, 4.375, 8.125], "texture": "#2"}
			}
		},
		{
			"from": [8.97383, 7.9794, -1.65653],
			"to": [9.23311, 9.01164, 3.40855],
			"rotation": {"angle": -45, "axis": "z", "origin": [9.11801, 8.96821, 0.87601]},
			"faces": {
				"north": {"uv": [10, 2.5, 10.0625, 2.625], "texture": "#2"},
				"east": {"uv": [6, 0.5, 6.625, 0.625], "texture": "#2"},
				"south": {"uv": [10, 2.75, 10.0625, 2.875], "texture": "#2"},
				"west": {"uv": [5.125, 6, 5.75, 6.125], "texture": "#2"},
				"up": {"uv": [6.5625, 8.125, 6.5, 7.5], "texture": "#2"},
				"down": {"uv": [0.5625, 7.625, 0.5, 8.25], "texture": "#2"}
			}
		},
		{
			"from": [8.79053, 8.42606, -1.65653],
			"to": [8.86191, 8.91753, 3.40855],
			"rotation": {"angle": 0, "axis": "y", "origin": [-2.23822, -5.09807, -6.71334]},
			"faces": {
				"north": {"uv": [8.25, 10.625, 8.3125, 10.6875], "texture": "#2"},
				"east": {"uv": [7.5, 0.25, 8.125, 0.3125], "texture": "#2"},
				"west": {"uv": [7.5, 0.75, 8.125, 0.8125], "texture": "#2"}
			}
		},
		{
			"from": [7.13809, 8.42606, -1.65653],
			"to": [7.20947, 8.91753, 3.40855],
			"rotation": {"angle": 0, "axis": "y", "origin": [18.23822, -5.09807, -6.71334]},
			"faces": {
				"north": {"uv": [10.625, 8.25, 10.6875, 8.3125], "texture": "#2"},
				"east": {"uv": [7.625, 6.5, 8.25, 6.5625], "texture": "#2"},
				"west": {"uv": [7.625, 6.75, 8.25, 6.8125], "texture": "#2"}
			}
		},
		{
			"from": [6.76689, 7.9794, -1.65653],
			"to": [7.02617, 9.01164, 3.40855],
			"rotation": {"angle": 45, "axis": "z", "origin": [6.88199, 8.96821, 0.87601]},
			"faces": {
				"north": {"uv": [3, 10, 3.0625, 10.125], "texture": "#2"},
				"east": {"uv": [5.875, 6, 6.5, 6.125], "texture": "#2"},
				"south": {"uv": [10, 3, 10.0625, 3.125], "texture": "#2"},
				"west": {"uv": [6.125, 2.375, 6.75, 2.5], "texture": "#2"},
				"up": {"uv": [1.3125, 8.25, 1.25, 7.625], "texture": "#2"},
				"down": {"uv": [1.9375, 7.625, 1.875, 8.25], "texture": "#2"}
			}
		},
		{
			"from": [6.7699, 8.91753, -1.65653],
			"to": [7.20947, 9.5471, 3.41093],
			"rotation": {"angle": 0, "axis": "y", "origin": [18.11322, -4.62222, -6.71334]},
			"faces": {
				"north": {"uv": [8.5, 10.625, 8.5625, 10.6875], "texture": "#2"},
				"east": {"uv": [7.125, 7.625, 7.75, 7.6875], "texture": "#2"},
				"west": {"uv": [7.75, 1, 8.375, 1.0625], "texture": "#2"},
				"up": {"uv": [2.1875, 8.25, 2.125, 7.625], "texture": "#2"},
				"down": {"uv": [5.5625, 7.625, 5.5, 8.25], "texture": "#2"}
			}
		},
		{
			"from": [6.85766, 8.18553, 3.09605],
			"to": [9.14316, 9.32236, 3.40855],
			"rotation": {"angle": 0, "axis": "y", "origin": [18.11322, -4.58387, -6.71334]},
			"faces": {
				"north": {"uv": [7.75, 2.875, 8.0625, 3], "texture": "#2"},
				"east": {"uv": [3.25, 10, 3.3125, 10.125], "texture": "#2"},
				"south": {"uv": [7.75, 3.125, 8.0625, 3.25], "texture": "#2"},
				"west": {"uv": [3.5, 10, 3.5625, 10.125], "texture": "#2"},
				"up": {"uv": [4.1875, 8.8125, 3.875, 8.75], "texture": "#2"}
			}
		},
		{
			"from": [6.54516, 8.18315, 7.16093],
			"to": [9.45566, 9.32236, 9.41874],
			"rotation": {"angle": 0, "axis": "y", "origin": [-2.11322, -4.70887, -6.71334]},
			"faces": {
				"north": {"uv": [1.875, 7.375, 2.25, 7.5], "texture": "#2"},
				"east": {"uv": [7.75, 3.75, 8.0625, 3.875], "texture": "#2"},
				"west": {"uv": [7.75, 4, 8.0625, 4.125], "texture": "#2"},
				"up": {"uv": [4.625, 5.1875, 4.25, 4.875], "texture": "#2"},
				"down": {"uv": [5.25, 4.5, 4.875, 4.8125], "texture": "#2"}
			}
		},
		{
			"from": [6.65565, 8.07267, 5.91874],
			"to": [9.34435, 9.43285, 7.16874],
			"rotation": {"angle": 0, "axis": "y", "origin": [-2.11322, -4.70887, -6.71334]},
			"faces": {
				"north": {"uv": [6.75, 6.75, 7.0625, 6.9375], "texture": "#2"},
				"east": {"uv": [8.125, 1.5, 8.3125, 1.6875], "texture": "#2"},
				"south": {"uv": [6.875, 2, 7.1875, 2.1875], "texture": "#2"},
				"west": {"uv": [3.625, 8.125, 3.8125, 8.3125], "texture": "#2"}
			}
		},
		{
			"from": [6.54516, 8.18315, 3.41093],
			"to": [9.45566, 9.32236, 5.91874],
			"rotation": {"angle": 0, "axis": "y", "origin": [-2.11322, -4.70887, -6.71334]},
			"faces": {
				"north": {"uv": [7.375, 1.875, 7.75, 2], "texture": "#2"},
				"east": {"uv": [7.75, 4.75, 8.0625, 4.875], "texture": "#2"},
				"south": {"uv": [7.375, 2.125, 7.75, 2.25], "texture": "#2"},
				"west": {"uv": [7.75, 5, 8.0625, 5.125], "texture": "#2"},
				"up": {"uv": [5.375, 0.3125, 5, 0], "texture": "#2"},
				"down": {"uv": [5.375, 0.5, 5, 0.8125], "texture": "#2"}
			}
		},
		{
			"from": [6.54516, 8.05815, 9.41093],
			"to": [9.45566, 9.32236, 13.79374],
			"rotation": {"angle": 0, "axis": "y", "origin": [-2.11322, -4.70887, -6.71334]},
			"faces": {
				"east": {"uv": [5, 1.625, 5.5625, 1.8125], "texture": "#2"},
				"west": {"uv": [5.125, 2, 5.6875, 2.1875], "texture": "#2"},
				"up": {"uv": [1.5, 4.5625, 1.125, 4], "texture": "#2"}
			}
		},
		{
			"from": [6.85766, 7.87065, 3.41093],
			"to": [9.14316, 8.19736, 13.79374],
			"rotation": {"angle": 0, "axis": "y", "origin": [-2.11322, -4.70887, -6.71334]},
			"faces": {
				"east": {"uv": [5.5, 0, 6.8125, 0.0625], "texture": "#2"},
				"west": {"uv": [5.5, 0.25, 6.8125, 0.3125], "texture": "#2"},
				"down": {"uv": [2.4375, 0, 2.125, 1.3125], "texture": "#2"}
			}
		},
		{
			"from": [6.85766, 7.95815, 3.13719],
			"to": [9.14316, 8.28486, 3.5825],
			"rotation": {"angle": 45, "axis": "x", "origin": [8.00041, 8.1215, 3.3911]},
			"faces": {
				"east": {"uv": [10.625, 8.5, 10.6875, 8.5625], "texture": "#2"},
				"west": {"uv": [8.75, 10.625, 8.8125, 10.6875], "texture": "#2"},
				"up": {"uv": [9.0625, 4.1875, 8.75, 4.125], "texture": "#2"},
				"down": {"uv": [9.0625, 4.375, 8.75, 4.4375], "texture": "#2"}
			}
		},
		{
			"from": [6.54516, 7.68557, 13.7784],
			"to": [9.45566, 8.57478, 14.1612],
			"rotation": {"angle": 22.5, "axis": "x", "origin": [8.15843, 8.66677, 14.21918]},
			"faces": {
				"east": {"uv": [10, 4, 10.0625, 4.125], "texture": "#2"},
				"south": {"uv": [7.375, 3.5, 7.75, 3.625], "texture": "#2"},
				"west": {"uv": [4.125, 10, 4.1875, 10.125], "texture": "#2"}
			}
		},
		{
			"from": [6.54516, 8.52151, 13.75918],
			"to": [9.45566, 9.09822, 14.32949],
			"rotation": {"angle": 45, "axis": "x", "origin": [8.00041, 8.84112, 14.13809]},
			"faces": {
				"east": {"uv": [10.625, 8.75, 10.6875, 8.8125], "texture": "#2"},
				"south": {"uv": [3.625, 8.5, 4, 8.5625], "texture": "#2"},
				"west": {"uv": [9, 10.625, 9.0625, 10.6875], "texture": "#2"}
			}
		},
		{
			"from": [6.54516, 8.95653, 14.27766],
			"to": [9.45566, 9.21433, 14.66687],
			"rotation": {"angle": -22.5, "axis": "x", "origin": [8.00041, 9.14793, 14.59726]},
			"faces": {
				"east": {"uv": [10.625, 9.5, 10.6875, 9.5625], "texture": "#2"},
				"west": {"uv": [9.625, 10.625, 9.6875, 10.6875], "texture": "#2"},
				"down": {"uv": [8.875, 3.625, 8.5, 3.6875], "texture": "#2"}
			}
		},
		{
			"from": [7.25, 8.05815, -1.65653],
			"to": [8.75, 8.37065, -0.08197],
			"rotation": {"angle": 0, "axis": "y", "origin": [-1.97442, -4.58387, -6.71334]},
			"faces": {
				"north": {"uv": [9.625, 3, 9.8125, 3.0625], "texture": "#2"},
				"south": {"uv": [9.625, 4, 9.8125, 4.0625], "texture": "#2"},
				"up": {"uv": [4.8125, 8.3125, 4.625, 8.125], "texture": "#2"},
				"down": {"uv": [5.9375, 8.125, 5.75, 8.3125], "texture": "#2"}
			}
		},
		{
			"from": [7.13572, 8.17243, -0.08197],
			"to": [8.86428, 8.37065, 0.21847],
			"rotation": {"angle": 0, "axis": "y", "origin": [-1.97442, -4.58387, -6.40084]},
			"faces": {
				"north": {"uv": [9.625, 4.25, 9.8125, 4.3125], "texture": "#2"},
				"south": {"uv": [9.625, 6.125, 9.8125, 6.1875], "texture": "#2"},
				"up": {"uv": [9.8125, 6.6875, 9.625, 6.625], "texture": "#2"},
				"down": {"uv": [6.9375, 9.625, 6.75, 9.6875], "texture": "#2"}
			}
		},
		{
			"from": [6.97573, 8.19325, -1.65653],
			"to": [7.32159, 8.55586, -0.08197],
			"rotation": {"angle": -45, "axis": "z", "origin": [7.12271, 8.21211, 0.88075]},
			"faces": {
				"north": {"uv": [10.625, 9.75, 10.6875, 9.8125], "texture": "#2"},
				"south": {"uv": [9.875, 10.625, 9.9375, 10.6875], "texture": "#2"},
				"west": {"uv": [9.625, 6.875, 9.8125, 6.9375], "texture": "#2"},
				"down": {"uv": [4.1875, 9.625, 4.125, 9.8125], "texture": "#2"}
			}
		},
		{
			"from": [8.67841, 8.19325, -1.65653],
			"to": [9.02427, 8.54024, -0.08197],
			"rotation": {"angle": 45, "axis": "z", "origin": [8.87729, 8.21211, 0.88075]},
			"faces": {
				"north": {"uv": [10.625, 10, 10.6875, 10.0625], "texture": "#2"},
				"east": {"uv": [7.75, 9.625, 7.9375, 9.6875], "texture": "#2"},
				"south": {"uv": [10.625, 10.25, 10.6875, 10.3125], "texture": "#2"},
				"down": {"uv": [5.4375, 9.625, 5.375, 9.8125], "texture": "#2"}
			}
		},
		{
			"from": [8.84003, 8.19325, -0.08197],
			"to": [9.02427, 8.55586, 0.21847],
			"rotation": {"angle": 45, "axis": "z", "origin": [8.87729, 8.21211, 1.19325]},
			"faces": {
				"north": {"uv": [10.375, 10.625, 10.4375, 10.6875], "texture": "#2"},
				"east": {"uv": [10.625, 10.5, 10.6875, 10.5625], "texture": "#2"},
				"down": {"uv": [0.0625, 10.75, 0, 10.8125], "texture": "#2"}
			}
		},
		{
			"from": [6.97573, 8.19325, -0.08197],
			"to": [7.15997, 8.55586, 0.21847],
			"rotation": {"angle": -45, "axis": "z", "origin": [7.12271, 8.21211, 1.19325]},
			"faces": {
				"west": {"uv": [10.75, 0, 10.8125, 0.0625], "texture": "#2"},
				"down": {"uv": [0.3125, 10.75, 0.25, 10.8125], "texture": "#2"}
			}
		},
		{
			"from": [8.67841, 8.19325, 0.21847],
			"to": [9.02427, 8.55586, 3.41803],
			"rotation": {"angle": 45, "axis": "z", "origin": [8.87729, 8.21211, 0.88075]},
			"faces": {
				"north": {"uv": [10.75, 0.25, 10.8125, 0.3125], "texture": "#2"},
				"east": {"uv": [8.5, 3.875, 8.875, 3.9375], "texture": "#2"},
				"south": {"uv": [0.5, 10.75, 0.5625, 10.8125], "texture": "#2"},
				"up": {"uv": [8.5625, 4.5, 8.5, 4.125], "texture": "#2"},
				"down": {"uv": [4.6875, 8.5, 4.625, 8.875], "texture": "#2"}
			}
		},
		{
			"from": [6.97573, 8.19325, 0.21847],
			"to": [7.32159, 8.55586, 3.41803],
			"rotation": {"angle": -45, "axis": "z", "origin": [7.12271, 8.21211, 0.88075]},
			"faces": {
				"north": {"uv": [10.75, 0.5, 10.8125, 0.5625], "texture": "#2"},
				"south": {"uv": [0.75, 10.75, 0.8125, 10.8125], "texture": "#2"},
				"west": {"uv": [8.5, 4.625, 8.875, 4.6875], "texture": "#2"},
				"up": {"uv": [4.9375, 8.875, 4.875, 8.5], "texture": "#2"},
				"down": {"uv": [5.6875, 8.5, 5.625, 8.875], "texture": "#2"}
			}
		},
		{
			"from": [7.25, 8.05815, 0.21847],
			"to": [8.75, 8.37065, 3.41803],
			"rotation": {"angle": 0, "axis": "y", "origin": [-1.97442, -4.58387, -6.71334]},
			"faces": {
				"north": {"uv": [9.625, 7.75, 9.8125, 7.8125], "texture": "#2"},
				"up": {"uv": [5.9375, 6.625, 5.75, 6.25], "texture": "#2"},
				"down": {"uv": [6.3125, 6.25, 6.125, 6.625], "texture": "#2"}
			}
		},
		{
			"from": [3.6138, 8.18553, 4.40828],
			"to": [4.02289, 9.32236, 4.85191],
			"rotation": {"angle": -45, "axis": "y", "origin": [6.81973, 8.78527, 7.66786]},
			"faces": {
				"east": {"uv": [10, 4.25, 10.0625, 4.375], "texture": "#2"},
				"south": {"uv": [4.375, 10, 4.4375, 10.125], "texture": "#2"},
				"west": {"uv": [4.625, 10, 4.6875, 10.125], "texture": "#2"},
				"up": {"uv": [1.0625, 10.8125, 1, 10.75], "texture": "#2"},
				"down": {"uv": [10.8125, 1, 10.75, 1.0625], "texture": "#2"}
			}
		},
		{
			"from": [6.54516, 8.96974, 13.77811],
			"to": [9.45566, 9.32236, 15.60836],
			"rotation": {"angle": 0, "axis": "y", "origin": [-2.11322, -4.70887, -6.71334]},
			"faces": {
				"east": {"uv": [9.375, 7.25, 9.625, 7.3125], "texture": "#2"},
				"south": {"uv": [8.5, 6, 8.875, 6.0625], "texture": "#2"},
				"west": {"uv": [9.375, 7.5, 9.625, 7.5625], "texture": "#2"},
				"up": {"uv": [5.5, 3.375, 5.125, 3.125], "texture": "#2"},
				"down": {"uv": [3.625, 5.125, 3.25, 5.375], "texture": "#2"}
			}
		},
		{
			"from": [6.7699, 9.32236, 3.41093],
			"to": [9.2301, 9.5471, 15.60605],
			"rotation": {"angle": 0, "axis": "y", "origin": [-2.30072, -4.7, -6.71334]},
			"faces": {
				"north": {"uv": [7.25, 8.75, 7.5625, 8.8125], "texture": "#2"},
				"south": {"uv": [7.75, 8.75, 8.0625, 8.8125], "texture": "#2"},
				"up": {"uv": [1.0625, 1.5, 0.75, 0], "texture": "#2"}
			}
		},
		{
			"from": [7.00536, 9.12923, 7.16093],
			"to": [7.32319, 9.3592, 15.60836],
			"rotation": {"angle": 45, "axis": "z", "origin": [6.81973, 8.78527, 7.66786]},
			"faces": {
				"north": {"uv": [1.25, 10.75, 1.3125, 10.8125], "texture": "#2"},
				"east": {"uv": [6.5, 3, 7.5625, 3.0625], "texture": "#2"},
				"south": {"uv": [1.5, 10.75, 1.5625, 10.8125], "texture": "#2"},
				"up": {"uv": [1.3125, 7.4375, 1.25, 6.375], "texture": "#2"},
				"down": {"uv": [6.5625, 6.25, 6.5, 7.3125], "texture": "#2"}
			}
		},
		{
			"from": [7.00536, 9.12923, 3.41093],
			"to": [7.32319, 9.3592, 5.91874],
			"rotation": {"angle": 45, "axis": "z", "origin": [6.81973, 8.78527, 7.66786]},
			"faces": {
				"north": {"uv": [10.75, 2.5, 10.8125, 2.5625], "texture": "#2"},
				"south": {"uv": [10.75, 2.75, 10.8125, 2.8125], "texture": "#2"},
				"up": {"uv": [5.4375, 9.0625, 5.375, 8.75], "texture": "#2"}
			}
		},
		{
			"from": [6.19982, 8.11083, 7.16093],
			"to": [6.42978, 8.55366, 9.60836],
			"rotation": {"angle": 45, "axis": "z", "origin": [6.81973, 8.78527, 7.66786]},
			"faces": {
				"north": {"uv": [3, 10.75, 3.0625, 10.8125], "texture": "#2"},
				"south": {"uv": [10.75, 3, 10.8125, 3.0625], "texture": "#2"},
				"west": {"uv": [8.75, 7.75, 9.0625, 7.8125], "texture": "#2"},
				"down": {"uv": [8.3125, 8.75, 8.25, 9.0625], "texture": "#2"}
			}
		},
		{
			"from": [6.19982, 8.11083, 3.41093],
			"to": [6.42978, 8.55366, 5.91874],
			"rotation": {"angle": 45, "axis": "z", "origin": [6.81973, 8.78527, 7.66786]},
			"faces": {
				"north": {"uv": [3.25, 10.75, 3.3125, 10.8125], "texture": "#2"},
				"south": {"uv": [3.5, 10.75, 3.5625, 10.8125], "texture": "#2"},
				"west": {"uv": [8.75, 8, 9.0625, 8.0625], "texture": "#2"},
				"down": {"uv": [8.5625, 8.75, 8.5, 9.0625], "texture": "#2"}
			}
		},
		{
			"from": [6.19982, 8.11083, 5.91093],
			"to": [6.42978, 8.39741, 7.16874],
			"rotation": {"angle": 45, "axis": "z", "origin": [6.81973, 8.78527, 7.66786]},
			"faces": {
				"west": {"uv": [9.625, 8, 9.8125, 8.0625], "texture": "#2"},
				"down": {"uv": [9.4375, 9.625, 9.375, 9.8125], "texture": "#2"}
			}
		},
		{
			"from": [6.2458, 9.12715, 5.91874],
			"to": [6.47577, 9.28873, 7.17654],
			"rotation": {"angle": -45, "axis": "z", "origin": [6.81973, 8.78527, 7.66786]},
			"faces": {
				"north": {"uv": [4, 10.75, 4.0625, 10.8125], "texture": "#2"},
				"south": {"uv": [10.75, 4, 10.8125, 4.0625], "texture": "#2"},
				"west": {"uv": [9.625, 9.625, 9.8125, 9.6875], "texture": "#2"}
			}
		},
		{
			"from": [1.0108, 8.96974, 13.08849],
			"to": [1.4925, 9.31881, 13.99598],
			"rotation": {"angle": 45, "axis": "y", "origin": [6.81973, 8.78527, 7.66786]},
			"faces": {
				"east": {"uv": [4.875, 10, 5, 10.0625], "texture": "#2"},
				"west": {"uv": [5.375, 10, 5.5, 10.0625], "texture": "#2"},
				"up": {"uv": [5.6875, 10.125, 5.625, 10], "texture": "#2"},
				"down": {"uv": [10.0625, 6, 10, 6.125], "texture": "#2"}
			}
		},
		{
			"from": [1.16971, 9.21974, 13.2474],
			"to": [1.4925, 9.5471, 13.83883],
			"rotation": {"angle": 45, "axis": "y", "origin": [6.81973, 9.03527, 7.66786]},
			"faces": {
				"north": {"uv": [4.25, 10.75, 4.3125, 10.8125], "texture": "#2"},
				"east": {"uv": [10.75, 4.25, 10.8125, 4.3125], "texture": "#2"},
				"south": {"uv": [4.5, 10.75, 4.5625, 10.8125], "texture": "#2"},
				"west": {"uv": [4.75, 10.75, 4.8125, 10.8125], "texture": "#2"},
				"up": {"uv": [5.3125, 10.8125, 5.25, 10.75], "texture": "#2"}
			}
		},
		{
			"from": [14.5075, 9.21974, 13.2474],
			"to": [14.83029, 9.5471, 13.83883],
			"rotation": {"angle": -45, "axis": "y", "origin": [9.18027, 9.03527, 7.66786]},
			"faces": {
				"north": {"uv": [5.5, 10.75, 5.5625, 10.8125], "texture": "#2"},
				"east": {"uv": [10.75, 6, 10.8125, 6.0625], "texture": "#2"},
				"south": {"uv": [10.75, 6.5, 10.8125, 6.5625], "texture": "#2"},
				"west": {"uv": [10.75, 6.75, 10.8125, 6.8125], "texture": "#2"},
				"up": {"uv": [10.8125, 7.0625, 10.75, 7], "texture": "#2"}
			}
		},
		{
			"from": [14.5075, 8.96974, 13.08849],
			"to": [14.9892, 9.31881, 13.99598],
			"rotation": {"angle": -45, "axis": "y", "origin": [9.18027, 8.78527, 7.66786]},
			"faces": {
				"east": {"uv": [10, 6.625, 10.125, 6.6875], "texture": "#2"},
				"west": {"uv": [10, 6.875, 10.125, 6.9375], "texture": "#2"},
				"up": {"uv": [10.0625, 7.25, 10, 7.125], "texture": "#2"},
				"down": {"uv": [10.0625, 7.375, 10, 7.5], "texture": "#2"}
			}
		},
		{
			"from": [11.97711, 8.18553, 4.40828],
			"to": [12.3862, 9.32236, 4.85191],
			"rotation": {"angle": 45, "axis": "y", "origin": [9.18027, 8.78527, 7.66786]},
			"faces": {
				"east": {"uv": [10, 7.625, 10.0625, 7.75], "texture": "#2"},
				"south": {"uv": [10, 7.875, 10.0625, 8], "texture": "#2"},
				"west": {"uv": [10, 9.25, 10.0625, 9.375], "texture": "#2"},
				"up": {"uv": [10.8125, 7.3125, 10.75, 7.25], "texture": "#2"},
				"down": {"uv": [10.8125, 7.5, 10.75, 7.5625], "texture": "#2"}
			}
		},
		{
			"from": [9.52423, 9.12715, 5.91874],
			"to": [9.7542, 9.28873, 7.17654],
			"rotation": {"angle": 45, "axis": "z", "origin": [9.18027, 8.78527, 7.66786]},
			"faces": {
				"north": {"uv": [10.75, 7.75, 10.8125, 7.8125], "texture": "#2"},
				"east": {"uv": [0.5, 9.75, 0.6875, 9.8125], "texture": "#2"},
				"south": {"uv": [10.75, 9, 10.8125, 9.0625], "texture": "#2"}
			}
		},
		{
			"from": [8.67681, 9.12923, 3.41093],
			"to": [8.99464, 9.3592, 5.91874],
			"rotation": {"angle": -45, "axis": "z", "origin": [9.18027, 8.78527, 7.66786]},
			"faces": {
				"north": {"uv": [9.25, 10.75, 9.3125, 10.8125], "texture": "#2"},
				"south": {"uv": [10.75, 9.25, 10.8125, 9.3125], "texture": "#2"},
				"up": {"uv": [8.8125, 9.0625, 8.75, 8.75], "texture": "#2"}
			}
		},
		{
			"from": [9.57022, 8.11083, 3.41093],
			"to": [9.80018, 8.55366, 5.91874],
			"rotation": {"angle": -45, "axis": "z", "origin": [9.18027, 8.78527, 7.66786]},
			"faces": {
				"north": {"uv": [10.125, 10.75, 10.1875, 10.8125], "texture": "#2"},
				"east": {"uv": [0.5, 8.875, 0.8125, 8.9375], "texture": "#2"},
				"south": {"uv": [10.625, 10.75, 10.6875, 10.8125], "texture": "#2"},
				"down": {"uv": [1.4375, 8.875, 1.375, 9.1875], "texture": "#2"}
			}
		},
		{
			"from": [9.57022, 8.11083, 7.16093],
			"to": [9.80018, 8.55366, 9.60836],
			"rotation": {"angle": -45, "axis": "z", "origin": [9.18027, 8.78527, 7.66786]},
			"faces": {
				"north": {"uv": [10.875, 0.75, 10.9375, 0.8125], "texture": "#2"},
				"east": {"uv": [8.875, 0.75, 9.1875, 0.8125], "texture": "#2"},
				"south": {"uv": [10.875, 1.25, 10.9375, 1.3125], "texture": "#2"},
				"down": {"uv": [1.6875, 8.875, 1.625, 9.1875], "texture": "#2"}
			}
		},
		{
			"from": [9.57022, 8.11083, 5.91093],
			"to": [9.80018, 8.39741, 7.16874],
			"rotation": {"angle": -45, "axis": "z", "origin": [9.18027, 8.78527, 7.66786]},
			"faces": {
				"east": {"uv": [0.875, 9.75, 1.0625, 9.8125], "texture": "#2"},
				"down": {"uv": [2.0625, 9.75, 2, 9.9375], "texture": "#2"}
			}
		},
		{
			"from": [8.67681, 9.12923, 7.16093],
			"to": [8.99464, 9.3592, 15.60836],
			"rotation": {"angle": -45, "axis": "z", "origin": [9.18027, 8.78527, 7.66786]},
			"faces": {
				"north": {"uv": [10.875, 1.5, 10.9375, 1.5625], "texture": "#2"},
				"south": {"uv": [1.75, 10.875, 1.8125, 10.9375], "texture": "#2"},
				"west": {"uv": [6.5, 3.25, 7.5625, 3.3125], "texture": "#2"},
				"up": {"uv": [0.8125, 7.6875, 0.75, 6.625], "texture": "#2"},
				"down": {"uv": [2.9375, 6.75, 2.875, 7.8125], "texture": "#2"}
			}
		},
		{
			"from": [7.18685, 8.96974, 15.88108],
			"to": [8.81315, 9.31881, 16.25005],
			"rotation": {"angle": 0, "axis": "y", "origin": [-2.11321, -4.27137, -7.69771]},
			"faces": {
				"north": {"uv": [9.75, 2, 9.9375, 2.0625], "texture": "#2"},
				"south": {"uv": [9.75, 2.25, 9.9375, 2.3125], "texture": "#2"},
				"up": {"uv": [3.3125, 9.8125, 3.125, 9.75], "texture": "#2"},
				"down": {"uv": [9.9375, 3.25, 9.75, 3.3125], "texture": "#2"}
			}
		},
		{
			"from": [7.18686, 9.38427, 15.96287],
			"to": [8.81315, 9.69665, 16.27717],
			"rotation": {"angle": 45, "axis": "x", "origin": [8.00521, 9.54046, 15.80752]},
			"faces": {
				"north": {"uv": [3.5, 9.75, 3.6875, 9.8125], "texture": "#2"},
				"east": {"uv": [10.875, 1.75, 10.9375, 1.8125], "texture": "#2"},
				"west": {"uv": [2, 10.875, 2.0625, 10.9375], "texture": "#2"},
				"up": {"uv": [9.9375, 3.5625, 9.75, 3.5], "texture": "#2"},
				"down": {"uv": [4.5625, 9.75, 4.375, 9.8125], "texture": "#2"}
			}
		},
		{
			"from": [7.18686, 9.3205, 15.60605],
			"to": [8.81315, 9.54105, 16.02781],
			"rotation": {"angle": 0, "axis": "y", "origin": [8.03125, 9.3839, 15.87162]},
			"faces": {
				"east": {"uv": [10.875, 2, 10.9375, 2.0625], "texture": "#2"},
				"west": {"uv": [2.25, 10.875, 2.3125, 10.9375], "texture": "#2"},
				"up": {"uv": [4.9375, 9.8125, 4.75, 9.75], "texture": "#2"},
				"down": {"uv": [5.8125, 9.75, 5.625, 9.8125], "texture": "#2"}
			}
		},
		{
			"from": [6.7987, 6.02159, 13.16158],
			"to": [9.20211, 7.85185, 14.18875],
			"rotation": {"angle": 0, "axis": "y", "origin": [8.0004, 5.90369, 17.62625]},
			"faces": {
				"east": {"uv": [6.5, 8.25, 6.625, 8.5], "texture": "#2"},
				"south": {"uv": [6.125, 2.625, 6.4375, 2.875], "texture": "#2"},
				"west": {"uv": [6.75, 8.25, 6.875, 8.5], "texture": "#2"},
				"up": {"uv": [8.0625, 6.25, 7.75, 6.125], "texture": "#2"},
				"down": {"uv": [8.0625, 7, 7.75, 7.125], "texture": "#2"}
			}
		},
		{
			"from": [6.7987, -0.19662, 14.70644],
			"to": [9.20211, 8.49229, 15.1015],
			"rotation": {"angle": -22.5, "axis": "x", "origin": [8.00041, 4.14784, 14.90397]},
			"faces": {
				"north": {"uv": [2.625, 1.5, 2.9375, 2.5625], "texture": "#2"},
				"east": {"uv": [3.125, 6.75, 3.1875, 7.8125], "texture": "#2"},
				"south": {"uv": [1.125, 2.75, 1.4375, 3.8125], "texture": "#2"},
				"west": {"uv": [3.375, 6.75, 3.4375, 7.8125], "texture": "#2"},
				"down": {"uv": [2.1875, 8.875, 1.875, 8.9375], "texture": "#2"}
			}
		},
		{
			"from": [6.54416, -0.14664, 9.98792],
			"to": [9.45666, 9.19905, 11.72946],
			"rotation": {"angle": -22.5, "axis": "x", "origin": [8.0004, 7.38076, 12.79513]},
			"faces": {
				"north": {"uv": [1.25, 0, 1.625, 1.1875], "texture": "#2"},
				"east": {"uv": [3.625, 1.5, 3.8125, 2.6875], "texture": "#2"},
				"west": {"uv": [3.625, 2.875, 3.8125, 4.0625], "texture": "#2"}
			}
		},
		{
			"from": [6.8125, 0.28613, 9.59511],
			"to": [9.1875, 9.90916, 10.06919],
			"rotation": {"angle": -22.5, "axis": "x", "origin": [7.99413, 7.38076, 12.79513]},
			"faces": {
				"north": {"uv": [2.125, 1.5, 2.4375, 2.6875], "texture": "#2"},
				"east": {"uv": [4, 5.5, 4.0625, 6.6875], "texture": "#2"},
				"west": {"uv": [5.5, 6.25, 5.5625, 7.4375], "texture": "#2"}
			}
		},
		{
			"from": [7.05226, 2.09179, 14.92864],
			"to": [8.94856, 6.35616, 15.40273],
			"rotation": {"angle": -22.5, "axis": "x", "origin": [8.0004, 4.56604, 14.77063]},
			"faces": {
				"east": {"uv": [2.375, 8.125, 2.4375, 8.6875], "texture": "#2"},
				"south": {"uv": [4.25, 1.5, 4.5, 2.0625], "texture": "#2"},
				"west": {"uv": [7, 8.125, 7.0625, 8.6875], "texture": "#2"},
				"up": {"uv": [8, 9.4375, 7.75, 9.375], "texture": "#2"}
			}
		},
		{
			"from": [7.05226, 0.15429, 15.40273],
			"to": [8.94856, 2.35616, 15.90273],
			"rotation": {"angle": -22.5, "axis": "x", "origin": [8.0004, 4.56604, 14.77063]},
			"faces": {
				"east": {"uv": [8.875, 9.375, 8.9375, 9.625], "texture": "#2"},
				"south": {"uv": [6.75, 6, 7, 6.25], "texture": "#2"},
				"west": {"uv": [9.125, 9.375, 9.1875, 9.625], "texture": "#2"}
			}
		},
		{
			"from": [7.05226, -0.5595, 16.27954],
			"to": [8.94856, -0.0595, 16.98142],
			"rotation": {"angle": -22.5, "axis": "x", "origin": [8.00041, -0.3095, 16.66173]},
			"faces": {
				"north": {"uv": [9.375, 9.375, 9.625, 9.4375], "texture": "#2"},
				"east": {"uv": [10.875, 2.25, 10.9375, 2.3125], "texture": "#2"},
				"west": {"uv": [2.5, 10.875, 2.5625, 10.9375], "texture": "#2"},
				"down": {"uv": [0.75, 9.5, 0.5, 9.5625], "texture": "#2"}
			}
		},
		{
			"from": [7.05226, -0.29838, 16.76364],
			"to": [8.94856, 0.341, 17.26364],
			"rotation": {"angle": 45, "axis": "x", "origin": [8.00041, -0.10369, 17.01364]},
			"faces": {
				"east": {"uv": [2.75, 10.875, 2.8125, 10.9375], "texture": "#2"},
				"south": {"uv": [0.875, 9.5, 1.125, 9.5625], "texture": "#2"},
				"west": {"uv": [10.875, 3.25, 10.9375, 3.3125], "texture": "#2"}
			}
		},
		{
			"from": [7.05226, 0.03397, 16.94236],
			"to": [8.94856, 0.92335, 17.50486],
			"rotation": {"angle": 0, "axis": "y", "origin": [8.00041, -0.30259, 17.25486]},
			"faces": {
				"east": {"uv": [9.375, 10, 9.4375, 10.125], "texture": "#2"},
				"south": {"uv": [2.875, 5.625, 3.125, 5.75], "texture": "#2"},
				"west": {"uv": [10, 9.5, 10.0625, 9.625], "texture": "#2"}
			}
		},
		{
			"from": [7.05226, 2.36082, 15.4984],
			"to": [8.94856, 3.81269, 15.7484],
			"rotation": {"angle": -22.5, "axis": "x", "origin": [8.0004, 4.33507, 14.8663]},
			"faces": {
				"east": {"uv": [6, 9.75, 6.0625, 9.9375], "texture": "#2"},
				"south": {"uv": [7.375, 3.75, 7.625, 3.9375], "texture": "#2"},
				"west": {"uv": [6.25, 9.75, 6.3125, 9.9375], "texture": "#2"}
			}
		},
		{
			"from": [7.05226, 2.45838, 15.70698],
			"to": [8.94856, 3.16026, 15.95698],
			"rotation": {"angle": -45, "axis": "x", "origin": [8.00041, 3.55932, 15.70698]},
			"faces": {
				"east": {"uv": [10.875, 3.5, 10.9375, 3.5625], "texture": "#2"},
				"south": {"uv": [9.5, 0.875, 9.75, 0.9375], "texture": "#2"},
				"west": {"uv": [3.75, 10.875, 3.8125, 10.9375], "texture": "#2"}
			}
		},
		{
			"from": [7.05226, 2.8069, 15.29202],
			"to": [8.94856, 3.50878, 15.54202],
			"rotation": {"angle": -45, "axis": "x", "origin": [8.00041, 3.90784, 14.04202]},
			"faces": {
				"east": {"uv": [10.875, 3.75, 10.9375, 3.8125], "texture": "#2"},
				"south": {"uv": [9.5, 1.5, 9.75, 1.5625], "texture": "#2"},
				"west": {"uv": [10.875, 4.5, 10.9375, 4.5625], "texture": "#2"}
			}
		},
		{
			"from": [6.7983, 3.59962, 16.89578],
			"to": [9.2017, 4.30149, 17.14578],
			"rotation": {"angle": -45, "axis": "x", "origin": [7.99645, 1.74587, 16.19626]},
			"faces": {
				"north": {"uv": [8.875, 2.875, 9.1875, 2.9375], "texture": "#2"},
				"east": {"uv": [10.875, 4.75, 10.9375, 4.8125], "texture": "#2"},
				"south": {"uv": [8.875, 3.125, 9.1875, 3.1875], "texture": "#2"},
				"west": {"uv": [5, 10.875, 5.0625, 10.9375], "texture": "#2"},
				"up": {"uv": [6.1875, 8.9375, 5.875, 8.875], "texture": "#2"}
			}
		},
		{
			"from": [6.7983, -0.57316, 16.27011],
			"to": [9.2017, 0.19122, 16.77011],
			"rotation": {"angle": 45, "axis": "x", "origin": [8, -0.22222, 16.52011]},
			"faces": {
				"east": {"uv": [10.125, 0.75, 10.1875, 0.875], "texture": "#2"},
				"south": {"uv": [7.875, 0.5, 8.1875, 0.625], "texture": "#2"},
				"west": {"uv": [10.125, 1.25, 10.1875, 1.375], "texture": "#2"}
			}
		},
		{
			"from": [6.7983, -0.64715, 16.12185],
			"to": [9.2017, -0.39715, 16.44873],
			"rotation": {"angle": 0, "axis": "y", "origin": [8, -0.39715, 16.06654]},
			"faces": {
				"north": {"uv": [6.375, 8.875, 6.6875, 8.9375], "texture": "#2"},
				"east": {"uv": [10.875, 5, 10.9375, 5.0625], "texture": "#2"},
				"west": {"uv": [10.875, 5.25, 10.9375, 5.3125], "texture": "#2"},
				"down": {"uv": [9.1875, 6.75, 8.875, 6.8125], "texture": "#2"}
			}
		},
		{
			"from": [6.7983, -0.10665, 16.48923],
			"to": [9.2017, 0.92335, 16.98923],
			"rotation": {"angle": 0, "axis": "y", "origin": [7.99645, 2.06718, 16.00492]},
			"faces": {
				"east": {"uv": [10.125, 1.5, 10.1875, 1.625], "texture": "#2"},
				"south": {"uv": [7.875, 1.25, 8.1875, 1.375], "texture": "#2"},
				"west": {"uv": [1.75, 10.125, 1.8125, 10.25], "texture": "#2"}
			}
		},
		{
			"from": [6.7983, 2.17587, 16.57665],
			"to": [9.2017, 2.87774, 16.82665],
			"rotation": {"angle": -45, "axis": "x", "origin": [7.99645, 1.74587, 16.19626]},
			"faces": {
				"east": {"uv": [10.875, 5.5, 10.9375, 5.5625], "texture": "#2"},
				"south": {"uv": [9, 1, 9.3125, 1.0625], "texture": "#2"},
				"west": {"uv": [5.75, 10.875, 5.8125, 10.9375], "texture": "#2"}
			}
		},
		{
			"from": [6.7983, 0.64444, 15.92277],
			"to": [9.2017, 2.34632, 16.42277],
			"rotation": {"angle": -22.5, "axis": "x", "origin": [7.99645, 2.20781, 16.00492]},
			"faces": {
				"east": {"uv": [6.5, 9.75, 6.5625, 9.9375], "texture": "#2"},
				"south": {"uv": [6.875, 3.5, 7.1875, 3.6875], "texture": "#2"},
				"west": {"uv": [7.125, 9.75, 7.1875, 9.9375], "texture": "#2"}
			}
		},
		{
			"from": [6.7983, 2.37, 16.11411],
			"to": [9.2017, 3.82188, 16.36411],
			"rotation": {"angle": -22.5, "axis": "x", "origin": [7.99645, 1.74587, 16.19626]},
			"faces": {
				"north": {"uv": [6.875, 3.875, 7.1875, 4.0625], "texture": "#2"},
				"east": {"uv": [9.75, 7.125, 9.8125, 7.3125], "texture": "#2"},
				"south": {"uv": [0, 7, 0.3125, 7.1875], "texture": "#2"},
				"west": {"uv": [8.125, 9.75, 8.1875, 9.9375], "texture": "#2"}
			}
		},
		{
			"from": [6.54475, 1.89866, 14.72158],
			"to": [9.45525, 2.60053, 14.97158],
			"rotation": {"angle": -45, "axis": "x", "origin": [7.9929, 2.9996, 13.47158]},
			"faces": {
				"north": {"uv": [7.25, 8.5, 7.625, 8.5625], "texture": "#2"},
				"east": {"uv": [10.875, 5.75, 10.9375, 5.8125], "texture": "#2"},
				"south": {"uv": [7.75, 8.5, 8.125, 8.5625], "texture": "#2"},
				"west": {"uv": [6, 10.875, 6.0625, 10.9375], "texture": "#2"},
				"up": {"uv": [9, 0.0625, 8.625, 0], "texture": "#2"}
			}
		},
		{
			"from": [6.54475, -0.2629, 16.05173],
			"to": [9.45525, 0.93897, 16.55173],
			"rotation": {"angle": 0, "axis": "y", "origin": [7.9929, -0.28696, 16.30173]},
			"faces": {
				"north": {"uv": [7.375, 5.625, 7.75, 5.75], "texture": "#2"},
				"east": {"uv": [10.125, 1.75, 10.1875, 1.875], "texture": "#2"},
				"south": {"uv": [7.375, 5.875, 7.75, 6], "texture": "#2"},
				"west": {"uv": [2, 10.125, 2.0625, 10.25], "texture": "#2"}
			}
		},
		{
			"from": [6.54475, -0.68478, 15.98923],
			"to": [9.45525, -0.13894, 16.35101],
			"rotation": {"angle": 45, "axis": "x", "origin": [8, -0.44321, 16.30173]},
			"faces": {
				"north": {"uv": [8.625, 0.25, 9, 0.3125], "texture": "#2"},
				"east": {"uv": [6.25, 10.875, 6.3125, 10.9375], "texture": "#2"},
				"south": {"uv": [8.625, 0.5, 9, 0.5625], "texture": "#2"},
				"west": {"uv": [10.875, 6.25, 10.9375, 6.3125], "texture": "#2"},
				"down": {"uv": [1, 8.625, 0.625, 8.6875], "texture": "#2"}
			}
		},
		{
			"from": [6.54475, 1.66562, 15.0887],
			"to": [9.45525, 2.36749, 15.3387],
			"rotation": {"angle": -45, "axis": "x", "origin": [7.9929, 2.76655, 15.0887]},
			"faces": {
				"east": {"uv": [6.5, 10.875, 6.5625, 10.9375], "texture": "#2"},
				"south": {"uv": [1.75, 8.625, 2.125, 8.6875], "texture": "#2"},
				"west": {"uv": [6.75, 10.875, 6.8125, 10.9375], "texture": "#2"},
				"down": {"uv": [9, 4.875, 8.625, 4.9375], "texture": "#2"}
			}
		},
		{
			"from": [6.54475, 0.16991, 14.4496],
			"to": [9.45525, 1.49679, 14.9496],
			"rotation": {"angle": -22.5, "axis": "x", "origin": [7.9929, 4.58167, 13.8175]},
			"faces": {
				"north": {"uv": [6.125, 5, 6.5, 5.1875], "texture": "#2"},
				"east": {"uv": [8.375, 9.75, 8.4375, 9.9375], "texture": "#2"},
				"south": {"uv": [6.125, 5.625, 6.5, 5.8125], "texture": "#2"},
				"west": {"uv": [8.625, 9.75, 8.6875, 9.9375], "texture": "#2"},
				"up": {"uv": [6.25, 8.6875, 5.875, 8.625], "texture": "#2"}
			}
		},
		{
			"from": [6.54475, 1.56805, 14.88012],
			"to": [9.45525, 2.89493, 15.13012],
			"rotation": {"angle": -22.5, "axis": "x", "origin": [7.9929, 3.54231, 14.24801]},
			"faces": {
				"north": {"uv": [6.25, 1.625, 6.625, 1.8125], "texture": "#2"},
				"east": {"uv": [8.875, 9.75, 8.9375, 9.9375], "texture": "#2"},
				"south": {"uv": [6.375, 2, 6.75, 2.1875], "texture": "#2"},
				"west": {"uv": [9.125, 9.75, 9.1875, 9.9375], "texture": "#2"}
			}
		},
		{
			"from": [7.05226, 6.09396, 14.11594],
			"to": [8.94856, 7.84521, 14.66904],
			"rotation": {"angle": 0, "axis": "y", "origin": [8.0004, 6.21311, 17.47444]},
			"faces": {
				"east": {"uv": [0, 9.5, 0.0625, 9.75], "texture": "#2"},
				"south": {"uv": [6.75, 6.375, 7, 6.625], "texture": "#2"},
				"west": {"uv": [1.75, 9.5, 1.8125, 9.75], "texture": "#2"},
				"up": {"uv": [9.75, 1.8125, 9.5, 1.75], "texture": "#2"}
			}
		},
		{
			"from": [7.05226, 7.74885, 14.00042],
			"to": [8.94856, 8.5626, 14.55352],
			"rotation": {"angle": 22.5, "axis": "x", "origin": [8.00041, 7.62447, 14.32384]},
			"faces": {
				"east": {"uv": [10.125, 2, 10.1875, 2.125], "texture": "#2"},
				"south": {"uv": [8.25, 5, 8.5, 5.125], "texture": "#2"},
				"west": {"uv": [2.25, 10.125, 2.3125, 10.25], "texture": "#2"}
			}
		},
		{
			"from": [7.05226, 7.87683, 14.05645],
			"to": [8.94856, 8.69058, 14.60955],
			"rotation": {"angle": 45, "axis": "x", "origin": [8.00041, 7.84621, 15.17675]},
			"faces": {
				"east": {"uv": [10.125, 2.25, 10.1875, 2.375], "texture": "#2"},
				"south": {"uv": [8.25, 7, 8.5, 7.125], "texture": "#2"},
				"west": {"uv": [2.5, 10.125, 2.5625, 10.25], "texture": "#2"}
			}
		},
		{
			"from": [7.05226, 8.68459, 15.27366],
			"to": [8.94856, 8.98769, 16.08741],
			"rotation": {"angle": -22.5, "axis": "x", "origin": [8.00041, 8.39864, 15.24304]},
			"faces": {
				"east": {"uv": [2.75, 10.125, 2.875, 10.1875], "texture": "#2"},
				"south": {"uv": [2, 9.5, 2.25, 9.5625], "texture": "#2"},
				"west": {"uv": [10.125, 3.25, 10.25, 3.3125], "texture": "#2"},
				"up": {"uv": [8.25, 8.375, 8, 8.25], "texture": "#2"},
				"down": {"uv": [0.25, 8.375, 0, 8.5], "texture": "#2"}
			}
		},
		{
			"from": [6.7987, 7.4817, 14.07217],
			"to": [9.20211, 8.41091, 14.45649],
			"rotation": {"angle": 22.5, "axis": "x", "origin": [8.15843, 8.54177, 14.26606]},
			"faces": {
				"east": {"uv": [10.125, 3.5, 10.1875, 3.625], "texture": "#2"},
				"south": {"uv": [7.875, 1.875, 8.1875, 2], "texture": "#2"},
				"west": {"uv": [3.75, 10.125, 3.8125, 10.25], "texture": "#2"}
			}
		},
		{
			"from": [6.7987, 8.44282, 14.26068],
			"to": [9.20211, 9.19668, 14.65289],
			"rotation": {"angle": 45, "axis": "x", "origin": [8.31645, 8.73912, 14.21184]},
			"faces": {
				"east": {"uv": [10.125, 3.75, 10.1875, 3.875], "texture": "#2"},
				"south": {"uv": [7.875, 2.125, 8.1875, 2.25], "texture": "#2"},
				"west": {"uv": [10.125, 4.5, 10.1875, 4.625], "texture": "#2"}
			}
		},
		{
			"from": [6.7987, 8.79606, 14.59578],
			"to": [9.2092, 9.14692, 15.52652],
			"rotation": {"angle": -22.5, "axis": "x", "origin": [8.31645, 9.08087, 14.94396]},
			"faces": {
				"north": {"uv": [9, 1.5, 9.3125, 1.5625], "texture": "#2"},
				"east": {"uv": [10.125, 4.75, 10.25, 4.8125], "texture": "#2"},
				"west": {"uv": [10.125, 5, 10.25, 5.0625], "texture": "#2"},
				"down": {"uv": [8.1875, 2.375, 7.875, 2.5], "texture": "#2"}
			}
		},
		{
			"from": [6.54516, 6.27159, 13.03658],
			"to": [9.45566, 8.05815, 13.79374],
			"rotation": {"angle": 0, "axis": "y", "origin": [8.0004, 5.90369, 17.62625]},
			"faces": {
				"east": {"uv": [0.375, 8.375, 0.5, 8.625], "texture": "#2"},
				"south": {"uv": [5.125, 5, 5.5, 5.25], "texture": "#2"},
				"west": {"uv": [8.375, 0.375, 8.5, 0.625], "texture": "#2"}
			}
		},
		{
			"from": [6.54416, -0.65006, 11.72746],
			"to": [9.45666, 8.69905, 13.30971],
			"rotation": {"angle": -22.5, "axis": "x", "origin": [8.0004, 7.38076, 12.79513]},
			"faces": {
				"east": {"uv": [0, 4, 0.1875, 5.1875], "texture": "#2"},
				"south": {"uv": [1.25, 1.375, 1.625, 2.5625], "texture": "#2"},
				"west": {"uv": [0.375, 4, 0.5625, 5.1875], "texture": "#2"},
				"down": {"uv": [3.625, 6.375, 3.25, 6.5625], "texture": "#2"}
			}
		},
		{
			"from": [6.54516, -0.64662, 13.08276],
			"to": [9.45566, 0.04798, 16.16425],
			"rotation": {"angle": 0, "axis": "y", "origin": [8.0004, -0.92317, 15.62413]},
			"faces": {
				"east": {"uv": [8.625, 6.25, 9, 6.3125], "texture": "#2"},
				"south": {"uv": [6.375, 8.625, 6.75, 8.6875], "texture": "#2"},
				"west": {"uv": [8.625, 6.5, 9, 6.5625], "texture": "#2"},
				"up": {"uv": [4.625, 2.625, 4.25, 2.25], "texture": "#2"},
				"down": {"uv": [4.625, 2.75, 4.25, 3.125], "texture": "#2"}
			}
		},
		{
			"from": [6.8125, -0.52086, 12.62551],
			"to": [9.1875, -0.0816, 13.20928],
			"rotation": {"angle": 22.5, "axis": "x", "origin": [7.73818, -0.27913, 12.89738]},
			"faces": {
				"east": {"uv": [7, 10.875, 7.0625, 10.9375], "texture": "#2"},
				"west": {"uv": [7.25, 10.875, 7.3125, 10.9375], "texture": "#2"},
				"down": {"uv": [9.3125, 1.75, 9, 1.8125], "texture": "#2"}
			}
		},
		{
			"from": [6.54516, 7.71273, 7.78392],
			"to": [9.45566, 8.51583, 9.97976],
			"rotation": {"angle": 22.5, "axis": "x", "origin": [8.00041, 7.98928, 9.00684]},
			"faces": {
				"east": {"uv": [1.125, 8.375, 1.375, 8.5], "texture": "#2"},
				"west": {"uv": [8.375, 1.25, 8.625, 1.375], "texture": "#2"},
				"down": {"uv": [5.625, 1, 5.25, 1.25], "texture": "#2"}
			}
		},
		{
			"from": [7.39779, 5.20619, 4.98695],
			"to": [8.60303, 5.61776, 8.60502],
			"rotation": {"angle": 0, "axis": "y", "origin": [8.0004, 6.96097, 8.47354]},
			"faces": {
				"east": {"uv": [1.75, 8.375, 2.1875, 8.4375], "texture": "#2"},
				"west": {"uv": [8.375, 1.875, 8.8125, 1.9375], "texture": "#2"},
				"up": {"uv": [4.625, 7.3125, 4.5, 6.875], "texture": "#2"},
				"down": {"uv": [0.625, 7, 0.5, 7.4375], "texture": "#2"}
			}
		},
		{
			"from": [7.39779, 5.74278, 8.42696],
			"to": [8.60303, 6.15911, 9.67666],
			"rotation": {"angle": -22.5, "axis": "x", "origin": [8.0004, 5.92207, 9.86479]},
			"faces": {
				"east": {"uv": [5.125, 10.125, 5.25, 10.1875], "texture": "#2"},
				"west": {"uv": [10.125, 5.25, 10.25, 5.3125], "texture": "#2"},
				"up": {"uv": [9.625, 2.125, 9.5, 2], "texture": "#2"},
				"down": {"uv": [9.625, 2.25, 9.5, 2.375], "texture": "#2"}
			}
		},
		{
			"from": [7.39779, 5.91248, 9.2661],
			"to": [8.60303, 7.31109, 9.74018],
			"shade": false,
			"rotation": {"angle": 22.5, "axis": "x", "origin": [8.00041, 6.48679, 8.81564]},
			"faces": {
				"north": {"uv": [0, 8.625, 0.125, 8.8125], "texture": "#2"},
				"east": {"uv": [9.75, 9.25, 9.8125, 9.4375], "texture": "#2"},
				"west": {"uv": [0, 9.875, 0.0625, 10.0625], "texture": "#2"}
			}
		},
		{
			"from": [7.39779, 6.42213, 9.28012],
			"to": [8.60303, 7.50824, 9.50419],
			"rotation": {"angle": 0, "axis": "y", "origin": [8.00041, 6.68393, 8.82965]},
			"faces": {
				"north": {"uv": [3.125, 9.5, 3.25, 9.625], "texture": "#2"},
				"east": {"uv": [10.125, 5.5, 10.1875, 5.625], "texture": "#2"},
				"west": {"uv": [10.125, 5.75, 10.1875, 5.875], "texture": "#2"}
			}
		},
		{
			"from": [7.39779, 5.69223, 9.26809],
			"to": [8.60303, 6.10382, 10.2917],
			"rotation": {"angle": 0, "axis": "y", "origin": [8.0004, 6.75243, 9.27812]},
			"faces": {
				"east": {"uv": [5.875, 10.125, 6, 10.1875], "texture": "#2"},
				"west": {"uv": [6.125, 10.125, 6.25, 10.1875], "texture": "#2"}
			}
		},
		{
			"from": [7.39779, 5.48773, 9.53325],
			"to": [8.60303, 5.89931, 10.55686],
			"rotation": {"angle": 22.5, "axis": "x", "origin": [8.00041, 5.69352, 10.04506]},
			"faces": {
				"east": {"uv": [10.125, 6.25, 10.25, 6.3125], "texture": "#2"},
				"west": {"uv": [6.375, 10.125, 6.5, 10.1875], "texture": "#2"},
				"down": {"uv": [9.625, 3.25, 9.5, 3.375], "texture": "#2"}
			}
		},
		{
			"from": [7.39779, 6.08375, 9.58059],
			"to": [8.60303, 6.41045, 9.9167],
			"rotation": {"angle": 0, "axis": "y", "origin": [8.0004, 6.35736, 9.77812]},
			"faces": {
				"east": {"uv": [7.5, 10.875, 7.5625, 10.9375], "texture": "#2"},
				"west": {"uv": [7.75, 10.875, 7.8125, 10.9375], "texture": "#2"}
			}
		},
		{
			"from": [7.39779, 5.61776, 4.98695],
			"to": [8.60303, 8.14617, 5.43155],
			"rotation": {"angle": 0, "axis": "y", "origin": [8.0004, 5.8943, 6.53774]},
			"faces": {
				"north": {"uv": [1.5, 7.75, 1.625, 8.0625], "texture": "#2"},
				"east": {"uv": [2.375, 8.875, 2.4375, 9.1875], "texture": "#2"},
				"south": {"uv": [6.75, 7.75, 6.875, 8.0625], "texture": "#2"},
				"west": {"uv": [6.875, 8.875, 6.9375, 9.1875], "texture": "#2"}
			}
		},
		{
			"from": [7.39779, 5.14304, 5.02141],
			"to": [8.60303, 5.8506, 5.30444],
			"rotation": {"angle": 22.5, "axis": "x", "origin": [8.0004, 5.97267, 5.30444]},
			"faces": {
				"north": {"uv": [6.625, 10.125, 6.75, 10.1875], "texture": "#2"},
				"east": {"uv": [8, 10.875, 8.0625, 10.9375], "texture": "#2"},
				"west": {"uv": [10.875, 8, 10.9375, 8.0625], "texture": "#2"},
				"down": {"uv": [7, 10.125, 6.875, 10.1875], "texture": "#2"}
			}
		},
		{
			"from": [7.39779, 6.66275, 5.27296],
			"to": [8.60303, 7.53189, 5.51001],
			"rotation": {"angle": -22.5, "axis": "x", "origin": [8.0004, 6.3467, 3.33715]},
			"faces": {
				"north": {"uv": [3.375, 9.5, 3.5, 9.625], "texture": "#2"},
				"east": {"uv": [7.125, 10.125, 7.1875, 10.25], "texture": "#2"},
				"west": {"uv": [7.375, 10.125, 7.4375, 10.25], "texture": "#2"}
			}
		},
		{
			"from": [7.39779, 8.45751, 4.42771],
			"to": [8.60303, 9.24762, 4.76028],
			"rotation": {"angle": 45, "axis": "x", "origin": [8.0004, 7.15379, 3.75611]},
			"faces": {
				"east": {"uv": [7.625, 10.125, 7.6875, 10.25], "texture": "#2"},
				"south": {"uv": [9.5, 3.5, 9.625, 3.625], "texture": "#2"},
				"west": {"uv": [7.875, 10.125, 7.9375, 10.25], "texture": "#2"}
			}
		},
		{
			"from": [7.39779, 5.22675, 6.30778],
			"to": [8.60303, 5.62182, 7.09791],
			"rotation": {"angle": 45, "axis": "x", "origin": [8.0004, 6.92552, 6.46581]},
			"faces": {
				"north": {"uv": [8.125, 10.125, 8.25, 10.1875], "texture": "#2"},
				"east": {"uv": [10.125, 8.125, 10.25, 8.1875], "texture": "#2"},
				"west": {"uv": [8.375, 10.125, 8.5, 10.1875], "texture": "#2"},
				"up": {"uv": [3.75, 9.625, 3.625, 9.5], "texture": "#2"}
			}
		},
		{
			"from": [6.8125, 3.90585, 10.28951],
			"to": [9.1875, 5.64414, 12.0278],
			"rotation": {"angle": 22.5, "axis": "x", "origin": [8.01242, 4.37993, 10.68457]},
			"faces": {
				"north": {"uv": [7, 0, 7.3125, 0.1875], "texture": "#2"},
				"east": {"uv": [7.25, 8.125, 7.4375, 8.3125], "texture": "#2"},
				"west": {"uv": [7.625, 8.125, 7.8125, 8.3125], "texture": "#2"},
				"down": {"uv": [7.3125, 0.75, 7, 0.9375], "texture": "#2"}
			}
		},
		{
			"from": [6.8125, 1.62789, 12.59846],
			"to": [9.1875, 3.36617, 14.33675],
			"rotation": {"angle": 22.5, "axis": "x", "origin": [8.01242, 5.26247, 11.72932]},
			"faces": {
				"north": {"uv": [1.5, 7, 1.8125, 7.1875], "texture": "#2"},
				"east": {"uv": [8.25, 0, 8.4375, 0.1875], "texture": "#2"},
				"west": {"uv": [0.75, 8.25, 0.9375, 8.4375], "texture": "#2"},
				"down": {"uv": [2.3125, 7, 2, 7.1875], "texture": "#2"}
			}
		},
		{
			"name": "octagon",
			"from": [7.89645, 8.75, -1.8125],
			"to": [8.10355, 9.25, 5.125],
			"rotation": {"angle": 45, "axis": "z", "origin": [8, 9, 5]},
			"faces": {
				"north": {"uv": [8.25, 10.875, 8.3125, 10.9375], "texture": "#2"},
				"south": {"uv": [10.875, 8.25, 10.9375, 8.3125], "texture": "#2"},
				"up": {"uv": [1.0625, 7.875, 1, 7], "texture": "#2"},
				"down": {"uv": [4.1875, 7, 4.125, 7.875], "texture": "#2"}
			}
		},
		{
			"name": "octagon",
			"from": [7.89645, 8.75, -1.8125],
			"to": [8.10355, 9.25, 5.125],
			"rotation": {"angle": 0, "axis": "y", "origin": [8, 9, 5]},
			"faces": {
				"north": {"uv": [8.5, 10.875, 8.5625, 10.9375], "texture": "#2"},
				"up": {"uv": [7.0625, 5.125, 7, 4.25], "texture": "#2"},
				"down": {"uv": [7.1875, 5.625, 7.125, 6.5], "texture": "#2"}
			}
		},
		{
			"name": "octagon",
			"from": [7.75, 8.89645, -1.8125],
			"to": [8.25, 9.10355, 5.125],
			"rotation": {"angle": 45, "axis": "z", "origin": [8, 9, 5]},
			"faces": {
				"north": {"uv": [10.875, 8.5, 10.9375, 8.5625], "texture": "#2"},
				"east": {"uv": [7, 2.625, 7.875, 2.6875], "texture": "#2"},
				"south": {"uv": [8.75, 10.875, 8.8125, 10.9375], "texture": "#2"},
				"west": {"uv": [7.125, 1.625, 8, 1.6875], "texture": "#2"}
			}
		},
		{
			"name": "octagon",
			"from": [7.75, 8.89645, -1.8125],
			"to": [8.25, 9.10355, 5.125],
			"rotation": {"angle": 0, "axis": "y", "origin": [8, 9, 5]},
			"faces": {
				"north": {"uv": [10.875, 8.75, 10.9375, 8.8125], "texture": "#2"},
				"east": {"uv": [6.75, 7.125, 7.625, 7.1875], "texture": "#2"},
				"west": {"uv": [7.25, 4.25, 8.125, 4.3125], "texture": "#2"}
			}
		}
	],
	"display": {
		"thirdperson_righthand": {
			"translation": [0, 0.25, 0],
			"scale": [0.4, 0.4, 0.4]
		},
		"thirdperson_lefthand": {
			"translation": [0, 0, -0.5],
			"scale": [0.275, 0.275, 0.275]
		},
		"firstperson_righthand": {
			"translation": [-0.5, 0.5, -12]
		},
		"firstperson_lefthand": {
			"translation": [-3, 1.5, -6.75]
		},
		"ground": {
			"translation": [0, 1, 0],
			"scale": [0.275, 0.275, 0.275]
		},
		"gui": {
			"rotation": [30, -145, 0]
		},
		"fixed": {
			"rotation": [0, 90, 0],
			"translation": [0, -0.25, -1],
			"scale": [0.55, 0.55, 0.55]
		}
	},
	"groups": [
		{
			"name": "slide",
			"origin": [6.41789, 11.46063, 7],
			"color": 4,
			"children": [
				{
					"name": "group",
					"origin": [9.01517, 10.75081, 15.78405],
					"color": 0,
					"children": []
				},
				{
					"name": "sight",
					"origin": [8.46823, 13.12507, 17.65625],
					"color": 4,
					"children": [
						{
							"name": "group",
							"origin": [7.5, 11.84467, 15.3125],
							"color": 0,
							"children": []
						}
					]
				},
				{
					"name": "octagon",
					"origin": [8, 8, 8],
					"color": 0,
					"children": []
				}
			]
		},
		{
			"name": "glock_17_bullet",
			"origin": [8, 8, 8],
			"color": 0,
			"children": [
				{
					"name": "9mm",
					"origin": [0, 0, 0],
					"color": 0,
					"children": [0, 1, 2, 3, 4, 5]
				}
			]
		},
		{
			"name": "glock_17_slide",
			"origin": [8, 8, 8],
			"color": 0,
			"children": [
				{
					"name": "slide",
					"origin": [6.41789, 11.46063, 7],
					"color": 4,
					"children": [
						6,
						7,
						8,
						9,
						10,
						11,
						12,
						13,
						14,
						{
							"name": "group",
							"origin": [9.01517, 10.75081, 15.78405],
							"color": 0,
							"children": [15, 16, 17, 18]
						},
						19,
						20,
						21,
						22,
						23,
						24,
						25,
						26,
						27,
						28,
						29,
						30,
						31,
						32,
						33,
						34,
						35,
						36,
						{
							"name": "sight",
							"origin": [8.46823, 13.12507, 17.65625],
							"color": 4,
							"children": [
								37,
								38,
								{
									"name": "group",
									"origin": [7.5, 11.84467, 15.3125],
									"color": 0,
									"children": [39, 40, 41]
								},
								{
									"name": "rear",
									"origin": [8, 8, 8],
									"color": 0,
									"children": [42, 43, 44, 45, 46]
								}
							]
						},
						{
							"name": "octagon",
							"origin": [8, 8, 8],
							"color": 0,
							"children": [47, 48, 49]
						}
					]
				},
				{
					"name": "barrel",
					"origin": [8, 8, 8],
					"color": 0,
					"children": [
						{
							"name": "octagon",
							"origin": [8, 8, 8],
							"color": 0,
							"children": []
						}
					]
				},
				{
					"name": "bottom",
					"origin": [8, 7.78858, 14.73669],
					"color": 0,
					"children": [
						{
							"name": "octagon",
							"origin": [8, 8, 8],
							"color": 0,
							"children": []
						}
					]
				},
				{
					"name": "trigger",
					"origin": [8.03992, 9.03306, 8.81403],
					"color": 1,
					"children": []
				},
				{
					"name": "parts",
					"origin": [-1.48112, -3.95177, 11.6176],
					"color": 6,
					"children": []
				},
				{
					"name": "m+b",
					"origin": [8, 8, 8],
					"color": 0,
					"children": [
						{
							"name": "magazine",
							"origin": [5.9311, 2.92691, 16.97987],
							"color": 5,
							"children": []
						}
					]
				},
				{
					"name": "extra_extdmag",
					"origin": [8, 8, 8],
					"color": 0,
					"children": [
						{
							"name": "extended_magazine",
							"origin": [5.9311, 2.92691, 16.97987],
							"color": 5,
							"children": []
						}
					]
				},
				{
					"name": "9mm",
					"origin": [0, 0, 0],
					"color": 0,
					"children": []
				}
			]
		},
		{
			"name": "glock_17_standard_mag",
			"origin": [8, 8, 8],
			"color": 0,
			"children": [
				{
					"name": "slide",
					"origin": [6.41789, 11.46063, 7],
					"color": 4,
					"children": [
						{
							"name": "group",
							"origin": [9.01517, 10.75081, 15.78405],
							"color": 0,
							"children": []
						},
						{
							"name": "sight",
							"origin": [8.46823, 13.12507, 17.65625],
							"color": 4,
							"children": [
								{
									"name": "group",
									"origin": [7.5, 11.84467, 15.3125],
									"color": 0,
									"children": []
								}
							]
						},
						{
							"name": "octagon",
							"origin": [8, 8, 8],
							"color": 0,
							"children": []
						}
					]
				},
				{
					"name": "m+b",
					"origin": [8, 8, 8],
					"color": 0,
					"children": [
						{
							"name": "magazine",
							"origin": [5.9311, 2.92691, 16.97987],
							"color": 5,
							"children": [50, 51, 52, 53, 54, 55, 56, 57, 58, 59, 60]
						}
					]
				},
				{
					"name": "extra_extdmag",
					"origin": [8, 8, 8],
					"color": 0,
					"children": [
						{
							"name": "extended_magazine",
							"origin": [5.9311, 2.92691, 16.97987],
							"color": 5,
							"children": []
						}
					]
				},
				{
					"name": "9mm",
					"origin": [0, 0, 0],
					"color": 0,
					"children": []
				},
				{
					"name": "body",
					"origin": [8, 8, 8],
					"color": 0,
					"children": [
						{
							"name": "barrel",
							"origin": [8, 8, 8],
							"color": 0,
							"children": [
								{
									"name": "octagon",
									"origin": [8, 8, 8],
									"color": 0,
									"children": []
								}
							]
						},
						{
							"name": "bottom",
							"origin": [8, 7.78858, 14.73669],
							"color": 0,
							"children": [
								{
									"name": "octagon",
									"origin": [8, 8, 8],
									"color": 0,
									"children": []
								}
							]
						},
						{
							"name": "trigger",
							"origin": [8.03992, 9.03306, 8.81403],
							"color": 1,
							"children": []
						},
						{
							"name": "parts",
							"origin": [-1.48112, -3.95177, 11.6176],
							"color": 6,
							"children": []
						}
					]
				}
			]
		},
		{
			"name": "glock_18",
			"origin": [8, 8, 8],
			"color": 0,
			"children": [
				{
					"name": "barrel",
					"origin": [8, 8, 8],
					"color": 3,
					"children": [
						61,
						{
							"name": "octagon",
							"origin": [8, 8, 8],
							"color": 0,
							"children": [62, 63, 64, 65, 66, 67, 68, 69]
						}
					]
				},
				{
					"name": "trigger",
					"origin": [8.03992, 9.03306, 8.81403],
					"color": 1,
					"children": [70, 71, 72, 73, 74, 75, 76]
				},
				{
					"name": "parts",
					"origin": [-1.48112, -3.95177, 11.6176],
					"color": 6,
					"children": [77, 78, 79, 80, 81]
				},
				{
					"name": "bottom",
					"origin": [8, 7.78858, 14.73669],
					"color": 0,
					"children": [
						82,
						83,
						84,
						85,
						86,
						87,
						88,
						89,
						90,
						91,
						92,
						93,
						94,
						95,
						96,
						97,
						98,
						99,
						100,
						101,
						102,
						103,
						104,
						105,
						106,
						107,
						108,
						109,
						110,
						111,
						112,
						113,
						114,
						115,
						116,
						117,
						118,
						119,
						120,
						121,
						122,
						123,
						124,
						125,
						126,
						127,
						128,
						129,
						130,
						131,
						132,
						133,
						134,
						135,
						136,
						137,
						138,
						139,
						140,
						141,
						142,
						143,
						144,
						145,
						146,
						147,
						148,
						149,
						150,
						151,
						152,
						153,
						154,
						155,
						156,
						157,
						158,
						159,
						160,
						161,
						162,
						163,
						164,
						165,
						166,
						167,
						168,
						169,
						170,
						171,
						172,
						173,
						174,
						175,
						176,
						177,
						178,
						179,
						180,
						{
							"name": "octagon",
							"origin": [8, 8, 8],
							"color": 0,
							"children": [181, 182, 183, 184]
						}
					]
				}
			]
		}
	],
	"loader": "forge:obj",
	"model": "tac:models/special/obj_test/m4_body.obj",
	"flip-v": true
}