{
	"credit": "Model by MrCrayfish (https://twitter.com/MrCraayfish) using Blockbench",
	"texture_size": [32, 32],
	"textures": {
		"1": "block/color/1textura/mini_gun"
	},
	"elements": [
		{
			"from": [7.25442, 0.2, 9.501],
			"to": [8.74558, 3.8, 10.001],
			"rotation": {"angle": 45, "axis": "z", "origin": [8, 2, 9.5]},
			"faces": {
				"north": {"uv": [0, 9, 0.5, 9.5], "texture": "#1"},
				"up": {"uv": [0, 9, 0.5, 9.5], "texture": "#1"},
				"down": {"uv": [0, 9, 0.5, 9.5], "texture": "#1"}
			}
		},
		{
			"from": [7.25442, 0.2, 9.5],
			"to": [8.74558, 3.8, 10],
			"rotation": {"angle": 0, "axis": "z", "origin": [8, 2, 9.5]},
			"faces": {
				"north": {"uv": [0, 9, 0.5, 9.5], "texture": "#1"},
				"up": {"uv": [0, 9, 0.5, 9.5], "texture": "#1"},
				"down": {"uv": [0, 9, 0.5, 9.5], "texture": "#1"}
			}
		},
		{
			"from": [6.2, 1.25442, 9.501],
			"to": [9.8, 2.74558, 10.001],
			"rotation": {"angle": 45, "axis": "z", "origin": [8, 2, 9.5]},
			"faces": {
				"north": {"uv": [0, 9, 0.5, 9.5], "texture": "#1"},
				"east": {"uv": [0, 9, 0.5, 9.5], "texture": "#1"},
				"west": {"uv": [0, 9, 0.5, 9.5], "texture": "#1"}
			}
		},
		{
			"from": [6.2, 1.25442, 9.499],
			"to": [9.8, 2.74558, 9.999],
			"rotation": {"angle": 0, "axis": "z", "origin": [8, 2, 9.5]},
			"faces": {
				"north": {"uv": [0, 9, 0.5, 9.5], "texture": "#1"},
				"east": {"uv": [0, 9, 0.5, 9.5], "texture": "#1"},
				"west": {"uv": [0, 9, 0.5, 9.5], "texture": "#1"}
			}
		},
		{
			"from": [7.25442, 0.2, 4.001],
			"to": [8.74558, 3.8, 5.499],
			"rotation": {"angle": 45, "axis": "z", "origin": [8, 2, 4]},
			"faces": {
				"north": {"uv": [0, 9, 0.5, 9.5], "texture": "#1"},
				"south": {"uv": [0, 9, 0.5, 9.5], "texture": "#1"},
				"up": {"uv": [0, 9, 0.5, 9.5], "texture": "#1"},
				"down": {"uv": [0, 9, 0.5, 9.5], "texture": "#1"}
			}
		},
		{
			"from": [7.25442, 0.2, 4],
			"to": [8.74558, 3.8, 5.5],
			"rotation": {"angle": 0, "axis": "z", "origin": [8, 2, 4]},
			"faces": {
				"north": {"uv": [0, 9, 0.5, 9.5], "texture": "#1"},
				"south": {"uv": [0, 9, 0.5, 9.5], "texture": "#1"},
				"up": {"uv": [0, 9, 0.5, 9.5], "texture": "#1"},
				"down": {"uv": [0, 9, 0.5, 9.5], "texture": "#1"}
			}
		},
		{
			"from": [6.2, 1.25442, 4.001],
			"to": [9.8, 2.74558, 5.499],
			"rotation": {"angle": 45, "axis": "z", "origin": [8, 2, 4]},
			"faces": {
				"north": {"uv": [0, 9, 0.5, 9.5], "texture": "#1"},
				"east": {"uv": [0, 9, 0.5, 9.5], "texture": "#1"},
				"south": {"uv": [0, 9, 0.5, 9.5], "texture": "#1"},
				"west": {"uv": [0, 9, 0.5, 9.5], "texture": "#1"}
			}
		},
		{
			"from": [6.2, 1.25442, 3.999],
			"to": [9.8, 2.74558, 5.501],
			"rotation": {"angle": 0, "axis": "z", "origin": [8, 2, 4]},
			"faces": {
				"north": {"uv": [0, 9, 0.5, 9.5], "texture": "#1"},
				"east": {"uv": [0, 9, 0.5, 9.5], "texture": "#1"},
				"south": {"uv": [0, 9, 0.5, 9.5], "texture": "#1"},
				"west": {"uv": [0, 9, 0.5, 9.5], "texture": "#1"}
			}
		},
		{
			"from": [8.49289, 2.19998, -3.5],
			"to": [8.90711, 2.44998, 11.5],
			"rotation": {"angle": 0, "axis": "z", "origin": [8.7, 2.69998, 5]},
			"faces": {
				"north": {"uv": [0, 14.5, 0.5, 15], "texture": "#1"},
				"up": {"uv": [0, 15.5, 0.5, 16], "texture": "#1"},
				"down": {"uv": [0, 15.5, 15, 16], "rotation": 270, "texture": "#1"}
			}
		},
		{
			"from": [8.49289, 2.94998, -3.499],
			"to": [8.90711, 3.19998, 11.501],
			"rotation": {"angle": 45, "axis": "z", "origin": [8.7, 2.69998, 5]},
			"faces": {
				"north": {"uv": [0, 14.5, 0.5, 15], "texture": "#1"},
				"up": {"uv": [0, 14, 15, 14.5], "rotation": 90, "texture": "#1"},
				"down": {"uv": [0, 15.5, 0.5, 16], "texture": "#1"}
			}
		},
		{
			"from": [8.49289, 2.94998, -3.499],
			"to": [8.90711, 3.19998, 11.501],
			"rotation": {"angle": -45, "axis": "z", "origin": [8.7, 2.69998, 5]},
			"faces": {
				"north": {"uv": [0.5, 14.5, 0, 15], "texture": "#1"},
				"up": {"uv": [0, 14.5, 15, 14], "rotation": 90, "texture": "#1"},
				"down": {"uv": [0.5, 15.5, 0, 16], "texture": "#1"}
			}
		},
		{
			"from": [8.49289, 2.94998, -3.5],
			"to": [8.90711, 3.19998, 11.5],
			"rotation": {"angle": 0, "axis": "z", "origin": [8.7, 2.69998, 5]},
			"faces": {
				"north": {"uv": [0, 14.5, 0.5, 15], "texture": "#1"},
				"up": {"uv": [0, 13.5, 15, 14], "rotation": 90, "texture": "#1"},
				"down": {"uv": [0, 15.5, 0.5, 16], "texture": "#1"}
			}
		},
		{
			"from": [8.2, 2.49287, -3.499],
			"to": [8.45, 2.90709, 11.501],
			"rotation": {"angle": 45, "axis": "z", "origin": [8.7, 2.69998, 5]},
			"faces": {
				"north": {"uv": [0, 14.5, 0.5, 15], "texture": "#1"},
				"east": {"uv": [0, 15.5, 0.5, 16], "texture": "#1"},
				"west": {"uv": [0, 15, 15, 15.5], "texture": "#1"}
			}
		},
		{
			"from": [8.95, 2.49287, -3.499],
			"to": [9.2, 2.90709, 11.501],
			"rotation": {"angle": -45, "axis": "z", "origin": [8.7, 2.69998, 5]},
			"faces": {
				"north": {"uv": [0.5, 14.5, 0, 15], "texture": "#1"},
				"east": {"uv": [15, 15, 0, 15.5], "texture": "#1"},
				"west": {"uv": [0.5, 15.5, 0, 16], "texture": "#1"}
			}
		},
		{
			"from": [8.2, 2.49287, -3.5],
			"to": [8.45, 2.90709, 11.5],
			"rotation": {"angle": 0, "axis": "z", "origin": [8.7, 2.69998, 5]},
			"faces": {
				"north": {"uv": [0, 14.5, 0.5, 15], "texture": "#1"},
				"east": {"uv": [0, 15.5, 0.5, 16], "texture": "#1"},
				"west": {"uv": [0, 14.5, 15, 15], "texture": "#1"}
			}
		},
		{
			"from": [8.95, 2.49287, -3.5],
			"to": [9.2, 2.90709, 11.5],
			"rotation": {"angle": 0, "axis": "z", "origin": [8.7, 2.69998, 5]},
			"faces": {
				"north": {"uv": [0.5, 14.5, 0, 15], "texture": "#1"},
				"east": {"uv": [15, 14.5, 0, 15], "texture": "#1"},
				"west": {"uv": [0.5, 15.5, 0, 16], "texture": "#1"}
			}
		},
		{
			"from": [8.45147, 2.09998, -2.499],
			"to": [8.94853, 3.29998, 9.501],
			"rotation": {"angle": 45, "axis": "z", "origin": [8.7, 2.69998, 1.5]},
			"faces": {
				"north": {"uv": [0, 5.5, 0.5, 6], "texture": "#1", "tintindex": 0},
				"up": {"uv": [0, 10.5, 12, 11], "rotation": 90, "texture": "#1", "tintindex": 0},
				"down": {"uv": [12, 11.5, 0, 12], "rotation": 90, "texture": "#1", "tintindex": 0}
			}
		},
		{
			"from": [8.45147, 2.09998, -2.501],
			"to": [8.94853, 3.29998, 9.499],
			"rotation": {"angle": 0, "axis": "z", "origin": [8.7, 2.69998, 1.5]},
			"faces": {
				"north": {"uv": [0, 5, 0.5, 5.5], "texture": "#1", "tintindex": 0},
				"up": {"uv": [0, 10, 12, 10.5], "rotation": 90, "texture": "#1", "tintindex": 0},
				"down": {"uv": [0, 12, 12, 12.5], "rotation": 90, "texture": "#1", "tintindex": 0}
			}
		},
		{
			"from": [8.1, 2.45145, -2.499],
			"to": [9.3, 2.94851, 9.501],
			"rotation": {"angle": 45, "axis": "z", "origin": [8.7, 2.69998, 1.5]},
			"faces": {
				"north": {"uv": [0, 6.5, 0.5, 7], "texture": "#1", "tintindex": 0},
				"east": {"uv": [12, 10.5, 0, 11], "texture": "#1", "tintindex": 0},
				"west": {"uv": [0, 11.5, 12, 12], "texture": "#1", "tintindex": 0}
			}
		},
		{
			"from": [8.1, 2.45145, -2.5],
			"to": [9.3, 2.94851, 9.5],
			"rotation": {"angle": 0, "axis": "z", "origin": [8.7, 2.69998, 1.5]},
			"faces": {
				"north": {"uv": [0, 6, 0.5, 6.5], "texture": "#1", "tintindex": 0},
				"east": {"uv": [12, 11, 0, 11.5], "texture": "#1", "tintindex": 0},
				"west": {"uv": [0, 11, 12, 11.5], "texture": "#1", "tintindex": 0}
			}
		},
		{
			"from": [7.09289, 2.19998, -3.5],
			"to": [7.50711, 2.44998, 11.5],
			"rotation": {"angle": 0, "axis": "z", "origin": [7.3, 2.69998, 5]},
			"faces": {
				"north": {"uv": [0.5, 14.5, 0, 15], "texture": "#1"},
				"up": {"uv": [0.5, 15.5, 0, 16], "texture": "#1"},
				"down": {"uv": [0, 16, 15, 15.5], "rotation": 270, "texture": "#1"}
			}
		},
		{
			"from": [7.09289, 2.94998, -3.499],
			"to": [7.50711, 3.19998, 11.501],
			"rotation": {"angle": -45, "axis": "z", "origin": [7.3, 2.69998, 5]},
			"faces": {
				"north": {"uv": [0.5, 14.5, 0, 15], "texture": "#1"},
				"up": {"uv": [0, 14.5, 15, 14], "rotation": 90, "texture": "#1"},
				"down": {"uv": [0.5, 15.5, 0, 16], "texture": "#1"}
			}
		},
		{
			"from": [7.09289, 2.94998, -3.499],
			"to": [7.50711, 3.19998, 11.501],
			"rotation": {"angle": 45, "axis": "z", "origin": [7.3, 2.69998, 5]},
			"faces": {
				"north": {"uv": [0, 14.5, 0.5, 15], "texture": "#1"},
				"up": {"uv": [0, 14, 15, 14.5], "rotation": 90, "texture": "#1"},
				"down": {"uv": [0, 15.5, 0.5, 16], "texture": "#1"}
			}
		},
		{
			"from": [7.09289, 2.94998, -3.5],
			"to": [7.50711, 3.19998, 11.5],
			"rotation": {"angle": 0, "axis": "z", "origin": [7.3, 2.69998, 5]},
			"faces": {
				"north": {"uv": [0.5, 14.5, 0, 15], "texture": "#1"},
				"up": {"uv": [0, 14, 15, 13.5], "rotation": 90, "texture": "#1"},
				"down": {"uv": [0.5, 15.5, 0, 16], "texture": "#1"}
			}
		},
		{
			"from": [7.55, 2.49287, -3.499],
			"to": [7.8, 2.90709, 11.501],
			"rotation": {"angle": -45, "axis": "z", "origin": [7.3, 2.69998, 5]},
			"faces": {
				"north": {"uv": [0.5, 14.5, 0, 15], "texture": "#1"},
				"east": {"uv": [15, 15, 0, 15.5], "texture": "#1"},
				"west": {"uv": [0.5, 15.5, 0, 16], "texture": "#1"}
			}
		},
		{
			"from": [6.8, 2.49287, -3.499],
			"to": [7.05, 2.90709, 11.501],
			"rotation": {"angle": 45, "axis": "z", "origin": [7.3, 2.69998, 5]},
			"faces": {
				"north": {"uv": [0, 14.5, 0.5, 15], "texture": "#1"},
				"east": {"uv": [0, 15.5, 0.5, 16], "texture": "#1"},
				"west": {"uv": [0, 15, 15, 15.5], "texture": "#1"}
			}
		},
		{
			"from": [7.55, 2.49287, -3.5],
			"to": [7.8, 2.90709, 11.5],
			"rotation": {"angle": 0, "axis": "z", "origin": [7.3, 2.69998, 5]},
			"faces": {
				"north": {"uv": [0.5, 14.5, 0, 15], "texture": "#1"},
				"east": {"uv": [15, 14.5, 0, 15], "texture": "#1"},
				"west": {"uv": [0.5, 15.5, 0, 16], "texture": "#1"}
			}
		},
		{
			"from": [6.8, 2.49287, -3.5],
			"to": [7.05, 2.90709, 11.5],
			"rotation": {"angle": 0, "axis": "z", "origin": [7.3, 2.69998, 5]},
			"faces": {
				"north": {"uv": [0, 14.5, 0.5, 15], "texture": "#1"},
				"east": {"uv": [0, 15.5, 0.5, 16], "texture": "#1"},
				"west": {"uv": [0, 14.5, 15, 15], "texture": "#1"}
			}
		},
		{
			"from": [7.05147, 2.09998, -2.499],
			"to": [7.54853, 3.29998, 9.501],
			"rotation": {"angle": -45, "axis": "z", "origin": [7.3, 2.69998, 1.5]},
			"faces": {
				"north": {"uv": [0.5, 5.5, 0, 6], "texture": "#1", "tintindex": 0},
				"up": {"uv": [0, 11, 12, 10.5], "rotation": 90, "texture": "#1", "tintindex": 0},
				"down": {"uv": [12, 12, 0, 11.5], "rotation": 90, "texture": "#1", "tintindex": 0}
			}
		},
		{
			"from": [7.05147, 2.09998, -2.501],
			"to": [7.54853, 3.29998, 9.499],
			"rotation": {"angle": 0, "axis": "z", "origin": [7.3, 2.69998, 1.5]},
			"faces": {
				"north": {"uv": [0.5, 5, 0, 5.5], "texture": "#1", "tintindex": 0},
				"up": {"uv": [0, 10.5, 12, 10], "rotation": 90, "texture": "#1", "tintindex": 0},
				"down": {"uv": [0, 12.5, 12, 12], "rotation": 90, "texture": "#1", "tintindex": 0}
			}
		},
		{
			"from": [6.7, 2.45145, -2.499],
			"to": [7.9, 2.94851, 9.501],
			"rotation": {"angle": -45, "axis": "z", "origin": [7.3, 2.69998, 1.5]},
			"faces": {
				"north": {"uv": [0.5, 6.5, 0, 7], "texture": "#1", "tintindex": 0},
				"east": {"uv": [12, 11.5, 0, 12], "texture": "#1", "tintindex": 0},
				"west": {"uv": [0, 10.5, 12, 11], "texture": "#1", "tintindex": 0}
			}
		},
		{
			"from": [6.7, 2.45145, -2.5],
			"to": [7.9, 2.94851, 9.5],
			"rotation": {"angle": 0, "axis": "z", "origin": [7.3, 2.69998, 1.5]},
			"faces": {
				"north": {"uv": [0.5, 6, 0, 6.5], "texture": "#1", "tintindex": 0},
				"east": {"uv": [12, 11, 0, 11.5], "texture": "#1", "tintindex": 0},
				"west": {"uv": [0, 11, 12, 11.5], "texture": "#1", "tintindex": 0}
			}
		},
		{
			"from": [7.09289, 1.55002, -3.5],
			"to": [7.50711, 1.80002, 11.5],
			"rotation": {"angle": 0, "axis": "z", "origin": [7.3, 1.30002, 5]},
			"faces": {
				"north": {"uv": [0.5, 15, 0, 14.5], "texture": "#1"},
				"up": {"uv": [15, 16, 0, 15.5], "rotation": 270, "texture": "#1"},
				"down": {"uv": [0.5, 16, 0, 15.5], "texture": "#1"}
			}
		},
		{
			"from": [7.09289, 0.80002, -3.499],
			"to": [7.50711, 1.05002, 11.501],
			"rotation": {"angle": 45, "axis": "z", "origin": [7.3, 1.30002, 5]},
			"faces": {
				"north": {"uv": [0.5, 15, 0, 14.5], "texture": "#1"},
				"up": {"uv": [0.5, 16, 0, 15.5], "texture": "#1"},
				"down": {"uv": [15, 14.5, 0, 14], "rotation": 90, "texture": "#1"}
			}
		},
		{
			"from": [7.09289, 0.80002, -3.499],
			"to": [7.50711, 1.05002, 11.501],
			"rotation": {"angle": -45, "axis": "z", "origin": [7.3, 1.30002, 5]},
			"faces": {
				"north": {"uv": [0, 15, 0.5, 14.5], "texture": "#1"},
				"up": {"uv": [0, 16, 0.5, 15.5], "texture": "#1"},
				"down": {"uv": [15, 14, 0, 14.5], "rotation": 90, "texture": "#1"}
			}
		},
		{
			"from": [7.09289, 0.80002, -3.5],
			"to": [7.50711, 1.05002, 11.5],
			"rotation": {"angle": 0, "axis": "z", "origin": [7.3, 1.30002, 5]},
			"faces": {
				"north": {"uv": [0.5, 15, 0, 14.5], "texture": "#1"},
				"up": {"uv": [0.5, 16, 0, 15.5], "texture": "#1"},
				"down": {"uv": [15, 14, 0, 13.5], "rotation": 90, "texture": "#1"}
			}
		},
		{
			"from": [7.55, 1.09291, -3.499],
			"to": [7.8, 1.50713, 11.501],
			"rotation": {"angle": 45, "axis": "z", "origin": [7.3, 1.30002, 5]},
			"faces": {
				"north": {"uv": [0.5, 15, 0, 14.5], "texture": "#1"},
				"east": {"uv": [15, 15.5, 0, 15], "texture": "#1"},
				"west": {"uv": [0.5, 16, 0, 15.5], "texture": "#1"}
			}
		},
		{
			"from": [6.8, 1.09291, -3.499],
			"to": [7.05, 1.50713, 11.501],
			"rotation": {"angle": -45, "axis": "z", "origin": [7.3, 1.30002, 5]},
			"faces": {
				"north": {"uv": [0, 15, 0.5, 14.5], "texture": "#1"},
				"east": {"uv": [0, 16, 0.5, 15.5], "texture": "#1"},
				"west": {"uv": [0, 15.5, 15, 15], "texture": "#1"}
			}
		},
		{
			"from": [7.55, 1.09291, -3.5],
			"to": [7.8, 1.50713, 11.5],
			"rotation": {"angle": 0, "axis": "z", "origin": [7.3, 1.30002, 5]},
			"faces": {
				"north": {"uv": [0.5, 15, 0, 14.5], "texture": "#1"},
				"east": {"uv": [15, 15, 0, 14.5], "texture": "#1"},
				"west": {"uv": [0.5, 16, 0, 15.5], "texture": "#1"}
			}
		},
		{
			"from": [6.8, 1.09291, -3.5],
			"to": [7.05, 1.50713, 11.5],
			"rotation": {"angle": 0, "axis": "z", "origin": [7.3, 1.30002, 5]},
			"faces": {
				"north": {"uv": [0, 15, 0.5, 14.5], "texture": "#1"},
				"east": {"uv": [0, 16, 0.5, 15.5], "texture": "#1"},
				"west": {"uv": [0, 15, 15, 14.5], "texture": "#1"}
			}
		},
		{
			"from": [7.05147, 0.70002, -2.499],
			"to": [7.54853, 1.90002, 9.501],
			"rotation": {"angle": 45, "axis": "z", "origin": [7.3, 1.30002, 1.5]},
			"faces": {
				"north": {"uv": [0.5, 6, 0, 5.5], "texture": "#1", "tintindex": 0},
				"up": {"uv": [0, 12, 12, 11.5], "rotation": 90, "texture": "#1", "tintindex": 0},
				"down": {"uv": [12, 11, 0, 10.5], "rotation": 90, "texture": "#1", "tintindex": 0}
			}
		},
		{
			"from": [7.05147, 0.70002, -2.501],
			"to": [7.54853, 1.90002, 9.499],
			"rotation": {"angle": 0, "axis": "z", "origin": [7.3, 1.30002, 1.5]},
			"faces": {
				"north": {"uv": [0.5, 5.5, 0, 5], "texture": "#1", "tintindex": 0},
				"up": {"uv": [12, 12.5, 0, 12], "rotation": 90, "texture": "#1", "tintindex": 0},
				"down": {"uv": [12, 10.5, 0, 10], "rotation": 90, "texture": "#1", "tintindex": 0}
			}
		},
		{
			"from": [6.7, 1.05149, -2.499],
			"to": [7.9, 1.54855, 9.501],
			"rotation": {"angle": 45, "axis": "z", "origin": [7.3, 1.30002, 1.5]},
			"faces": {
				"north": {"uv": [0.5, 7, 0, 6.5], "texture": "#1", "tintindex": 0},
				"east": {"uv": [12, 12, 0, 11.5], "texture": "#1", "tintindex": 0},
				"west": {"uv": [0, 11, 12, 10.5], "texture": "#1", "tintindex": 0}
			}
		},
		{
			"from": [6.7, 1.05149, -2.5],
			"to": [7.9, 1.54855, 9.5],
			"rotation": {"angle": 0, "axis": "z", "origin": [7.3, 1.30002, 1.5]},
			"faces": {
				"north": {"uv": [0.5, 6.5, 0, 6], "texture": "#1", "tintindex": 0},
				"east": {"uv": [12, 11.5, 0, 11], "texture": "#1", "tintindex": 0},
				"west": {"uv": [0, 11.5, 12, 11], "texture": "#1", "tintindex": 0}
			}
		},
		{
			"from": [8.49289, 1.55002, -3.5],
			"to": [8.90711, 1.80002, 11.5],
			"rotation": {"angle": 0, "axis": "z", "origin": [8.7, 1.30002, 5]},
			"faces": {
				"north": {"uv": [0, 15, 0.5, 14.5], "texture": "#1"},
				"up": {"uv": [15, 15.5, 0, 16], "rotation": 270, "texture": "#1"},
				"down": {"uv": [0, 16, 0.5, 15.5], "texture": "#1"}
			}
		},
		{
			"from": [8.49289, 0.80002, -3.499],
			"to": [8.90711, 1.05002, 11.501],
			"rotation": {"angle": -45, "axis": "z", "origin": [8.7, 1.30002, 5]},
			"faces": {
				"north": {"uv": [0, 15, 0.5, 14.5], "texture": "#1"},
				"up": {"uv": [0, 16, 0.5, 15.5], "texture": "#1"},
				"down": {"uv": [15, 14, 0, 14.5], "rotation": 90, "texture": "#1"}
			}
		},
		{
			"from": [8.49289, 0.80002, -3.499],
			"to": [8.90711, 1.05002, 11.501],
			"rotation": {"angle": 45, "axis": "z", "origin": [8.7, 1.30002, 5]},
			"faces": {
				"north": {"uv": [0.5, 15, 0, 14.5], "texture": "#1"},
				"up": {"uv": [0.5, 16, 0, 15.5], "texture": "#1"},
				"down": {"uv": [15, 14.5, 0, 14], "rotation": 90, "texture": "#1"}
			}
		},
		{
			"from": [8.49289, 0.80002, -3.5],
			"to": [8.90711, 1.05002, 11.5],
			"rotation": {"angle": 0, "axis": "z", "origin": [8.7, 1.30002, 5]},
			"faces": {
				"north": {"uv": [0, 15, 0.5, 14.5], "texture": "#1"},
				"up": {"uv": [0, 16, 0.5, 15.5], "texture": "#1"},
				"down": {"uv": [15, 13.5, 0, 14], "rotation": 90, "texture": "#1"}
			}
		},
		{
			"from": [8.2, 1.09291, -3.499],
			"to": [8.45, 1.50713, 11.501],
			"rotation": {"angle": -45, "axis": "z", "origin": [8.7, 1.30002, 5]},
			"faces": {
				"north": {"uv": [0, 15, 0.5, 14.5], "texture": "#1"},
				"east": {"uv": [0, 16, 0.5, 15.5], "texture": "#1"},
				"west": {"uv": [0, 15.5, 15, 15], "texture": "#1"}
			}
		},
		{
			"from": [8.95, 1.09291, -3.499],
			"to": [9.2, 1.50713, 11.501],
			"rotation": {"angle": 45, "axis": "z", "origin": [8.7, 1.30002, 5]},
			"faces": {
				"north": {"uv": [0.5, 15, 0, 14.5], "texture": "#1"},
				"east": {"uv": [15, 15.5, 0, 15], "texture": "#1"},
				"west": {"uv": [0.5, 16, 0, 15.5], "texture": "#1"}
			}
		},
		{
			"from": [8.2, 1.09291, -3.5],
			"to": [8.45, 1.50713, 11.5],
			"rotation": {"angle": 0, "axis": "z", "origin": [8.7, 1.30002, 5]},
			"faces": {
				"north": {"uv": [0, 15, 0.5, 14.5], "texture": "#1"},
				"east": {"uv": [0, 16, 0.5, 15.5], "texture": "#1"},
				"west": {"uv": [0, 15, 15, 14.5], "texture": "#1"}
			}
		},
		{
			"from": [8.95, 1.09291, -3.5],
			"to": [9.2, 1.50713, 11.5],
			"rotation": {"angle": 0, "axis": "z", "origin": [8.7, 1.30002, 5]},
			"faces": {
				"north": {"uv": [0.5, 15, 0, 14.5], "texture": "#1"},
				"east": {"uv": [15, 15, 0, 14.5], "texture": "#1"},
				"west": {"uv": [0.5, 16, 0, 15.5], "texture": "#1"}
			}
		},
		{
			"from": [8.45147, 0.70002, -2.499],
			"to": [8.94853, 1.90002, 9.501],
			"rotation": {"angle": -45, "axis": "z", "origin": [8.7, 1.30002, 1.5]},
			"faces": {
				"north": {"uv": [0, 6, 0.5, 5.5], "texture": "#1", "tintindex": 0},
				"up": {"uv": [0, 11.5, 12, 12], "rotation": 90, "texture": "#1", "tintindex": 0},
				"down": {"uv": [12, 10.5, 0, 11], "rotation": 90, "texture": "#1", "tintindex": 0}
			}
		},
		{
			"from": [8.45147, 0.70002, -2.501],
			"to": [8.94853, 1.90002, 9.499],
			"rotation": {"angle": 0, "axis": "z", "origin": [8.7, 1.30002, 1.5]},
			"faces": {
				"north": {"uv": [0, 5.5, 0.5, 5], "texture": "#1", "tintindex": 0},
				"up": {"uv": [12, 12, 0, 12.5], "rotation": 90, "texture": "#1", "tintindex": 0},
				"down": {"uv": [12, 10, 0, 10.5], "rotation": 90, "texture": "#1", "tintindex": 0}
			}
		},
		{
			"from": [8.1, 1.05149, -2.499],
			"to": [9.3, 1.54855, 9.501],
			"rotation": {"angle": -45, "axis": "z", "origin": [8.7, 1.30002, 1.5]},
			"faces": {
				"north": {"uv": [0, 7, 0.5, 6.5], "texture": "#1", "tintindex": 0},
				"east": {"uv": [12, 11, 0, 10.5], "texture": "#1", "tintindex": 0},
				"west": {"uv": [0, 12, 12, 11.5], "texture": "#1", "tintindex": 0}
			}
		},
		{
			"from": [8.1, 1.05149, -2.5],
			"to": [9.3, 1.54855, 9.5],
			"rotation": {"angle": 0, "axis": "z", "origin": [8.7, 1.30002, 1.5]},
			"faces": {
				"north": {"uv": [0, 6.5, 0.5, 6], "texture": "#1", "tintindex": 0},
				"east": {"uv": [12, 11.5, 0, 11], "texture": "#1", "tintindex": 0},
				"west": {"uv": [0, 11.5, 12, 11], "texture": "#1", "tintindex": 0}
			}
		},
		{
			"from": [7.25442, 0.2, -3.499],
			"to": [8.74558, 0.4, -0.501],
			"rotation": {"angle": 45, "axis": "z", "origin": [8, 2, -1]},
			"faces": {
				"north": {"uv": [0, 9, 0.5, 9.5], "texture": "#1"},
				"up": {"uv": [0, 9, 0.5, 9.5], "texture": "#1"},
				"down": {"uv": [0, 9, 0.5, 9.5], "texture": "#1"}
			}
		},
		{
			"from": [7.25442, 0.2, -0.599],
			"to": [8.74558, 3.8, -0.501],
			"rotation": {"angle": 45, "axis": "z", "origin": [8, 2, -1]},
			"faces": {
				"north": {"uv": [0, 9, 0.5, 9.5], "texture": "#1"},
				"south": {"uv": [0, 9, 0.5, 9.5], "texture": "#1"}
			}
		},
		{
			"from": [7.25442, 3.6, -3.499],
			"to": [8.74558, 3.8, -0.501],
			"rotation": {"angle": 45, "axis": "z", "origin": [8, 2, -1]},
			"faces": {
				"north": {"uv": [0, 9, 0.5, 9.5], "texture": "#1"},
				"up": {"uv": [0, 9, 0.5, 9.5], "texture": "#1"},
				"down": {"uv": [0, 9, 0.5, 9.5], "texture": "#1"}
			}
		},
		{
			"from": [7.25442, 0.2, -3.5],
			"to": [8.74558, 0.4, -0.5],
			"rotation": {"angle": 0, "axis": "z", "origin": [8, 2, -1]},
			"faces": {
				"north": {"uv": [0, 9, 0.5, 9.5], "texture": "#1"},
				"up": {"uv": [0, 9, 0.5, 9.5], "texture": "#1"},
				"down": {"uv": [0, 9, 0.5, 9.5], "texture": "#1"}
			}
		},
		{
			"from": [7.25442, 0.2, -0.601],
			"to": [8.74558, 3.8, -0.499],
			"rotation": {"angle": 0, "axis": "z", "origin": [8, 2, -1]},
			"faces": {
				"north": {"uv": [0, 9, 0.5, 9.5], "texture": "#1"},
				"south": {"uv": [0, 9, 0.5, 9.5], "texture": "#1"}
			}
		},
		{
			"from": [7.25442, 3.6, -3.5],
			"to": [8.74558, 3.8, -0.5],
			"rotation": {"angle": 0, "axis": "z", "origin": [8, 2, -1]},
			"faces": {
				"north": {"uv": [0, 9, 0.5, 9.5], "texture": "#1"},
				"up": {"uv": [0, 9, 0.5, 9.5], "texture": "#1"},
				"down": {"uv": [0, 9, 0.5, 9.5], "texture": "#1"}
			}
		},
		{
			"from": [9.6, 1.25442, -3.499],
			"to": [9.8, 2.74558, -0.501],
			"rotation": {"angle": 45, "axis": "z", "origin": [8, 2, -1]},
			"faces": {
				"north": {"uv": [0, 9, 0.5, 9.5], "texture": "#1"},
				"east": {"uv": [0, 9, 0.5, 9.5], "texture": "#1"},
				"west": {"uv": [0, 9, 0.5, 9.5], "texture": "#1"}
			}
		},
		{
			"from": [6.2, 1.25442, -3.499],
			"to": [6.4, 2.74558, -0.501],
			"rotation": {"angle": 45, "axis": "z", "origin": [8, 2, -1]},
			"faces": {
				"north": {"uv": [0, 9, 0.5, 9.5], "texture": "#1"},
				"east": {"uv": [0, 9, 0.5, 9.5], "texture": "#1"},
				"west": {"uv": [0, 9, 0.5, 9.5], "texture": "#1"}
			}
		},
		{
			"from": [6.2, 1.25442, -0.599],
			"to": [9.8, 2.74558, -0.501],
			"rotation": {"angle": 45, "axis": "z", "origin": [8, 2, -1]},
			"faces": {
				"north": {"uv": [0, 9, 0.5, 9.5], "texture": "#1"},
				"south": {"uv": [0, 9, 0.5, 9.5], "texture": "#1"}
			}
		},
		{
			"from": [9.6, 1.25442, -3.5],
			"to": [9.8, 2.74558, -0.5],
			"rotation": {"angle": 0, "axis": "z", "origin": [8, 2, -1]},
			"faces": {
				"north": {"uv": [0, 9, 0.5, 9.5], "texture": "#1"},
				"east": {"uv": [0, 9, 0.5, 9.5], "texture": "#1"},
				"west": {"uv": [0, 9, 0.5, 9.5], "texture": "#1"}
			}
		},
		{
			"from": [6.2, 1.25442, -3.5],
			"to": [6.4, 2.74558, -0.5],
			"rotation": {"angle": 0, "axis": "z", "origin": [4.4, 2, -1]},
			"faces": {
				"north": {"uv": [0, 9, 0.5, 9.5], "texture": "#1"},
				"east": {"uv": [0, 9, 0.5, 9.5], "texture": "#1"},
				"west": {"uv": [0, 9, 0.5, 9.5], "texture": "#1"}
			}
		},
		{
			"from": [6.2, 1.25442, -0.6],
			"to": [9.8, 2.74558, -0.5],
			"rotation": {"angle": 0, "axis": "z", "origin": [4.4, 2, -1]},
			"faces": {
				"north": {"uv": [0, 9, 0.5, 9.5], "texture": "#1"},
				"south": {"uv": [0, 9, 0.5, 9.5], "texture": "#1"}
			}
		},
		{
			"from": [10.5, 4, 10.501],
			"to": [11.5, 6, 11.499],
			"rotation": {"angle": 22.5, "axis": "z", "origin": [11.5, 4, 11]},
			"faces": {
				"north": {"uv": [8, 7.5, 7, 9.5], "texture": "#1"},
				"east": {"uv": [7, 7.5, 6, 9.5], "texture": "#1"},
				"south": {"uv": [8, 7.5, 7, 9.5], "texture": "#1"},
				"west": {"uv": [9, 7.5, 8, 9.5], "texture": "#1"}
			}
		},
		{
			"from": [6, 1, 10],
			"to": [10, 3, 16],
			"faces": {
				"east": {"uv": [6, 3.5, 0, 5.5], "texture": "#1", "tintindex": 0},
				"south": {"uv": [0.5, 9, 1, 10], "texture": "#1", "tintindex": 0},
				"west": {"uv": [0, 3.5, 6, 5.5], "texture": "#1", "tintindex": 0}
			}
		},
		{
			"from": [5.5, 1, 10],
			"to": [10.5, 3, 12],
			"faces": {
				"north": {"uv": [0, 3.5, 0.5, 5.5], "texture": "#1", "tintindex": 0},
				"east": {"uv": [2, 3.5, 0, 5.5], "texture": "#1", "tintindex": 0},
				"south": {"uv": [1.5, 3.5, 2, 5.5], "texture": "#1", "tintindex": 0},
				"west": {"uv": [1.5, 3.5, 2, 5.5], "texture": "#1", "tintindex": 0},
				"up": {"uv": [0, 3.5, 2, 4], "texture": "#1", "tintindex": 0},
				"down": {"uv": [0, 5, 2, 5.5], "texture": "#1", "tintindex": 0}
			}
		},
		{
			"from": [7, 0, 10],
			"to": [9, 1, 16],
			"rotation": {"angle": 0, "axis": "y", "origin": [8, 7.5, 8]},
			"faces": {
				"north": {"uv": [0, 7, 0.5, 9], "texture": "#1", "tintindex": 0},
				"south": {"uv": [5.5, 7, 6, 9], "texture": "#1", "tintindex": 0},
				"down": {"uv": [0, 7, 6, 9], "rotation": 90, "texture": "#1", "tintindex": 0}
			}
		},
		{
			"from": [5.58579, 0, 10.001],
			"to": [7, 0.70711, 15.999],
			"rotation": {"angle": -45, "axis": "z", "origin": [7, 0, 10]},
			"faces": {
				"north": {"uv": [0, 5.5, 0.5, 7], "texture": "#1", "tintindex": 0},
				"south": {"uv": [5.5, 5.5, 6, 7], "texture": "#1", "tintindex": 0},
				"down": {"uv": [6, 5.5, 0, 7], "rotation": 90, "texture": "#1", "tintindex": 0}
			}
		},
		{
			"from": [9, 0, 10.001],
			"to": [10.41421, 0.70711, 15.999],
			"rotation": {"angle": 45, "axis": "z", "origin": [9, 0, 10]},
			"faces": {
				"north": {"uv": [0.5, 5.5, 0, 7], "texture": "#1", "tintindex": 0},
				"south": {"uv": [6, 5.5, 5.5, 7], "texture": "#1", "tintindex": 0},
				"down": {"uv": [6, 7, 0, 5.5], "rotation": 90, "texture": "#1", "tintindex": 0}
			}
		},
		{
			"from": [10, 0, 12],
			"to": [11, 2, 15.5],
			"rotation": {"angle": 0, "axis": "y", "origin": [10.5, 1, 13.5]},
			"faces": {
				"north": {"uv": [15, 9.5, 15.5, 10], "texture": "#1", "tintindex": 0},
				"south": {"uv": [12, 9.5, 12.5, 10], "texture": "#1", "tintindex": 0},
				"up": {"uv": [12, 10.5, 15.5, 9.5], "rotation": 90, "texture": "#1", "tintindex": 0},
				"down": {"uv": [12, 12.5, 15.5, 13.5], "rotation": 90, "texture": "#1", "tintindex": 0}
			}
		},
		{
			"from": [7.5, 4, 15.5],
			"to": [8.5, 5, 19.5],
			"rotation": {"angle": 0, "axis": "y", "origin": [8, -3, 8]},
			"faces": {
				"east": {"uv": [15.5, 1, 11.5, 2], "texture": "#1"},
				"south": {"uv": [15, 3, 16, 4], "texture": "#1"},
				"west": {"uv": [11.5, 1, 15.5, 2], "texture": "#1"},
				"up": {"uv": [11.5, 0, 15.5, 1], "texture": "#1"},
				"down": {"uv": [11.5, 2, 15.5, 3], "rotation": 270, "texture": "#1"}
			}
		},
		{
			"from": [7.501, 4.29289, 13.99289],
			"to": [8.499, 5, 15.5],
			"rotation": {"angle": -45, "axis": "x", "origin": [8, 5, 15.5]},
			"faces": {
				"east": {"uv": [12.5, 1, 11.5, 1.5], "texture": "#1"},
				"west": {"uv": [11.5, 1, 12.5, 1.5], "texture": "#1"},
				"up": {"uv": [11.5, 0, 12.5, 1], "texture": "#1"}
			}
		},
		{
			"from": [7.501, 1, 16],
			"to": [8.499, 2, 18],
			"rotation": {"angle": 0, "axis": "y", "origin": [8, -6, 8]},
			"faces": {
				"east": {"uv": [13, 7.5, 11, 8.5], "texture": "#1"},
				"west": {"uv": [11, 7.5, 13, 8.5], "texture": "#1"},
				"up": {"uv": [11, 6.5, 13, 7.5], "texture": "#1"},
				"down": {"uv": [11, 8.5, 13, 9.5], "texture": "#1"}
			}
		},
		{
			"from": [7.5, 1.12363, 17.94843],
			"to": [8.5, 2.12363, 20.06976],
			"rotation": {"angle": -45, "axis": "x", "origin": [7.5, 1.12406, 18.12346]},
			"faces": {
				"east": {"uv": [13, 4.5, 12, 6.5], "rotation": 270, "texture": "#1"},
				"west": {"uv": [12, 4.5, 13, 6.5], "rotation": 90, "texture": "#1"},
				"up": {"uv": [11, 4.5, 12, 6.5], "rotation": 180, "texture": "#1"},
				"down": {"uv": [13, 4.5, 14, 6.5], "texture": "#1"}
			}
		},
		{
			"from": [7.501, 2.5, 18.5],
			"to": [8.499, 4, 19.5],
			"rotation": {"angle": 0, "axis": "y", "origin": [8, -3.1996, 8.2]},
			"faces": {
				"north": {"uv": [11, 3, 12, 4.5], "texture": "#1"},
				"east": {"uv": [13, 3, 12, 4.5], "texture": "#1"},
				"south": {"uv": [13, 3, 14, 4.5], "texture": "#1"},
				"west": {"uv": [12, 3, 13, 4.5], "texture": "#1"}
			}
		},
		{
			"from": [7, 3, 10],
			"to": [9, 4, 16],
			"faces": {
				"north": {"uv": [0, 0, 0.5, 2], "texture": "#1", "tintindex": 0},
				"south": {"uv": [0.5, 9, 1, 9.5], "texture": "#1", "tintindex": 0},
				"up": {"uv": [0, 0, 6, 2], "rotation": 90, "texture": "#1", "tintindex": 0}
			}
		},
		{
			"from": [5.58579, 3.29289, 10.001],
			"to": [7, 4, 15.999],
			"rotation": {"angle": 45, "axis": "z", "origin": [7, 4, 8]},
			"faces": {
				"north": {"uv": [0, 2, 0.5, 3.5], "texture": "#1", "tintindex": 0},
				"south": {"uv": [0.5, 9, 1, 9.5], "texture": "#1", "tintindex": 0},
				"up": {"uv": [0, 2, 6, 3.5], "rotation": 90, "texture": "#1", "tintindex": 0}
			}
		},
		{
			"from": [9, 3.29289, 10.001],
			"to": [10.41421, 4, 15.999],
			"rotation": {"angle": -45, "axis": "z", "origin": [9, 4, 8]},
			"faces": {
				"north": {"uv": [0.5, 2, 0, 3.5], "texture": "#1", "tintindex": 0},
				"south": {"uv": [0.5, 9, 1, 9.5], "texture": "#1", "tintindex": 0},
				"up": {"uv": [0, 3.5, 6, 2], "rotation": 90, "texture": "#1", "tintindex": 0}
			}
		},
		{
			"from": [11, 0.5, 12],
			"to": [11.5, 1.5, 15.5],
			"rotation": {"angle": 0, "axis": "y", "origin": [8, 8.5, 8.5]},
			"faces": {
				"north": {"uv": [15, 9.5, 15.5, 10], "texture": "#1", "tintindex": 0},
				"east": {"uv": [12, 11, 15.5, 12], "texture": "#1", "tintindex": 0},
				"south": {"uv": [12, 9.5, 12.5, 10], "texture": "#1", "tintindex": 0}
			}
		},
		{
			"from": [11, 1.5, 12],
			"to": [11.5, 2.20711, 15.5],
			"rotation": {"angle": 45, "axis": "z", "origin": [11.5, 1.5, 10.5]},
			"faces": {
				"north": {"uv": [15, 9.5, 15.5, 10], "texture": "#1", "tintindex": 0},
				"east": {"uv": [12, 10.5, 15.5, 11], "texture": "#1", "tintindex": 0},
				"south": {"uv": [12, 9.5, 12.5, 10], "texture": "#1", "tintindex": 0}
			}
		},
		{
			"from": [11, -0.20711, 12.001],
			"to": [11.5, 0.5, 15.499],
			"rotation": {"angle": -45, "axis": "z", "origin": [11.5, 0.5, 10.5]},
			"faces": {
				"north": {"uv": [15, 9.5, 15.5, 10], "texture": "#1", "tintindex": 0},
				"east": {"uv": [12, 12, 15.5, 12.5], "texture": "#1", "tintindex": 0},
				"south": {"uv": [12, 9.5, 12.5, 10], "texture": "#1", "tintindex": 0}
			}
		},
		{
			"from": [10, 0, 12.001],
			"to": [10.7, 0.7, 15.499],
			"rotation": {"angle": 45, "axis": "z", "origin": [10, 0, 10.5]},
			"faces": {
				"north": {"uv": [15, 9.5, 15.5, 9.85], "texture": "#1", "tintindex": 0},
				"south": {"uv": [12, 9.5, 12.5, 10], "texture": "#1", "tintindex": 0},
				"west": {"uv": [12, 12, 15.5, 12.5], "texture": "#1", "tintindex": 0}
			}
		},
		{
			"from": [4.5, 1.5, 10.5],
			"to": [6, 2.5, 11.5],
			"rotation": {"angle": 0, "axis": "x", "origin": [4.5, 2.5, 11]},
			"faces": {
				"north": {"uv": [6, 5, 7.5, 6], "rotation": 180, "texture": "#1"},
				"south": {"uv": [6, 3, 7.5, 4], "texture": "#1"},
				"west": {"uv": [7.5, 4, 8.5, 5], "rotation": 90, "texture": "#1"},
				"down": {"uv": [6, 4, 7.5, 5], "texture": "#1"}
			}
		},
		{
			"from": [10, 1.5, 10.5],
			"to": [11.5, 2.5, 11.5],
			"rotation": {"angle": 0, "axis": "y", "origin": [3, 9.5, 18.5]},
			"faces": {
				"north": {"uv": [7.5, 4, 6, 5], "texture": "#1"},
				"east": {"uv": [8.5, 4, 7.5, 5], "texture": "#1"},
				"south": {"uv": [7.5, 4, 6, 5], "texture": "#1"},
				"down": {"uv": [7.5, 5, 6, 6], "texture": "#1"}
			}
		},
		{
			"from": [5.26537, 4.84776, 10.5],
			"to": [10.73463, 5.84776, 11.5],
			"rotation": {"angle": 0, "axis": "y", "origin": [13.76537, 12.84776, 18.5]},
			"faces": {
				"north": {"uv": [6, 1, 11.5, 2], "texture": "#1"},
				"south": {"uv": [6, 1, 11.5, 2], "texture": "#1"},
				"up": {"uv": [6, 0, 11.5, 1], "texture": "#1"},
				"down": {"uv": [6, 2, 11.5, 3], "texture": "#1"}
			}
		},
		{
			"from": [4.5, 2.5, 10.5],
			"to": [5.5, 4, 11.5],
			"rotation": {"angle": 0, "axis": "y", "origin": [13, 10.5, 18.5]},
			"faces": {
				"north": {"uv": [8, 6, 7, 7.5], "texture": "#1"},
				"east": {"uv": [8, 6, 9, 7.5], "texture": "#1"},
				"south": {"uv": [7, 6, 8, 7.5], "texture": "#1"},
				"west": {"uv": [6, 6, 7, 7.5], "texture": "#1"}
			}
		},
		{
			"from": [10.5, 2.5, 10.5],
			"to": [11.5, 4, 11.5],
			"rotation": {"angle": 0, "axis": "y", "origin": [3, 10.5, 18.5]},
			"faces": {
				"north": {"uv": [7, 6, 8, 7.5], "texture": "#1"},
				"east": {"uv": [7, 6, 6, 7.5], "texture": "#1"},
				"south": {"uv": [8, 6, 7, 7.5], "texture": "#1"},
				"west": {"uv": [9, 6, 8, 7.5], "texture": "#1"}
			}
		},
		{
			"from": [4.5, 4, 10.501],
			"to": [5.5, 6, 11.499],
			"rotation": {"angle": -22.5, "axis": "z", "origin": [4.5, 4, 11]},
			"faces": {
				"north": {"uv": [7, 7.5, 8, 9.5], "texture": "#1"},
				"east": {"uv": [8, 7.5, 9, 9.5], "texture": "#1"},
				"south": {"uv": [7, 7.5, 8, 9.5], "texture": "#1"},
				"west": {"uv": [6, 7.5, 7, 9.5], "texture": "#1"}
			}
		}
	],
	"display": {
		"thirdperson_righthand": {
			"translation": [0, -0.25, -3.25]
		},
		"firstperson_righthand": {
			"translation": [0, 4, 0]
		},
		"firstperson_lefthand": {
			"translation": [0, 4, 0]
		},
		"gui": {
			"rotation": [30, -145, 0],
			"translation": [-0.5, 5, 0]
		}
	},
	"groups": [
		0,
		1,
		2,
		3,
		4,
		5,
		6,
		7,
		8,
		9,
		10,
		11,
		12,
		13,
		14,
		15,
		16,
		17,
		18,
		19,
		20,
		21,
		22,
		23,
		24,
		25,
		26,
		27,
		28,
		29,
		30,
		31,
		32,
		33,
		34,
		35,
		36,
		37,
		38,
		39,
		40,
		41,
		42,
		43,
		44,
		45,
		46,
		47,
		48,
		49,
		50,
		51,
		52,
		53,
		54,
		55,
		56,
		57,
		58,
		59,
		60,
		61,
		62,
		63,
		64,
		65,
		66,
		67,
		{
			"name": "mini_gun_base",
			"origin": [8, 8, 8],
			"color": 0,
			"children": [68, 69, 70, 71, 72, 73, 74, 75, 76, 77, 78, 79, 80, 81, 82, 83, 84, 85, 86, 87, 88, 89, 90, 91, 92]
		}
	],
	"loader": "forge:obj",
	"model": "tac:models/special/obj_test/m4_body.obj",
	"flip-v": true
}