{
	"credit": "Made with Blockbench",
	"gui_light": "front",
	"texture_size": [128, 128],
	"textures": {
		"0": "block/color/patentes/rank_0055_4",
		"particle": "block/color/patentes/rank_0055_4"
	},
	"elements": [
		{
			"from": [0, 0, 0],
			"to": [32, 32, 32],
			"faces": {
				"north": {"uv": [0, 0, 16, 16], "texture": "#0"},
				"east": {"uv": [0, 0, 16, 16], "texture": "#0"},
				"south": {"uv": [0, 0, 16, 16], "texture": "#0"},
				"west": {"uv": [0, 0, 16, 16], "texture": "#0"},
				"up": {"uv": [16, 16, 0, 0], "texture": "#0"},
				"down": {"uv": [16, 0, 0, 16], "texture": "#0"}
			}
		}
	],
	"display": {
		"thirdperson_righthand": {
			"scale": [0.2, 0.2, 0.2]
		},
		"thirdperson_lefthand": {
			"scale": [0.2, 0.2, 0.2]
		},
		"firstperson_righthand": {
			"scale": [0.2, 0.2, 0.2]
		},
		"firstperson_lefthand": {
			"scale": [0.2, 0.2, 0.2]
		},
		"ground": {
			"scale": [0.2, 0.2, 0.2]
		},
		"gui": {
			"translation": [-4, -4, 0],
			"scale": [0.5, 0.5, 0.5]
		},
		"fixed": {
			"translation": [-2.75, -2.75, 0],
			"scale": [0.4, 0.4, 0.4]
		}
	}
}