{
	"credit": "Models are primarially made by NekoCrane and adjusted by ClumsyAlien!",
	"texture_size": [32, 32],
	"textures": {
		"8": "block/color/1textura/mp5_darker_light",
		"9": "block/color/1textura/detailed_dark_wood",
		"10": "block/color/1textura/b_purple",
		"11": "block/color/1textura/dark_enfield_barrel",
		"12": "block/color/1textura/gold_block",
		"13": "block/color/1textura/m60_mag",
		"15": "block/color/1textura/bottle_pattern"
	},
	"elements": [
		{
			"name": "Cube",
			"from": [9.41654, 15.1, 9.51979],
			"to": [9.71654, 15.9, 10.31979],
			"rotation": {"angle": 22.5, "axis": "y", "origin": [9.03938, 18.03197, 5.74055]},
			"faces": {
				"north": {"uv": [0, 0, 0.15, 0.4], "texture": "#11"},
				"east": {"uv": [0, 0, 0, 0], "texture": "#11"},
				"south": {"uv": [0, 0, 0.15, 0.4], "texture": "#11"},
				"west": {"uv": [0, 0, 0, 0], "texture": "#11"},
				"up": {"uv": [0, 0, 0.15, 0.4], "texture": "#11"},
				"down": {"uv": [0, 0, 0.15, 0.4], "texture": "#11"}
			}
		},
		{
			"name": "Cube",
			"from": [11.21654, 15.2, 9.61979],
			"to": [11.51654, 15.8, 10.21979],
			"rotation": {"angle": 22.5, "axis": "y", "origin": [9.03938, 18.03197, 5.74055]},
			"faces": {
				"north": {"uv": [0, 0, 0.15, 0.3], "texture": "#11"},
				"east": {"uv": [0, 0, 0, 0], "texture": "#11"},
				"south": {"uv": [0, 0, 0.15, 0.3], "texture": "#11"},
				"west": {"uv": [0, 0, 0, 0], "texture": "#11"},
				"up": {"uv": [0, 0, 0.15, 0.3], "texture": "#11"},
				"down": {"uv": [0, 0, 0.15, 0.3], "texture": "#11"}
			}
		},
		{
			"name": "Cube",
			"from": [11.41654, 15.1, 9.51979],
			"to": [11.81654, 15.9, 10.31979],
			"rotation": {"angle": 22.5, "axis": "y", "origin": [9.03938, 18.03197, 5.74055]},
			"faces": {
				"north": {"uv": [0, 0, 0.2, 0.4], "texture": "#11"},
				"east": {"uv": [0, 0, 0.4, 0.4], "texture": "#11"},
				"south": {"uv": [0, 0, 0.2, 0.4], "texture": "#11"},
				"west": {"uv": [0, 0, 0.4, 0.4], "texture": "#11"},
				"up": {"uv": [0, 0, 0.2, 0.4], "texture": "#11"},
				"down": {"uv": [0, 0, 0.2, 0.4], "texture": "#11"}
			}
		},
		{
			"name": "Cube",
			"from": [8.61654, 15, 9.41979],
			"to": [9.41654, 16, 10.41979],
			"rotation": {"angle": 22.5, "axis": "y", "origin": [9.03938, 18.03197, 5.74055]},
			"faces": {
				"north": {"uv": [0, 0, 0.4, 0.5], "texture": "#11"},
				"east": {"uv": [0, 0, 0.5, 0.5], "texture": "#11"},
				"south": {"uv": [0, 0, 0.4, 0.5], "texture": "#11"},
				"west": {"uv": [0, 0, 0.5, 0.5], "texture": "#11"},
				"up": {"uv": [0, 0, 0.4, 0.5], "texture": "#11", "cullface": "up"},
				"down": {"uv": [0, 0, 0, 0], "texture": "#11"}
			}
		},
		{
			"name": "vice_10",
			"from": [3.49971, 18.2, 12.99971],
			"to": [3.99971, 18.9, 14.99971],
			"rotation": {"angle": 0, "axis": "y", "origin": [12.03938, 18.03197, 5.74055]},
			"faces": {
				"north": {"uv": [0, 0, 0.25, 0.35], "texture": "#11"},
				"east": {"uv": [0, 0, 1, 0.35], "texture": "#11"},
				"south": {"uv": [0, 0, 0.25, 0.35], "texture": "#11"},
				"west": {"uv": [0, 0, 1, 0.35], "texture": "#11"},
				"up": {"uv": [0, 0, 1, 0.25], "texture": "#11"},
				"down": {"uv": [0, 0, 1, 0.25], "rotation": 270, "texture": "#11"}
			}
		},
		{
			"name": "vice_7",
			"from": [2.49971, 18.2, 12.99971],
			"to": [2.99971, 18.9, 14.99971],
			"rotation": {"angle": 0, "axis": "y", "origin": [12.03938, 18.03197, 5.74055]},
			"faces": {
				"north": {"uv": [0, 0, 0.25, 0.35], "texture": "#11"},
				"east": {"uv": [0, 0, 1, 0.35], "texture": "#11"},
				"south": {"uv": [0, 0, 0.25, 0.35], "texture": "#11"},
				"west": {"uv": [0, 0, 1, 0.35], "texture": "#11"},
				"up": {"uv": [0, 0, 1, 0.25], "texture": "#11"},
				"down": {"uv": [0, 0, 1, 0.25], "rotation": 270, "texture": "#11"}
			}
		},
		{
			"name": "vice_11",
			"from": [2.19971, 16.8, 13.09971],
			"to": [8.09971, 17.2, 14.89971],
			"rotation": {"angle": 0, "axis": "y", "origin": [12.03938, 18.03197, 5.74055]},
			"faces": {
				"north": {"uv": [0, 0, 2.95, 0.2], "texture": "#11"},
				"east": {"uv": [0, 0, 0.9, 0.2], "texture": "#11"},
				"south": {"uv": [0, 0, 2.95, 0.2], "texture": "#11"},
				"west": {"uv": [0, 0, 0.9, 0.2], "texture": "#11"},
				"up": {"uv": [4, 0, 4.9, 2.95], "texture": "#11"},
				"down": {"uv": [0, 0, 0.9, 2.95], "rotation": 270, "texture": "#11"}
			}
		},
		{
			"name": "vice_1",
			"from": [3.49971, 15, 12.49971],
			"to": [6.49971, 15.5, 15.49971],
			"rotation": {"angle": 0, "axis": "y", "origin": [12.03938, 18.03197, 5.74055]},
			"faces": {
				"north": {"uv": [0, 0, 1.5, 0.25], "texture": "#11"},
				"east": {"uv": [0, 0, 1.5, 0.25], "texture": "#11"},
				"south": {"uv": [0, 0, 1.5, 0.25], "texture": "#11"},
				"west": {"uv": [0, 0, 1.5, 0.25], "texture": "#11"},
				"up": {"uv": [1, 1, 2.5, 2.5], "texture": "#11"},
				"down": {"uv": [0, 0, 0, 0], "rotation": 270, "texture": "#11"}
			}
		},
		{
			"from": [8.3125, 15.72892, 10.02252],
			"to": [8.6875, 15.85392, 13.33502],
			"rotation": {"angle": 0, "axis": "x", "origin": [9.03938, 18.03197, 5.74055]},
			"faces": {
				"north": {"uv": [0, 0, 0.1875, 0.0625], "rotation": 180, "texture": "#11"},
				"east": {"uv": [0, 0, 0.0625, 1.65625], "texture": "#11"},
				"south": {"uv": [0, 0, 0.1875, 0.0625], "texture": "#11"},
				"west": {"uv": [0, 0, 0.0625, 1.65625], "rotation": 270, "texture": "#11"},
				"up": {"uv": [5, 0, 5.1875, 1.65625], "texture": "#11"},
				"down": {"uv": [0, 0, 0.1875, 1.65625], "rotation": 180, "texture": "#11"}
			}
		},
		{
			"from": [5.3125, 15.72892, 5.02252],
			"to": [5.6875, 15.85392, 8.52252],
			"rotation": {"angle": 0, "axis": "x", "origin": [9.03938, 18.03197, 5.74055]},
			"faces": {
				"north": {"uv": [0, 0, 0.1875, 0.0625], "rotation": 180, "texture": "#11"},
				"east": {"uv": [0, 0, 0.0625, 1.75], "texture": "#11"},
				"south": {"uv": [0, 0, 0.1875, 0.0625], "texture": "#11"},
				"west": {"uv": [0, 0, 0.0625, 1.75], "rotation": 270, "texture": "#11"},
				"up": {"uv": [5, 0, 5.1875, 1.75], "texture": "#11"},
				"down": {"uv": [0, 0, 0.1875, 1.75], "rotation": 180, "texture": "#11"}
			}
		},
		{
			"name": "vice_2",
			"from": [3.49971, 15.5, 12.99971],
			"to": [5.99971, 17.5, 14.99971],
			"rotation": {"angle": 0, "axis": "y", "origin": [12.03938, 18.03197, 5.74055]},
			"faces": {
				"north": {"uv": [0, 0, 1.25, 1], "texture": "#12"},
				"east": {"uv": [0, 0, 1, 1], "texture": "#12"},
				"south": {"uv": [0, 0, 1.25, 1], "texture": "#12"},
				"west": {"uv": [0, 0, 1, 1], "texture": "#12"},
				"up": {"uv": [0, 0, 1, 1.25], "texture": "#12"},
				"down": {"uv": [0, 0, 0, 0], "rotation": 270, "texture": "#12"}
			}
		},
		{
			"name": "vice_3",
			"from": [2.19971, 15.5, 13.19971],
			"to": [7.99971, 17, 14.79971],
			"rotation": {"angle": 0, "axis": "y", "origin": [12.03938, 18.03197, 5.74055]},
			"faces": {
				"north": {"uv": [0, 0, 2.9, 0.75], "texture": "#12"},
				"east": {"uv": [0, 0, 0.8, 0.75], "texture": "#12"},
				"south": {"uv": [0, 0, 2.9, 0.75], "texture": "#12"},
				"west": {"uv": [0, 0, 0, 0], "texture": "#12"},
				"up": {"uv": [0, 0, 0, 0], "texture": "#12"},
				"down": {"uv": [0, 0, 0.8, 2.9], "rotation": 270, "texture": "#12"}
			}
		},
		{
			"name": "vice_4",
			"from": [1.02071, 15.5, 13.19971],
			"to": [2.19971, 17.5, 14.79971],
			"rotation": {"angle": 0, "axis": "y", "origin": [12.04476, 18.03197, 5.74055]},
			"faces": {
				"north": {"uv": [0, 0, 0.6, 1], "texture": "#12"},
				"east": {"uv": [0, 0, 0.8, 1], "texture": "#12"},
				"south": {"uv": [0, 0, 0.6, 1], "texture": "#12"},
				"west": {"uv": [0, 0, 0.8, 1], "texture": "#12"},
				"up": {"uv": [0, 0, 0, 0], "texture": "#12"},
				"down": {"uv": [0, 0, 0.8, 0.6], "rotation": 270, "texture": "#12"}
			}
		},
		{
			"name": "vice_5",
			"from": [2.0622, 13.32321, 13.19971],
			"to": [3.1622, 14.83884, 14.79971],
			"rotation": {"angle": -22.5, "axis": "z", "origin": [12.03938, 18.03197, 5.74055]},
			"faces": {
				"north": {"uv": [0, 0, 0.55, 0.75], "texture": "#12"},
				"east": {"uv": [0, 0, 0.8, 0.75], "texture": "#12"},
				"south": {"uv": [0, 0, 0.55, 0.75], "texture": "#12"},
				"west": {"uv": [0, 0, 0.8, 0.75], "texture": "#12"},
				"up": {"uv": [0, 0, 0.8, 0.55], "texture": "#12"},
				"down": {"uv": [0, 0, 0.8, 0.55], "rotation": 270, "texture": "#12"}
			}
		},
		{
			"name": "vice_6",
			"from": [1.59971, 18.2, 13.19971],
			"to": [2.49971, 18.9, 14.79971],
			"rotation": {"angle": 0, "axis": "y", "origin": [12.03938, 18.03197, 5.74055]},
			"faces": {
				"north": {"uv": [0, 0, 0.45, 0.35], "texture": "#12"},
				"east": {"uv": [0, 0, 0, 0], "texture": "#12"},
				"south": {"uv": [0, 0, 0.45, 0.35], "texture": "#12"},
				"west": {"uv": [0, 0, 0.8, 0.35], "texture": "#12"},
				"up": {"uv": [0, 0, 0.8, 0.45], "texture": "#12"},
				"down": {"uv": [0, 0, 0.8, 0.45], "rotation": 270, "texture": "#12"}
			}
		},
		{
			"name": "vice_8",
			"from": [4.57536, 20.06616, 13.19971],
			"to": [5.77536, 21.56616, 14.79971],
			"rotation": {"angle": 22.5, "axis": "z", "origin": [12.03938, 18.03197, 5.74055]},
			"faces": {
				"north": {"uv": [0, 0, 0.6, 0.75], "texture": "#12"},
				"east": {"uv": [0, 0, 0.8, 0.75], "texture": "#12"},
				"south": {"uv": [0, 0, 0.6, 0.75], "texture": "#12"},
				"west": {"uv": [0, 0, 0.8, 0.75], "texture": "#12"},
				"up": {"uv": [0, 0, 0.8, 0.6], "texture": "#12"},
				"down": {"uv": [0, 0, 0.8, 0.6], "rotation": 270, "texture": "#12"}
			}
		},
		{
			"name": "vice_9",
			"from": [3.99971, 18.2, 13.19971],
			"to": [4.89971, 18.9, 14.79971],
			"rotation": {"angle": 0, "axis": "y", "origin": [12.03938, 18.03197, 5.74055]},
			"faces": {
				"north": {"uv": [0, 0, 0.45, 0.35], "texture": "#12"},
				"east": {"uv": [0, 0, 0.8, 0.35], "texture": "#12"},
				"south": {"uv": [0, 0, 0.45, 0.35], "texture": "#12"},
				"west": {"uv": [0, 0, 0, 0], "texture": "#12"},
				"up": {"uv": [0, 0, 0.8, 0.45], "texture": "#12"},
				"down": {"uv": [0, 0, 0.8, 0.45], "rotation": 270, "texture": "#12"}
			}
		},
		{
			"from": [6.21248, 15, 11.20663],
			"to": [8.46248, 15.73438, 11.70663],
			"rotation": {"angle": -45, "axis": "y", "origin": [9.03938, 18.03197, 5.74055]},
			"faces": {
				"north": {"uv": [0, 0, 1.125, 0.36719], "texture": "#12"},
				"east": {"uv": [0, 0, 0.25, 0.36719], "texture": "#12"},
				"south": {"uv": [0, 0, 1.125, 0.36719], "texture": "#12"},
				"west": {"uv": [0, 0, 0.25, 0.36719], "texture": "#12"},
				"up": {"uv": [0, 0, 1.125, 0.25], "texture": "#12"},
				"down": {"uv": [0, 0, 1.125, 0.25], "texture": "#12"}
			}
		},
		{
			"from": [2.12298, 15, 9.6474],
			"to": [4.37298, 15.73438, 10.1474],
			"rotation": {"angle": 0, "axis": "y", "origin": [9.03938, 18.03197, 5.74055]},
			"faces": {
				"north": {"uv": [0, 0, 1.125, 0.36719], "texture": "#12"},
				"east": {"uv": [0, 0, 0.25, 0.36719], "texture": "#12"},
				"south": {"uv": [0, 0, 1.125, 0.36719], "texture": "#12"},
				"west": {"uv": [0, 0, 0.25, 0.36719], "texture": "#12"},
				"up": {"uv": [0, 0, 1.125, 0.25], "texture": "#12"},
				"down": {"uv": [0, 0, 1.125, 0.25], "texture": "#12"}
			}
		},
		{
			"name": "yellow_concrete",
			"from": [10.11654, 15.1, 10.41979],
			"to": [10.91654, 15.9, 13.41979],
			"rotation": {"angle": 22.5, "axis": "y", "origin": [9.03938, 18.03197, 5.74055]},
			"faces": {
				"north": {"uv": [0, 0, 2, 8], "texture": "#12"},
				"east": {"uv": [0, 2, 10, 4], "texture": "#12"},
				"south": {"uv": [0, 0, 2, 8], "texture": "#12"},
				"west": {"uv": [0, 0, 2, 8], "texture": "#12"},
				"up": {"uv": [0, 0, 2, 8], "texture": "#12"},
				"down": {"uv": [0, 0, 2, 8], "texture": "#12"}
			}
		},
		{
			"from": [5.25, 15.54142, 4.02252],
			"to": [5.75, 16.04142, 4.77252],
			"rotation": {"angle": 0, "axis": "x", "origin": [9.03938, 18.03197, 5.74055]},
			"faces": {
				"north": {"uv": [0, 0, 0.25, 0.25], "rotation": 180, "texture": "#12"},
				"east": {"uv": [0, 0, 0.25, 0.375], "texture": "#12"},
				"south": {"uv": [0, 0, 0.25, 0.25], "texture": "#12"},
				"west": {"uv": [0, 0, 0.25, 0.375], "rotation": 270, "texture": "#12"},
				"up": {"uv": [0, 0, 0.25, 0.375], "texture": "#12"},
				"down": {"uv": [0, 0, 0.25, 0.375], "rotation": 180, "texture": "#12"}
			}
		},
		{
			"from": [8.25, 15.54142, 9.02252],
			"to": [8.75, 16.04142, 9.77252],
			"rotation": {"angle": 0, "axis": "x", "origin": [9.03938, 18.03197, 5.74055]},
			"faces": {
				"north": {"uv": [0, 0, 0.25, 0.25], "rotation": 180, "texture": "#12"},
				"east": {"uv": [0, 0, 0.25, 0.375], "texture": "#12"},
				"south": {"uv": [0, 0, 0.25, 0.25], "texture": "#12"},
				"west": {"uv": [0, 0, 0.25, 0.375], "rotation": 270, "texture": "#12"},
				"up": {"uv": [0, 0, 0.25, 0.375], "texture": "#12"},
				"down": {"uv": [0, 0, 0.25, 0.375], "rotation": 180, "texture": "#12"}
			}
		},
		{
			"name": "frame_6",
			"from": [2.5, 12, 13.5],
			"to": [13.5, 13, 15.5],
			"rotation": {"angle": 0, "axis": "y", "origin": [9.03938, 18.03197, 5.74055]},
			"faces": {
				"north": {"uv": [0, 0, 5.5, 0.5], "texture": "#10"},
				"east": {"uv": [0, 0, 0, 0], "texture": "#10"},
				"south": {"uv": [0, 0, 5.5, 0.5], "texture": "#10"},
				"west": {"uv": [0, 0, 0, 0], "texture": "#10"},
				"up": {"uv": [0, 0, 0, 0], "texture": "#10"},
				"down": {"uv": [0, 0, 5.5, 1], "texture": "#10"}
			}
		},
		{
			"name": "frame_6",
			"from": [13.5, 12, 2.5],
			"to": [15.5, 13, 13.5],
			"rotation": {"angle": 0, "axis": "y", "origin": [9.03938, 18.03197, 5.74055]},
			"faces": {
				"north": {"uv": [0, 0, 0, 0], "texture": "#10"},
				"east": {"uv": [0, 0, 5.5, 0.5], "texture": "#10"},
				"south": {"uv": [0, 0, 0, 0], "texture": "#10"},
				"west": {"uv": [0, 0, 5.5, 0.5], "texture": "#10"},
				"up": {"uv": [0, 0, 0, 0], "texture": "#10"},
				"down": {"uv": [0, 0, 1, 5.5], "texture": "#10"}
			}
		},
		{
			"name": "frame_5",
			"from": [2.5, 12, 0.5],
			"to": [13.5, 13, 2.5],
			"rotation": {"angle": 0, "axis": "y", "origin": [9.03938, 18.03197, 5.74055]},
			"faces": {
				"north": {"uv": [0, 0, 5.5, 0.5], "texture": "#10"},
				"east": {"uv": [0, 0, 0, 0], "texture": "#10"},
				"south": {"uv": [0, 0, 5.5, 0.5], "texture": "#10"},
				"west": {"uv": [0, 0, 0, 0], "texture": "#10"},
				"up": {"uv": [0, 0, 0, 0], "texture": "#10"},
				"down": {"uv": [0, 0, 5.5, 1], "texture": "#10"}
			}
		},
		{
			"name": "frame_7",
			"from": [0.5, 12, 2.5],
			"to": [2.5, 13, 13.5],
			"rotation": {"angle": 0, "axis": "y", "origin": [9.03938, 18.03197, 5.74055]},
			"faces": {
				"north": {"uv": [0, 0, 1, 0.5], "texture": "#10"},
				"east": {"uv": [0, 0, 5.5, 0.5], "texture": "#10"},
				"south": {"uv": [0, 0, 1, 0.5], "texture": "#10"},
				"west": {"uv": [0, 0, 5.5, 0.5], "texture": "#10"},
				"up": {"uv": [0, 0, 1, 5.5], "texture": "#10"},
				"down": {"uv": [0, 0, 1, 5.5], "texture": "#10"}
			}
		},
		{
			"name": "gray_concrete",
			"from": [10.01654, 15, 13.41979],
			"to": [11.01654, 16, 16.41979],
			"rotation": {"angle": 22.5, "axis": "y", "origin": [9.03938, 18.03197, 5.74055]},
			"faces": {
				"north": {"uv": [0, 0, 2, 3], "texture": "#10", "cullface": "up"},
				"east": {"uv": [0, 0, 2, 3], "texture": "#10", "cullface": "up"},
				"south": {"uv": [4, 2, 6, 4], "texture": "#10", "cullface": "up"},
				"west": {"uv": [0, 0, 2, 3], "texture": "#10", "cullface": "up"},
				"up": {"uv": [0, 0, 2, 6], "texture": "#10", "cullface": "up"},
				"down": {"uv": [0, 0, 2, 3], "texture": "#10", "cullface": "up"}
			}
		},
		{
			"name": "Cube",
			"from": [9.71654, 15, 9.41979],
			"to": [11.21654, 16, 10.41979],
			"rotation": {"angle": 22.5, "axis": "y", "origin": [9.03938, 18.03197, 5.74055]},
			"faces": {
				"north": {"uv": [0, 0, 0.75, 0.5], "texture": "#10"},
				"east": {"uv": [0, 0, 0.5, 0.5], "texture": "#10"},
				"south": {"uv": [0, 0, 0.75, 0.5], "texture": "#10"},
				"west": {"uv": [0, 0, 0.5, 0.5], "texture": "#10"},
				"up": {"uv": [0, 0, 0.75, 0.5], "texture": "#10", "cullface": "up"},
				"down": {"uv": [0, 0, 0, 0], "texture": "#10"}
			}
		},
		{
			"from": [1.83589, 15, 9.64624],
			"to": [4.33589, 15.75, 10.20874],
			"rotation": {"angle": -22.5, "axis": "y", "origin": [9.03938, 18.03197, 5.74055]},
			"faces": {
				"north": {"uv": [0, 0, 1.25, 0.375], "texture": "#10"},
				"east": {"uv": [0, 0, 0.28125, 0.375], "texture": "#10"},
				"south": {"uv": [0, 0, 1.25, 0.375], "texture": "#10"},
				"west": {"uv": [0, 0, 0.28125, 0.375], "texture": "#10"},
				"up": {"uv": [0, 0, 1.25, 0.28125], "texture": "#10"},
				"down": {"uv": [0, 0, 1.25, 0.28125], "texture": "#10"}
			}
		},
		{
			"from": [1.83589, 15, 11.95874],
			"to": [4.33589, 15.75, 12.52124],
			"rotation": {"angle": -22.5, "axis": "y", "origin": [9.03938, 18.03197, 5.74055]},
			"faces": {
				"north": {"uv": [0, 0, 1.25, 0.375], "texture": "#10"},
				"east": {"uv": [0, 0, 0.28125, 0.375], "texture": "#10"},
				"south": {"uv": [0, 0, 1.25, 0.375], "texture": "#10"},
				"west": {"uv": [0, 0, 0.28125, 0.375], "texture": "#10"},
				"up": {"uv": [0, 0, 1.25, 0.28125], "texture": "#10"},
				"down": {"uv": [0, 0, 1.25, 0.28125], "texture": "#10"}
			}
		},
		{
			"from": [2.04247, 14.69834, 6.52252],
			"to": [4.04247, 16.69834, 6.77252],
			"rotation": {"angle": 0, "axis": "x", "origin": [9.03938, 18.03197, 5.74055]},
			"faces": {
				"north": {"uv": [0, 0, 1, 1], "rotation": 180, "texture": "#10"},
				"east": {"uv": [0, 0, 1, 0.125], "texture": "#10"},
				"south": {"uv": [0, 0, 1, 1], "texture": "#10"},
				"west": {"uv": [0, 0, 1, 0.125], "rotation": 270, "texture": "#10"},
				"up": {"uv": [0, 0, 1, 0.125], "texture": "#10"},
				"down": {"uv": [0, 0, 1, 0.125], "rotation": 180, "texture": "#10"}
			}
		},
		{
			"from": [2.04247, 14.69834, 3.02252],
			"to": [4.04247, 16.69834, 3.52252],
			"rotation": {"angle": 0, "axis": "x", "origin": [9.03938, 18.03197, 5.74055]},
			"faces": {
				"north": {"uv": [0, 0, 1, 1], "rotation": 180, "texture": "#10"},
				"east": {"uv": [0, 0, 1, 0.25], "texture": "#10"},
				"south": {"uv": [0, 0, 1, 1], "texture": "#10"},
				"west": {"uv": [0, 0, 1, 0.25], "rotation": 270, "texture": "#10"},
				"up": {"uv": [0, 0, 1, 0.25], "texture": "#10"},
				"down": {"uv": [0, 0, 1, 0.25], "rotation": 180, "texture": "#10"}
			}
		},
		{
			"from": [6.21089, 15.75, 10.95874],
			"to": [6.46089, 15.8125, 11.20874],
			"rotation": {"angle": -22.5, "axis": "y", "origin": [9.03938, 18.03197, 5.74055]},
			"faces": {
				"north": {"uv": [0, 0, 0.125, 0.0625], "texture": "#10"},
				"east": {"uv": [0, 0, 0.375, 0.0625], "texture": "#10"},
				"south": {"uv": [0, 0, 0.125, 0.0625], "texture": "#10"},
				"west": {"uv": [0, 0, 0.375, 0.0625], "texture": "#10"},
				"up": {"uv": [0, 0, 0.125, 0.375], "texture": "#10"},
				"down": {"uv": [0, 0, 0.125, 0.375], "texture": "#10"}
			}
		},
		{
			"from": [5.125, 15.41642, 2.52252],
			"to": [5.875, 16.16642, 4.02252],
			"rotation": {"angle": 0, "axis": "x", "origin": [9.03938, 18.03197, 5.74055]},
			"faces": {
				"north": {"uv": [0, 0, 0.375, 0.375], "rotation": 180, "texture": "#10"},
				"east": {"uv": [0, 0, 0.375, 0.75], "texture": "#10"},
				"south": {"uv": [0, 0, 0.375, 0.375], "texture": "#10"},
				"west": {"uv": [0, 0, 0.375, 0.75], "rotation": 270, "texture": "#10"},
				"up": {"uv": [0, 0, 0.375, 0.75], "texture": "#10"},
				"down": {"uv": [0, 0, 0.375, 0.75], "rotation": 180, "texture": "#10"}
			}
		},
		{
			"from": [8.125, 15.41642, 8.02252],
			"to": [8.875, 16.16642, 9.14752],
			"rotation": {"angle": 0, "axis": "x", "origin": [9.03938, 18.03197, 5.74055]},
			"faces": {
				"north": {"uv": [0, 0, 0.375, 0.375], "rotation": 180, "texture": "#10"},
				"east": {"uv": [0, 0, 0.375, 0.5625], "texture": "#10"},
				"south": {"uv": [0, 0, 0.375, 0.375], "texture": "#10"},
				"west": {"uv": [0, 0, 0.375, 0.5625], "rotation": 270, "texture": "#10"},
				"up": {"uv": [0, 0, 0.375, 0.5625], "texture": "#10"},
				"down": {"uv": [0, 0, 0.375, 0.5625], "rotation": 180, "texture": "#10"}
			}
		},
		{
			"from": [5.125, 15.41642, 4.77252],
			"to": [5.875, 16.16642, 5.02252],
			"rotation": {"angle": 0, "axis": "x", "origin": [9.03938, 18.03197, 5.74055]},
			"faces": {
				"north": {"uv": [0, 0, 0.375, 0.375], "rotation": 180, "texture": "#10"},
				"east": {"uv": [0, 0, 0.375, 0.125], "texture": "#10"},
				"south": {"uv": [0, 0, 0.375, 0.375], "texture": "#10"},
				"west": {"uv": [0, 0, 0.375, 0.125], "rotation": 270, "texture": "#10"},
				"up": {"uv": [0, 0, 0.375, 0.125], "texture": "#10"},
				"down": {"uv": [0, 0, 0.375, 0.125], "rotation": 180, "texture": "#10"}
			}
		},
		{
			"from": [8.125, 15.41642, 9.77252],
			"to": [8.875, 16.16642, 10.02252],
			"rotation": {"angle": 0, "axis": "x", "origin": [9.03938, 18.03197, 5.74055]},
			"faces": {
				"north": {"uv": [0, 0, 0.375, 0.375], "rotation": 180, "texture": "#10"},
				"east": {"uv": [0, 0, 0.375, 0.125], "texture": "#10"},
				"south": {"uv": [0, 0, 0.375, 0.375], "texture": "#10"},
				"west": {"uv": [0, 0, 0.375, 0.125], "rotation": 270, "texture": "#10"},
				"up": {"uv": [0, 0, 0.375, 0.125], "texture": "#10"},
				"down": {"uv": [0, 0, 0.375, 0.125], "rotation": 180, "texture": "#10"}
			}
		},
		{
			"from": [5.83589, 15, 10.58374],
			"to": [6.83589, 15.75, 11.58374],
			"rotation": {"angle": -22.5, "axis": "y", "origin": [9.03938, 18.03197, 5.74055]},
			"faces": {
				"north": {"uv": [0, 0, 0.5, 0.375], "texture": "#13"},
				"east": {"uv": [0, 0, 0.5, 0.375], "texture": "#13"},
				"south": {"uv": [0, 0, 0.5, 0.375], "texture": "#13"},
				"west": {"uv": [0, 0, 0.5, 0.375], "texture": "#13"},
				"up": {"uv": [0, 0, 0.5, 0.5], "texture": "#13"},
				"down": {"uv": [0, 0, 0.5, 0.5], "texture": "#13"}
			}
		},
		{
			"from": [6.83589, 15.125, 10.52124],
			"to": [7.58589, 15.625, 11.06811],
			"rotation": {"angle": -22.5, "axis": "y", "origin": [9.03938, 18.03197, 5.74055]},
			"faces": {
				"north": {"uv": [0, 0, 0.375, 0.25], "texture": "#13"},
				"east": {"uv": [0, 0, 0.27344, 0.25], "texture": "#13"},
				"south": {"uv": [0, 0, 0.375, 0.25], "texture": "#13"},
				"west": {"uv": [0, 0, 0.27344, 0.25], "texture": "#13"},
				"up": {"uv": [0, 0, 0.375, 0.27344], "texture": "#13"},
				"down": {"uv": [0, 0, 0.375, 0.27344], "texture": "#13"}
			}
		},
		{
			"from": [9.52602, 15.125, 10.71356],
			"to": [10.27602, 15.625, 10.96356],
			"rotation": {"angle": -45, "axis": "y", "origin": [9.03938, 18.03197, 5.74055]},
			"faces": {
				"north": {"uv": [0, 0, 0.375, 0.25], "texture": "#13"},
				"east": {"uv": [0, 0, 0.125, 0.25], "texture": "#13"},
				"south": {"uv": [0, 0, 0.375, 0.25], "texture": "#13"},
				"west": {"uv": [0, 0, 0.125, 0.25], "texture": "#13"},
				"up": {"uv": [0, 0, 0.375, 0.125], "texture": "#13"},
				"down": {"uv": [0, 0, 0.375, 0.125], "texture": "#13"}
			}
		},
		{
			"from": [5.43652, 15.125, 10.3047],
			"to": [6.12402, 15.625, 10.64047],
			"rotation": {"angle": 0, "axis": "y", "origin": [9.03938, 18.03197, 5.74055]},
			"faces": {
				"north": {"uv": [0, 0, 0.34375, 0.25], "texture": "#13"},
				"east": {"uv": [0, 0, 0.125, 0.25], "texture": "#13"},
				"south": {"uv": [0, 0, 0.34375, 0.25], "texture": "#13"},
				"west": {"uv": [0, 0, 0.125, 0.25], "texture": "#13"},
				"up": {"uv": [0, 0, 0.34375, 0.125], "texture": "#13"},
				"down": {"uv": [0, 0, 0.34375, 0.125], "texture": "#13"}
			}
		},
		{
			"from": [6.83589, 15.125, 11.09936],
			"to": [7.58589, 15.625, 11.64624],
			"rotation": {"angle": -22.5, "axis": "y", "origin": [9.03938, 18.03197, 5.74055]},
			"faces": {
				"north": {"uv": [0, 0, 0.375, 0.25], "texture": "#13"},
				"east": {"uv": [0, 0, 0.27344, 0.25], "texture": "#13"},
				"south": {"uv": [0, 0, 0.375, 0.25], "texture": "#13"},
				"west": {"uv": [0, 0, 0.27344, 0.25], "texture": "#13"},
				"up": {"uv": [0, 0, 0.375, 0.27344], "texture": "#13"},
				"down": {"uv": [0, 0, 0.375, 0.27344], "texture": "#13"}
			}
		},
		{
			"from": [7.58589, 15.125, 11.09936],
			"to": [8.33589, 15.625, 11.39624],
			"rotation": {"angle": -22.5, "axis": "y", "origin": [9.03938, 18.03197, 5.74055]},
			"faces": {
				"north": {"uv": [0, 0, 0.375, 0.25], "texture": "#13"},
				"east": {"uv": [0, 0, 0.14844, 0.25], "texture": "#13"},
				"south": {"uv": [0, 0, 0.375, 0.25], "texture": "#13"},
				"west": {"uv": [0, 0, 0.14844, 0.25], "texture": "#13"},
				"up": {"uv": [0, 0, 0.375, 0.14844], "texture": "#13"},
				"down": {"uv": [0, 0, 0.375, 0.14844], "texture": "#13"}
			}
		},
		{
			"from": [7.58589, 15.125, 10.77124],
			"to": [8.33589, 15.625, 11.06811],
			"rotation": {"angle": -22.5, "axis": "y", "origin": [9.03938, 18.03197, 5.74055]},
			"faces": {
				"north": {"uv": [0, 0, 0.375, 0.25], "texture": "#13"},
				"east": {"uv": [0, 0, 0.14844, 0.25], "texture": "#13"},
				"south": {"uv": [0, 0, 0.375, 0.25], "texture": "#13"},
				"west": {"uv": [0, 0, 0.14844, 0.25], "texture": "#13"},
				"up": {"uv": [0, 0, 0.375, 0.14844], "texture": "#13"},
				"down": {"uv": [0, 0, 0.375, 0.14844], "texture": "#13"}
			}
		},
		{
			"name": "vice_13",
			"from": [0.39971, 13.2, 13.79971],
			"to": [0.79971, 17.2, 14.19971],
			"rotation": {"angle": 0, "axis": "y", "origin": [12.03938, 18.03197, 5.74055]},
			"faces": {
				"north": {"uv": [1, 1, 1.2, 3], "texture": "#13"},
				"east": {"uv": [1, 1, 1.2, 3], "texture": "#13"},
				"south": {"uv": [1, 1, 1.2, 3], "texture": "#13"},
				"west": {"uv": [1, 1, 1.2, 3], "texture": "#13"},
				"up": {"uv": [1, 1, 1.2, 1.2], "texture": "#13"},
				"down": {"uv": [1, 1, 1.2, 1.2], "texture": "#13"}
			}
		},
		{
			"name": "vice_12",
			"from": [0.19971, 16, 13.59971],
			"to": [1.03096, 16.8, 14.39971],
			"rotation": {"angle": 0, "axis": "y", "origin": [12.03938, 18.03197, 5.74055]},
			"faces": {
				"north": {"uv": [0, 0, 0.4, 0.4], "texture": "#13"},
				"east": {"uv": [0, 0, 0, 0], "texture": "#13"},
				"south": {"uv": [0, 0, 0.4, 0.4], "texture": "#13"},
				"west": {"uv": [0, 0, 0.4, 0.4], "texture": "#13"},
				"up": {"uv": [0, 0, 0.4, 0.4], "texture": "#13"},
				"down": {"uv": [0, 0, 0.4, 0.4], "rotation": 270, "texture": "#13"}
			}
		},
		{
			"from": [2.54247, 15.19834, 2.02252],
			"to": [3.54247, 16.19834, 3.02252],
			"rotation": {"angle": 0, "axis": "x", "origin": [9.03938, 18.03197, 5.74055]},
			"faces": {
				"north": {"uv": [0, 0, 1, 1], "rotation": 180, "texture": "#13"},
				"east": {"uv": [0, 0, 1, 1], "texture": "#13"},
				"south": {"uv": [0, 0, 1, 1], "texture": "#13"},
				"west": {"uv": [0, 0, 1, 1], "rotation": 270, "texture": "#13"},
				"up": {"uv": [0, 0, 1, 1], "texture": "#13"},
				"down": {"uv": [0, 0, 1, 1], "rotation": 180, "texture": "#13"}
			}
		},
		{
			"from": [2.79247, 16.19834, 2.27252],
			"to": [3.29247, 16.69834, 2.77252],
			"rotation": {"angle": 0, "axis": "x", "origin": [9.03938, 18.03197, 5.74055]},
			"faces": {
				"north": {"uv": [1, 0, 1.25, 0.25], "rotation": 180, "texture": "#13"},
				"east": {"uv": [0, 0, 0.25, 0.25], "texture": "#13"},
				"south": {"uv": [0, 0, 0.25, 0.25], "texture": "#13"},
				"west": {"uv": [0, 0, 0.25, 0.25], "rotation": 270, "texture": "#13"},
				"up": {"uv": [0, 0, 0.25, 0.25], "texture": "#13"},
				"down": {"uv": [0, 0, 0.25, 0.25], "rotation": 180, "texture": "#13"}
			}
		},
		{
			"from": [2.91747, 16.69834, 2.39752],
			"to": [3.16747, 18.19834, 2.64752],
			"rotation": {"angle": 0, "axis": "x", "origin": [9.03938, 18.03197, 5.74055]},
			"faces": {
				"north": {"uv": [0, 3, 0.125, 3.75], "rotation": 180, "texture": "#13"},
				"east": {"uv": [0, 0, 0.75, 0.125], "texture": "#13"},
				"south": {"uv": [0, 0, 0.125, 0.75], "texture": "#13"},
				"west": {"uv": [0, 0, 0.75, 0.125], "rotation": 270, "texture": "#13"},
				"up": {"uv": [0, 0, 0.125, 0.125], "texture": "#13"},
				"down": {"uv": [0, 0, 0.125, 0.125], "rotation": 180, "texture": "#13"}
			}
		},
		{
			"from": [10.37706, 15.25, 4.84937],
			"to": [10.87706, 16.5, 5.09937],
			"rotation": {"angle": -22.5, "axis": "y", "origin": [9.03938, 18.03197, 5.74055]},
			"faces": {
				"north": {"uv": [0, 0, 0.25, 0.625], "texture": "#8"},
				"east": {"uv": [0, 0, 0.125, 0.625], "texture": "#8"},
				"south": {"uv": [0, 0, 0.25, 0.625], "texture": "#8"},
				"west": {"uv": [0, 0, 0.125, 0.625], "texture": "#8"},
				"up": {"uv": [0, 0, 0.125, 0.25], "texture": "#8"},
				"down": {"uv": [0, 0, 0.125, 0.25], "rotation": 270, "texture": "#8"}
			}
		},
		{
			"from": [8.37706, 15.25, 4.84937],
			"to": [8.87706, 16.5, 5.09937],
			"rotation": {"angle": -22.5, "axis": "y", "origin": [9.03938, 18.03197, 5.74055]},
			"faces": {
				"north": {"uv": [0, 0, 0.25, 0.625], "texture": "#8"},
				"east": {"uv": [0, 0, 0.125, 0.625], "texture": "#8"},
				"south": {"uv": [0, 0, 0.25, 0.625], "texture": "#8"},
				"west": {"uv": [0, 0, 0.125, 0.625], "texture": "#8"},
				"up": {"uv": [0, 0, 0.125, 0.25], "texture": "#8"},
				"down": {"uv": [0, 0, 0.125, 0.25], "rotation": 270, "texture": "#8"}
			}
		},
		{
			"from": [7.87706, 15.25, 4.09937],
			"to": [8.12706, 16.5, 4.59937],
			"rotation": {"angle": -22.5, "axis": "y", "origin": [9.03938, 18.03197, 5.74055]},
			"faces": {
				"north": {"uv": [0, 0, 0.125, 0.625], "texture": "#8"},
				"east": {"uv": [0, 0, 0.25, 0.625], "texture": "#8"},
				"south": {"uv": [0, 0, 0.125, 0.625], "texture": "#8"},
				"west": {"uv": [0, 0, 0.25, 0.625], "texture": "#8"},
				"up": {"uv": [0, 0, 0.125, 0.25], "texture": "#8"},
				"down": {"uv": [0, 0, 0.125, 0.25], "texture": "#8"}
			}
		},
		{
			"from": [9.37706, 15.25, 4.84937],
			"to": [9.87706, 16.5, 5.09937],
			"rotation": {"angle": -22.5, "axis": "y", "origin": [9.03938, 18.03197, 5.74055]},
			"faces": {
				"north": {"uv": [0, 0, 0.25, 0.625], "texture": "#8"},
				"east": {"uv": [0, 0, 0.125, 0.625], "texture": "#8"},
				"south": {"uv": [0, 0, 0.25, 0.625], "texture": "#8"},
				"west": {"uv": [0, 0, 0.125, 0.625], "texture": "#8"},
				"up": {"uv": [0, 0, 0.125, 0.25], "texture": "#8"},
				"down": {"uv": [0, 0, 0.125, 0.25], "rotation": 270, "texture": "#8"}
			}
		},
		{
			"from": [11.37706, 15.25, 4.84937],
			"to": [11.87706, 16.5, 5.09937],
			"rotation": {"angle": -22.5, "axis": "y", "origin": [9.03938, 18.03197, 5.74055]},
			"faces": {
				"north": {"uv": [0, 0, 0.25, 0.625], "texture": "#8"},
				"east": {"uv": [0, 0, 0.125, 0.625], "texture": "#8"},
				"south": {"uv": [0, 0, 0.25, 0.625], "texture": "#8"},
				"west": {"uv": [0, 0, 0.125, 0.625], "texture": "#8"},
				"up": {"uv": [0, 0, 0.125, 0.25], "texture": "#8"},
				"down": {"uv": [0, 0, 0.125, 0.25], "rotation": 270, "texture": "#8"}
			}
		},
		{
			"from": [12.37706, 15.25, 4.84937],
			"to": [12.87706, 16.5, 5.09937],
			"rotation": {"angle": -22.5, "axis": "y", "origin": [9.03938, 18.03197, 5.74055]},
			"faces": {
				"north": {"uv": [0, 0, 0.25, 0.625], "texture": "#8"},
				"east": {"uv": [0, 0, 0.125, 0.625], "texture": "#8"},
				"south": {"uv": [0, 0, 0.25, 0.625], "texture": "#8"},
				"west": {"uv": [0, 0, 0.125, 0.625], "texture": "#8"},
				"up": {"uv": [0, 0, 0.125, 0.25], "texture": "#8"},
				"down": {"uv": [0, 0, 0.125, 0.25], "rotation": 270, "texture": "#8"}
			}
		},
		{
			"from": [13.37706, 15.25, 4.84937],
			"to": [13.87706, 16.5, 5.09937],
			"rotation": {"angle": -22.5, "axis": "y", "origin": [9.03938, 18.03197, 5.74055]},
			"faces": {
				"north": {"uv": [0, 0, 0.25, 0.625], "texture": "#8"},
				"east": {"uv": [0, 0, 0.125, 0.625], "texture": "#8"},
				"south": {"uv": [0, 0, 0.25, 0.625], "texture": "#8"},
				"west": {"uv": [0, 0, 0.125, 0.625], "texture": "#8"},
				"up": {"uv": [0, 0, 0.125, 0.25], "texture": "#8"},
				"down": {"uv": [0, 0, 0.125, 0.25], "rotation": 270, "texture": "#8"}
			}
		},
		{
			"from": [14.12706, 15.25, 4.09937],
			"to": [14.37706, 16.5, 4.59937],
			"rotation": {"angle": -22.5, "axis": "y", "origin": [9.03938, 18.03197, 5.74055]},
			"faces": {
				"north": {"uv": [0, 0, 0.125, 0.625], "texture": "#8"},
				"east": {"uv": [0, 0, 0.25, 0.625], "texture": "#8"},
				"south": {"uv": [0, 0, 0.125, 0.625], "texture": "#8"},
				"west": {"uv": [0, 0, 0.25, 0.625], "texture": "#8"},
				"up": {"uv": [0, 0, 0.125, 0.25], "texture": "#8"},
				"down": {"uv": [0, 0, 0.125, 0.25], "texture": "#8"}
			}
		},
		{
			"from": [14.12706, 15.25, 3.09937],
			"to": [14.37706, 16.5, 3.59937],
			"rotation": {"angle": -22.5, "axis": "y", "origin": [9.03938, 18.03197, 5.74055]},
			"faces": {
				"north": {"uv": [0, 0, 0.125, 0.625], "texture": "#8"},
				"east": {"uv": [0, 0, 0.25, 0.625], "texture": "#8"},
				"south": {"uv": [0, 0, 0.125, 0.625], "texture": "#8"},
				"west": {"uv": [0, 0, 0.25, 0.625], "texture": "#8"},
				"up": {"uv": [0, 0, 0.125, 0.25], "texture": "#8"},
				"down": {"uv": [0, 0, 0.125, 0.25], "texture": "#8"}
			}
		},
		{
			"from": [14.12706, 15.25, 2.09937],
			"to": [14.37706, 16.5, 2.59937],
			"rotation": {"angle": -22.5, "axis": "y", "origin": [9.03938, 18.03197, 5.74055]},
			"faces": {
				"north": {"uv": [0, 0, 0.125, 0.625], "texture": "#8"},
				"east": {"uv": [0, 0, 0.25, 0.625], "texture": "#8"},
				"south": {"uv": [0, 0, 0.125, 0.625], "texture": "#8"},
				"west": {"uv": [0, 0, 0.25, 0.625], "texture": "#8"},
				"up": {"uv": [0, 0, 0.125, 0.25], "texture": "#8"},
				"down": {"uv": [0, 0, 0.125, 0.25], "texture": "#8"}
			}
		},
		{
			"from": [13.37706, 15.25, 1.59937],
			"to": [13.87706, 16.5, 1.84937],
			"rotation": {"angle": -22.5, "axis": "y", "origin": [9.03938, 18.03197, 5.74055]},
			"faces": {
				"north": {"uv": [0, 0, 0.25, 0.625], "texture": "#8"},
				"east": {"uv": [0, 0, 0.125, 0.625], "texture": "#8"},
				"south": {"uv": [0, 0, 0.25, 0.625], "texture": "#8"},
				"west": {"uv": [0, 0, 0.125, 0.625], "texture": "#8"},
				"up": {"uv": [0, 0, 0.125, 0.25], "texture": "#8"},
				"down": {"uv": [0, 0, 0.125, 0.25], "rotation": 270, "texture": "#8"}
			}
		},
		{
			"from": [12.37706, 15.25, 1.59937],
			"to": [12.87706, 16.5, 1.84937],
			"rotation": {"angle": -22.5, "axis": "y", "origin": [9.03938, 18.03197, 5.74055]},
			"faces": {
				"north": {"uv": [0, 0, 0.25, 0.625], "texture": "#8"},
				"east": {"uv": [0, 0, 0.125, 0.625], "texture": "#8"},
				"south": {"uv": [0, 0, 0.25, 0.625], "texture": "#8"},
				"west": {"uv": [0, 0, 0.125, 0.625], "texture": "#8"},
				"up": {"uv": [0, 0, 0.125, 0.25], "texture": "#8"},
				"down": {"uv": [0, 0, 0.125, 0.25], "rotation": 270, "texture": "#8"}
			}
		},
		{
			"from": [11.37706, 15.25, 1.59937],
			"to": [11.87706, 16.5, 1.84937],
			"rotation": {"angle": -22.5, "axis": "y", "origin": [9.03938, 18.03197, 5.74055]},
			"faces": {
				"north": {"uv": [0, 0, 0.25, 0.625], "texture": "#8"},
				"east": {"uv": [0, 0, 0.125, 0.625], "texture": "#8"},
				"south": {"uv": [0, 0, 0.25, 0.625], "texture": "#8"},
				"west": {"uv": [0, 0, 0.125, 0.625], "texture": "#8"},
				"up": {"uv": [0, 0, 0.125, 0.25], "texture": "#8"},
				"down": {"uv": [0, 0, 0.125, 0.25], "rotation": 270, "texture": "#8"}
			}
		},
		{
			"from": [10.37706, 15.25, 1.59937],
			"to": [10.87706, 16.5, 1.84937],
			"rotation": {"angle": -22.5, "axis": "y", "origin": [9.03938, 18.03197, 5.74055]},
			"faces": {
				"north": {"uv": [0, 0, 0.25, 0.625], "texture": "#8"},
				"east": {"uv": [0, 0, 0.125, 0.625], "texture": "#8"},
				"south": {"uv": [0, 0, 0.25, 0.625], "texture": "#8"},
				"west": {"uv": [0, 0, 0.125, 0.625], "texture": "#8"},
				"up": {"uv": [0, 0, 0.125, 0.25], "texture": "#8"},
				"down": {"uv": [0, 0, 0.125, 0.25], "rotation": 270, "texture": "#8"}
			}
		},
		{
			"from": [9.37706, 15.25, 1.59937],
			"to": [9.87706, 16.5, 1.84937],
			"rotation": {"angle": -22.5, "axis": "y", "origin": [9.03938, 18.03197, 5.74055]},
			"faces": {
				"north": {"uv": [0, 0, 0.25, 0.625], "texture": "#8"},
				"east": {"uv": [0, 0, 0.125, 0.625], "texture": "#8"},
				"south": {"uv": [0, 0, 0.25, 0.625], "texture": "#8"},
				"west": {"uv": [0, 0, 0.125, 0.625], "texture": "#8"},
				"up": {"uv": [0, 0, 0.125, 0.25], "texture": "#8"},
				"down": {"uv": [0, 0, 0.125, 0.25], "rotation": 270, "texture": "#8"}
			}
		},
		{
			"from": [8.37706, 15.25, 1.59937],
			"to": [8.87706, 16.5, 1.84937],
			"rotation": {"angle": -22.5, "axis": "y", "origin": [9.03938, 18.03197, 5.74055]},
			"faces": {
				"north": {"uv": [0, 0, 0.25, 0.625], "texture": "#8"},
				"east": {"uv": [0, 0, 0.125, 0.625], "texture": "#8"},
				"south": {"uv": [0, 0, 0.25, 0.625], "texture": "#8"},
				"west": {"uv": [0, 0, 0.125, 0.625], "texture": "#8"},
				"up": {"uv": [0, 0, 0.125, 0.25], "texture": "#8"},
				"down": {"uv": [0, 0, 0.125, 0.25], "rotation": 270, "texture": "#8"}
			}
		},
		{
			"from": [7.87706, 15.25, 2.09937],
			"to": [8.12706, 16.5, 2.59937],
			"rotation": {"angle": -22.5, "axis": "y", "origin": [9.03938, 18.03197, 5.74055]},
			"faces": {
				"north": {"uv": [0, 0, 0.125, 0.625], "texture": "#8"},
				"east": {"uv": [0, 0, 0.25, 0.625], "texture": "#8"},
				"south": {"uv": [0, 0, 0.125, 0.625], "texture": "#8"},
				"west": {"uv": [0, 0, 0.25, 0.625], "texture": "#8"},
				"up": {"uv": [0, 0, 0.125, 0.25], "texture": "#8"},
				"down": {"uv": [0, 0, 0.125, 0.25], "texture": "#8"}
			}
		},
		{
			"from": [7.87706, 15.25, 3.09937],
			"to": [8.12706, 16.5, 3.59937],
			"rotation": {"angle": -22.5, "axis": "y", "origin": [9.03938, 18.03197, 5.74055]},
			"faces": {
				"north": {"uv": [0, 0, 0.125, 0.625], "texture": "#8"},
				"east": {"uv": [0, 0, 0.25, 0.625], "texture": "#8"},
				"south": {"uv": [0, 0, 0.125, 0.625], "texture": "#8"},
				"west": {"uv": [0, 0, 0.25, 0.625], "texture": "#8"},
				"up": {"uv": [0, 0, 0.125, 0.25], "texture": "#8"},
				"down": {"uv": [0, 0, 0.125, 0.25], "texture": "#8"}
			}
		},
		{
			"from": [8.12706, 15.25, 2.09937],
			"to": [8.37706, 16.5, 4.59937],
			"rotation": {"angle": -22.5, "axis": "y", "origin": [9.03938, 18.03197, 5.74055]},
			"faces": {
				"north": {"uv": [0, 0, 0.125, 0.625], "texture": "#8"},
				"east": {"uv": [0, 0, 1.25, 0.625], "texture": "#8"},
				"south": {"uv": [0, 0, 0.125, 0.625], "texture": "#8"},
				"west": {"uv": [0, 0, 1.25, 0.625], "texture": "#8"},
				"up": {"uv": [0, 0, 0.125, 1.25], "texture": "#8"},
				"down": {"uv": [0, 0, 0.125, 1.25], "texture": "#8"}
			}
		},
		{
			"from": [8.12706, 15.25, 1.84937],
			"to": [14.12706, 16.5, 2.09937],
			"rotation": {"angle": -22.5, "axis": "y", "origin": [9.03938, 18.03197, 5.74055]},
			"faces": {
				"north": {"uv": [0, 0, 3, 0.625], "texture": "#8"},
				"east": {"uv": [0, 0, 0.125, 0.625], "texture": "#8"},
				"south": {"uv": [0, 0, 3, 0.625], "texture": "#8"},
				"west": {"uv": [0, 0, 0.125, 0.625], "texture": "#8"},
				"up": {"uv": [0, 0, 0.125, 3], "texture": "#8"},
				"down": {"uv": [0, 0, 0.125, 3], "rotation": 270, "texture": "#8"}
			}
		},
		{
			"from": [13.87706, 15.25, 2.09937],
			"to": [14.12706, 16.5, 4.59937],
			"rotation": {"angle": -22.5, "axis": "y", "origin": [9.03938, 18.03197, 5.74055]},
			"faces": {
				"north": {"uv": [0, 0, 0.125, 0.625], "texture": "#8"},
				"east": {"uv": [0, 0, 1.25, 0.625], "texture": "#8"},
				"south": {"uv": [0, 0, 0.125, 0.625], "texture": "#8"},
				"west": {"uv": [0, 0, 1.25, 0.625], "texture": "#8"},
				"up": {"uv": [0, 0, 0.125, 1.25], "texture": "#8"},
				"down": {"uv": [0, 0, 0.125, 1.25], "texture": "#8"}
			}
		},
		{
			"from": [8.12706, 15.25, 4.59937],
			"to": [14.12706, 16.5, 4.84937],
			"rotation": {"angle": -22.5, "axis": "y", "origin": [9.03938, 18.03197, 5.74055]},
			"faces": {
				"north": {"uv": [0, 0, 3, 0.625], "texture": "#8"},
				"east": {"uv": [0, 0, 0.125, 0.625], "texture": "#8"},
				"south": {"uv": [0, 0, 3, 0.625], "texture": "#8"},
				"west": {"uv": [0, 0, 0.125, 0.625], "texture": "#8"},
				"up": {"uv": [0, 0, 0.125, 3], "texture": "#8"},
				"down": {"uv": [0, 0, 0.125, 3], "rotation": 270, "texture": "#8"}
			}
		},
		{
			"from": [7.62706, 16.5, 4.59937],
			"to": [14.62706, 16.75, 5.34937],
			"rotation": {"angle": -22.5, "axis": "y", "origin": [9.03938, 18.03197, 5.74055]},
			"faces": {
				"north": {"uv": [0, 0, 3.5, 0.125], "texture": "#8"},
				"east": {"uv": [0, 0, 0.375, 0.125], "texture": "#8"},
				"south": {"uv": [0, 0, 3.5, 0.125], "texture": "#8"},
				"west": {"uv": [0, 0, 0.375, 0.125], "texture": "#8"},
				"up": {"uv": [0, 0, 0.375, 3.5], "texture": "#8"},
				"down": {"uv": [0, 0, 0.375, 3.5], "rotation": 270, "texture": "#8"}
			}
		},
		{
			"from": [13.87706, 16.5, 2.09937],
			"to": [14.62706, 16.75, 4.59937],
			"rotation": {"angle": -22.5, "axis": "y", "origin": [9.03938, 18.03197, 5.74055]},
			"faces": {
				"north": {"uv": [0, 0, 0.375, 0.125], "texture": "#8"},
				"east": {"uv": [0, 0, 1.25, 0.125], "texture": "#8"},
				"south": {"uv": [0, 0, 0.375, 0.125], "texture": "#8"},
				"west": {"uv": [0, 0, 1.25, 0.125], "texture": "#8"},
				"up": {"uv": [0, 0, 0.375, 1.25], "texture": "#8"},
				"down": {"uv": [0, 0, 0.375, 1.25], "texture": "#8"}
			}
		},
		{
			"from": [7.62706, 16.5, 1.34937],
			"to": [14.62706, 16.75, 2.09937],
			"rotation": {"angle": -22.5, "axis": "y", "origin": [9.03938, 18.03197, 5.74055]},
			"faces": {
				"north": {"uv": [0, 0, 3.5, 0.125], "texture": "#8"},
				"east": {"uv": [0, 0, 0.375, 0.125], "texture": "#8"},
				"south": {"uv": [0, 0, 3.5, 0.125], "texture": "#8"},
				"west": {"uv": [0, 0, 0.375, 0.125], "texture": "#8"},
				"up": {"uv": [0, 0, 0.375, 3.5], "texture": "#8"},
				"down": {"uv": [0, 0, 0.375, 3.5], "rotation": 270, "texture": "#8"}
			}
		},
		{
			"from": [7.62706, 16.5, 2.09937],
			"to": [8.37706, 16.75, 4.59937],
			"rotation": {"angle": -22.5, "axis": "y", "origin": [9.03938, 18.03197, 5.74055]},
			"faces": {
				"north": {"uv": [0, 0, 0.375, 0.125], "texture": "#8"},
				"east": {"uv": [0, 0, 1.25, 0.125], "texture": "#8"},
				"south": {"uv": [0, 0, 0.375, 0.125], "texture": "#8"},
				"west": {"uv": [0, 0, 1.25, 0.125], "texture": "#8"},
				"up": {"uv": [0, 0, 0.375, 1.25], "texture": "#8"},
				"down": {"uv": [0, 0, 0.375, 1.25], "texture": "#8"}
			}
		},
		{
			"from": [8.12706, 15, 1.84937],
			"to": [14.12706, 15.25, 4.84937],
			"rotation": {"angle": -22.5, "axis": "y", "origin": [9.03938, 18.03197, 5.74055]},
			"faces": {
				"north": {"uv": [0, 0, 3, 0.125], "texture": "#8"},
				"east": {"uv": [0, 0, 1.5, 0.125], "texture": "#8"},
				"south": {"uv": [0, 0, 3, 0.125], "texture": "#8"},
				"west": {"uv": [0, 0, 1.5, 0.125], "texture": "#8"},
				"up": {"uv": [0, 0, 1.5, 3], "texture": "#8"},
				"down": {"uv": [0, 0, 1.5, 3], "rotation": 270, "texture": "#8"}
			}
		},
		{
			"from": [2.16747, 14.82334, 3.27252],
			"to": [3.91747, 16.57334, 6.52252],
			"rotation": {"angle": 0, "axis": "x", "origin": [9.03938, 18.03197, 5.74055]},
			"faces": {
				"north": {"uv": [0, 0, 4.5, 9.5], "rotation": 180, "texture": "#15"},
				"east": {"uv": [9, 0, 13.5, 9], "texture": "#15"},
				"south": {"uv": [0, 0, 4.5, 9], "texture": "#15"},
				"west": {"uv": [4.5, 0, 9, 9.5], "rotation": 270, "texture": "#15"},
				"up": {"uv": [0, 0, 4.5, 9.5], "texture": "#15"},
				"down": {"uv": [4.5, 0, 9, 9.5], "rotation": 180, "texture": "#15"}
			}
		},
		{
			"name": "top_1",
			"from": [0, 13, 0],
			"to": [16, 15, 16],
			"rotation": {"angle": 0, "axis": "y", "origin": [9.03938, 18.03197, 5.74055]},
			"faces": {
				"north": {"uv": [0, 0, 16, 2], "texture": "#9", "cullface": "north"},
				"east": {"uv": [0, 0, 16, 2], "texture": "#9", "cullface": "east"},
				"south": {"uv": [0, 0, 16, 2], "texture": "#9", "cullface": "south"},
				"west": {"uv": [0, 0, 16, 2], "texture": "#9", "cullface": "west"},
				"up": {"uv": [0, 0, 16, 16], "texture": "#9"},
				"down": {"uv": [0, 0, 16, 16], "texture": "#9"}
			}
		}
	],
	"display": {
		"thirdperson_righthand": {
			"rotation": [44.5, 0, 0],
			"translation": [0, 0.25, 0.25],
			"scale": [0.35, 0.35, 0.35]
		},
		"thirdperson_lefthand": {
			"rotation": [0, 180, 0],
			"translation": [-0.5, 4, 1],
			"scale": [0.5, 0.5, 0.5]
		},
		"firstperson_righthand": {
			"rotation": [23.81, 0.15, 5.62],
			"translation": [0.75, 0, -1.5],
			"scale": [0.6, 0.6, 0.6]
		},
		"firstperson_lefthand": {
			"rotation": [23.45, 4.38, 15.23],
			"translation": [0.75, 0, -1.5],
			"scale": [0.6, 0.6, 0.6]
		},
		"ground": {
			"scale": [0.35, 0.35, 0.35]
		},
		"gui": {
			"rotation": [89.39, -0.1, -2.76],
			"translation": [-0.25, 0, 0],
			"scale": [0.95, 0.95, 0.95]
		},
		"head": {
			"translation": [-0.5, 14.5, -1]
		},
		"fixed": {
			"translation": [0.5, 0, 3.5],
			"scale": [0.7, 0.7, 0.7]
		}
	},
	"groups": [
		{
			"name": "anvil",
			"origin": [13, 15, 7],
			"color": 0,
			"children": [
				0,
				1,
				2,
				3,
				{
					"name": "anvil",
					"origin": [9.03938, 18.03197, 5.74055],
					"color": 0,
					"children": [4, 5, 6, 7]
				},
				{
					"name": "anvil",
					"origin": [9.03938, 18.03197, 5.74055],
					"color": 0,
					"children": [8, 9]
				}
			]
		},
		{
			"name": "yellow_concrete",
			"origin": [0, 0, 0],
			"color": 0,
			"children": [
				10,
				11,
				12,
				13,
				14,
				15,
				16,
				{
					"name": "yellow_concrete",
					"origin": [9.03938, 18.03197, 5.74055],
					"color": 0,
					"children": [17, 18, 19]
				},
				{
					"name": "yellow_concrete",
					"origin": [9.03938, 18.03197, 5.74055],
					"color": 0,
					"children": [20, 21]
				}
			]
		},
		{
			"name": "gray_concrete",
			"origin": [0, 0, 0],
			"color": 0,
			"children": [
				{
					"name": "group",
					"origin": [9.03938, 18.03197, 5.74055],
					"color": 0,
					"children": [22, 23, 24, 25]
				},
				{
					"name": "gray_concrete",
					"origin": [9.03938, 18.03197, 5.74055],
					"color": 0,
					"children": [
						26,
						27,
						{
							"name": "gray_concrete",
							"origin": [9.03938, 18.03197, 5.74055],
							"color": 0,
							"children": [28, 29]
						},
						{
							"name": "gray_concrete",
							"origin": [0, 0, 0],
							"color": 0,
							"children": [
								{
									"name": "bottle",
									"origin": [0, 0, 0],
									"color": 0,
									"children": [30, 31]
								},
								{
									"name": "bottle",
									"origin": [0, 0, 0],
									"color": 0,
									"children": []
								}
							]
						},
						32
					]
				},
				{
					"name": "tool1",
					"origin": [0, 0, 0],
					"color": 0,
					"children": [
						{
							"name": "gray_concrete",
							"origin": [9.03938, 18.03197, 5.74055],
							"color": 0,
							"children": [33, 34, 35, 36]
						}
					]
				}
			]
		},
		{
			"name": "iron_block",
			"origin": [9.03938, 18.03197, 5.74055],
			"color": 0,
			"children": [
				{
					"name": "iron_block",
					"origin": [8, 8, 8],
					"color": 0,
					"children": [
						{
							"name": "AA",
							"origin": [0, 0, 0],
							"color": 0,
							"children": []
						},
						{
							"name": "AA",
							"origin": [0, 0, 0],
							"color": 0,
							"children": []
						},
						{
							"name": "AA",
							"origin": [0, 0, 0],
							"color": 0,
							"children": []
						},
						{
							"name": "AA",
							"origin": [0, 0, 0],
							"color": 0,
							"children": []
						},
						{
							"name": "AA",
							"origin": [0, 0, 0],
							"color": 0,
							"children": []
						},
						{
							"name": "AA",
							"origin": [0, 0, 0],
							"color": 0,
							"children": []
						},
						{
							"name": "AA",
							"origin": [0, 0, 0],
							"color": 0,
							"children": []
						},
						{
							"name": "iron_block",
							"origin": [0, 0, 0.04688],
							"color": 0,
							"children": [37, 38, 39, 40, 41, 42, 43]
						},
						44,
						45,
						{
							"name": "group",
							"origin": [9.03938, 18.03197, 5.74055],
							"color": 0,
							"children": [46, 47]
						}
					]
				},
				48
			]
		},
		{
			"name": "light_gray_concrete",
			"origin": [0, 0, 0],
			"color": 0,
			"children": [
				{
					"name": "group",
					"origin": [0, 0, 0],
					"color": 0,
					"children": [49, 50, 51, 52, 53, 54, 55, 56, 57, 58, 59, 60, 61, 62, 63, 64, 65, 66, 67, 68, 69, 70, 71, 72, 73, 74]
				},
				75
			]
		},
		{
			"name": "bottle_pattern",
			"origin": [9.03938, 18.03197, 5.74055],
			"color": 0,
			"children": [76]
		},
		{
			"name": ".45_box-only_adjusted",
			"origin": [8, 8, 8],
			"color": 0,
			"children": []
		},
		{
			"name": "9mm_box_only",
			"origin": [8, 8, 8],
			"color": 0,
			"children": []
		},
		{
			"name": "10_gauge_box-only",
			"origin": [8, 8, 8],
			"color": 0,
			"children": []
		},
		{
			"name": "magnum_box-only",
			"origin": [8, 8, 8],
			"color": 0,
			"children": []
		},
		{
			"name": "9mm_box_only",
			"origin": [8, 8, 8],
			"color": 0,
			"children": []
		},
		{
			"name": "stripped_oak_log",
			"origin": [9.03938, 18.03197, 5.74055],
			"color": 0,
			"children": [77]
		},
		{
			"name": "oak",
			"origin": [9.03938, 18.03197, 5.74055],
			"color": 0,
			"children": []
		}
	],
	"loader": "forge:obj",
	"model": "tac:models/special/obj_test/m4_body.obj",
	"flip-v": true
}