{"providers":[{"type":"bitmap","file":"happyhud:font/assets/death-message/outline.png","height":12,"ascent":-124500,"chars":[""]},{"type":"bitmap","file":"happyhud:font/assets/death-message/icon.png","height":16,"ascent":-129500,"chars":[""]},{"type":"bitmap","file":"happyhud:font/assets/death-message/outline.png","height":12,"ascent":-130500,"chars":[""]},{"type":"bitmap","file":"happyhud:font/assets/death-message/icon.png","height":16,"ascent":-135500,"chars":[""]},{"type":"bitmap","file":"happyhud:font/assets/death-message/outline.png","height":12,"ascent":-136500,"chars":[""]},{"type":"bitmap","file":"happyhud:font/assets/death-message/icon.png","height":16,"ascent":-141500,"chars":[""]},{"type":"bitmap","file":"happyhud:font/assets/death-message/outline.png","height":12,"ascent":-142500,"chars":[""]},{"type":"bitmap","file":"happyhud:font/assets/death-message/icon.png","height":16,"ascent":-147500,"chars":[""]},{"type":"bitmap","file":"happyhud:font/assets/death-message/outline.png","height":12,"ascent":-148500,"chars":[""]},{"type":"bitmap","file":"happyhud:font/assets/death-message/icon.png","height":16,"ascent":-153500,"chars":[""]}]}