{
	"credit": "Made with Blockbench",
	"ambientocclusion": false,
	"textures": {
		"2": "block/color/municoes/ppsh_bolt",
		"7": "block/color/municoes/rpg_green"
	},
	"elements": [
		{
			"name": "octagon",
			"from": [7.81216, -0.2123, 7.53755],
			"to": [8.18784, 15.07556, 8.44449],
			"rotation": {"angle": -22.5, "axis": "y", "origin": [8, 8.45385, 7.99102]},
			"faces": {
				"north": {"uv": [0, 0, 0.37567, 15.28786], "rotation": 180, "texture": "#7"},
				"south": {"uv": [0, 0, 0.37567, 15.28786], "texture": "#7"},
				"down": {"uv": [0, 0, 0.37567, 0.90695], "texture": "#7"}
			}
		},
		{
			"name": "octagon",
			"from": [7.81216, -0.2123, 7.53755],
			"to": [8.18784, 15.07556, 8.44449],
			"rotation": {"angle": 22.5, "axis": "y", "origin": [8, 8.45385, 7.99102]},
			"faces": {
				"north": {"uv": [0, 0, 0.37567, 15.28786], "rotation": 180, "texture": "#7"},
				"south": {"uv": [0, 0, 0.37567, 15.28786], "texture": "#7"},
				"down": {"uv": [0, 0, 0.37567, 0.90695], "texture": "#7"}
			}
		},
		{
			"name": "octagon",
			"from": [7.54653, -0.2123, 7.80318],
			"to": [8.45347, 15.07556, 8.17885],
			"rotation": {"angle": -22.5, "axis": "y", "origin": [8, 8.45385, 7.99102]},
			"faces": {
				"east": {"uv": [0, 0, 15.28786, 0.37567], "rotation": 270, "texture": "#7"},
				"west": {"uv": [0, 0, 15.28786, 0.37567], "rotation": 90, "texture": "#7"},
				"down": {"uv": [0, 0, 0.90695, 0.37567], "texture": "#7"}
			}
		},
		{
			"name": "octagon",
			"from": [7.54653, -0.2123, 7.80318],
			"to": [8.45347, 15.07556, 8.17885],
			"rotation": {"angle": 22.5, "axis": "y", "origin": [8, 8.45385, 7.99102]},
			"faces": {
				"east": {"uv": [0, 0, 15.28786, 0.37567], "rotation": 270, "texture": "#7"},
				"west": {"uv": [0, 0, 15.28786, 0.37567], "rotation": 90, "texture": "#7"},
				"down": {"uv": [0, 0, 0.90695, 0.37567], "texture": "#7"}
			}
		},
		{
			"name": "octagon",
			"from": [7.6921, 9.41982, 7.23115],
			"to": [8.30796, 15.16016, 8.71795],
			"rotation": {"angle": -22.5, "axis": "y", "origin": [8, 16.95376, 7.97447]},
			"faces": {
				"north": {"uv": [0, 0, 0.61586, 5.74034], "rotation": 180, "texture": "#7"},
				"south": {"uv": [0, 0, 0.61586, 5.74034], "texture": "#7"},
				"west": {"uv": [0, 0, 5.74034, 1.4868], "rotation": 90, "texture": "#7"},
				"down": {"uv": [0, 0, 0.61586, 1.4868], "texture": "#7"}
			}
		},
		{
			"name": "octagon",
			"from": [7.69204, 9.41982, 7.23115],
			"to": [8.3079, 15.16016, 8.71795],
			"rotation": {"angle": 22.5, "axis": "y", "origin": [8, 16.95376, 7.97447]},
			"faces": {
				"north": {"uv": [0, 0, 0.61586, 5.74034], "rotation": 180, "texture": "#7"},
				"east": {"uv": [0, 0, 5.74034, 1.4868], "rotation": 270, "texture": "#7"},
				"south": {"uv": [0, 0, 0.61586, 5.74034], "texture": "#7"},
				"down": {"uv": [0, 0, 0.61586, 1.4868], "texture": "#7"}
			}
		},
		{
			"name": "octagon",
			"from": [7.25663, 9.41982, 7.66662],
			"to": [8.74343, 15.16016, 8.28247],
			"rotation": {"angle": -22.5, "axis": "y", "origin": [8, 16.95376, 7.97447]},
			"faces": {
				"east": {"uv": [0, 0, 5.74034, 0.61585], "rotation": 270, "texture": "#7"},
				"west": {"uv": [0, 0, 5.74034, 0.61585], "rotation": 90, "texture": "#7"},
				"down": {"uv": [0, 0, 1.4868, 0.61585], "texture": "#7"}
			}
		},
		{
			"name": "octagon",
			"from": [7.25657, 9.41982, 7.66662],
			"to": [8.74337, 15.16016, 8.28247],
			"rotation": {"angle": 22.5, "axis": "y", "origin": [8, 16.95376, 7.97447]},
			"faces": {
				"east": {"uv": [0, 0, 5.74034, 0.61585], "rotation": 270, "texture": "#7"},
				"west": {"uv": [0, 0, 5.74034, 0.61585], "rotation": 90, "texture": "#7"},
				"down": {"uv": [0, 0, 1.4868, 0.61585], "texture": "#7"}
			}
		},
		{
			"name": "octagon",
			"from": [7.40975, 15.03062, 6.54947],
			"to": [8.59025, 16.22062, 9.39947],
			"rotation": {"angle": -22.5, "axis": "y", "origin": [8, 16.95376, 7.97447]},
			"faces": {
				"north": {"uv": [0, 0, 1.1805, 1.19], "rotation": 180, "texture": "#7"},
				"east": {"uv": [0, 0, 1.19, 2.85], "rotation": 270, "texture": "#7"},
				"south": {"uv": [0, 0, 1.1805, 1.19], "texture": "#7"},
				"west": {"uv": [0, 0, 1.19, 2.85], "rotation": 90, "texture": "#7"},
				"up": {"uv": [0, 0, 1.1805, 2.85], "rotation": 180, "texture": "#7"},
				"down": {"uv": [0, 0, 1.1805, 2.85], "texture": "#7"}
			}
		},
		{
			"name": "octagon",
			"from": [7.40975, 15.03062, 6.54947],
			"to": [8.59025, 16.22062, 9.39947],
			"rotation": {"angle": 22.5, "axis": "y", "origin": [8, 16.95376, 7.97447]},
			"faces": {
				"north": {"uv": [0, 0, 1.1805, 1.19], "rotation": 180, "texture": "#7"},
				"east": {"uv": [0, 0, 1.19, 2.85], "rotation": 270, "texture": "#7"},
				"south": {"uv": [0, 0, 1.1805, 1.19], "texture": "#7"},
				"west": {"uv": [0, 0, 1.19, 2.85], "rotation": 90, "texture": "#7"},
				"up": {"uv": [0, 0, 1.1805, 2.85], "rotation": 180, "texture": "#7"},
				"down": {"uv": [0, 0, 1.1805, 2.85], "texture": "#7"}
			}
		},
		{
			"name": "octagon",
			"from": [6.575, 15.03062, 7.38421],
			"to": [9.425, 16.22062, 8.56472],
			"rotation": {"angle": -22.5, "axis": "y", "origin": [8, 16.95376, 7.97447]},
			"faces": {
				"east": {"uv": [0, 0, 1.19, 1.18051], "rotation": 270, "texture": "#7"},
				"south": {"uv": [0, 0, 2.85, 1.19], "texture": "#7"},
				"west": {"uv": [0, 0, 1.19, 1.18051], "rotation": 90, "texture": "#7"},
				"up": {"uv": [0, 0, 2.85, 1.18051], "rotation": 180, "texture": "#7"},
				"down": {"uv": [0, 0, 2.85, 1.18051], "texture": "#7"}
			}
		},
		{
			"name": "octagon",
			"from": [6.575, 15.03062, 7.38421],
			"to": [9.425, 16.22062, 8.56472],
			"rotation": {"angle": 22.5, "axis": "y", "origin": [8, 16.95376, 7.97447]},
			"faces": {
				"east": {"uv": [0, 0, 1.19, 1.18051], "rotation": 270, "texture": "#7"},
				"south": {"uv": [0, 0, 2.85, 1.19], "texture": "#7"},
				"west": {"uv": [0, 0, 1.19, 1.18051], "rotation": 90, "texture": "#7"},
				"up": {"uv": [0, 0, 2.85, 1.18051], "rotation": 180, "texture": "#7"},
				"down": {"uv": [0, 0, 2.85, 1.18051], "texture": "#7"}
			}
		},
		{
			"name": "octagon",
			"from": [7.48058, 14.11862, 6.72047],
			"to": [8.51942, 17.24662, 9.22847],
			"rotation": {"angle": -22.5, "axis": "y", "origin": [8, 16.95376, 7.97447]},
			"faces": {
				"north": {"uv": [0, 0, 1.03884, 3.128], "rotation": 180, "texture": "#7"},
				"south": {"uv": [0, 0, 1.03884, 3.128], "texture": "#7"},
				"up": {"uv": [0, 0, 1.03884, 2.508], "rotation": 180, "texture": "#7"},
				"down": {"uv": [0, 0, 1.03884, 2.508], "texture": "#7"}
			}
		},
		{
			"name": "octagon",
			"from": [7.48058, 14.11862, 6.72047],
			"to": [8.51942, 17.24662, 9.22847],
			"rotation": {"angle": 22.5, "axis": "y", "origin": [8, 16.95376, 7.97447]},
			"faces": {
				"north": {"uv": [0, 0, 1.03884, 3.128], "rotation": 180, "texture": "#7"},
				"south": {"uv": [0, 0, 1.03884, 3.128], "texture": "#7"},
				"up": {"uv": [0, 0, 1.03884, 2.508], "rotation": 180, "texture": "#7"},
				"down": {"uv": [0, 0, 1.03884, 2.508], "texture": "#7"}
			}
		},
		{
			"name": "octagon",
			"from": [6.746, 14.11862, 7.45504],
			"to": [9.254, 17.24662, 8.49389],
			"rotation": {"angle": -22.5, "axis": "y", "origin": [8, 16.95376, 7.97447]},
			"faces": {
				"east": {"uv": [0, 0, 3.128, 1.03885], "rotation": 270, "texture": "#7"},
				"west": {"uv": [0, 0, 3.128, 1.03885], "rotation": 90, "texture": "#7"},
				"up": {"uv": [0, 0, 2.508, 1.03885], "rotation": 180, "texture": "#7"},
				"down": {"uv": [0, 0, 2.508, 1.03885], "texture": "#7"}
			}
		},
		{
			"name": "octagon",
			"from": [6.746, 14.11862, 7.45504],
			"to": [9.254, 17.24662, 8.49389],
			"rotation": {"angle": 22.5, "axis": "y", "origin": [8, 16.95376, 7.97447]},
			"faces": {
				"east": {"uv": [0, 0, 3.128, 1.03885], "rotation": 270, "texture": "#7"},
				"west": {"uv": [0, 0, 3.128, 1.03885], "rotation": 90, "texture": "#7"},
				"up": {"uv": [0, 0, 2.508, 1.03885], "rotation": 180, "texture": "#7"},
				"down": {"uv": [0, 0, 2.508, 1.03885], "texture": "#7"}
			}
		},
		{
			"name": "octagon",
			"from": [7.55141, 13.20662, 6.89147],
			"to": [8.44859, 18.27262, 9.05747],
			"rotation": {"angle": -22.5, "axis": "y", "origin": [8, 16.95376, 7.97447]},
			"faces": {
				"north": {"uv": [0, 0, 0.89718, 5.066], "rotation": 180, "texture": "#7"},
				"south": {"uv": [0, 0, 0.89718, 5.066], "texture": "#7"},
				"up": {"uv": [0, 0, 0.89718, 2.166], "rotation": 180, "texture": "#7"},
				"down": {"uv": [0, 0, 0.89718, 2.166], "texture": "#7"}
			}
		},
		{
			"name": "octagon",
			"from": [6.917, 13.20662, 7.52587],
			"to": [9.083, 18.27262, 8.42306],
			"rotation": {"angle": 22.5, "axis": "y", "origin": [8, 16.95376, 7.97447]},
			"faces": {
				"east": {"uv": [0, 0, 0.89719, 5.066], "rotation": 180, "texture": "#7"},
				"west": {"uv": [0, 0, 0.89719, 5.066], "texture": "#7"},
				"up": {"uv": [0, 0, 0.89719, 2.166], "rotation": 270, "texture": "#7"},
				"down": {"uv": [0, 0, 0.89719, 2.166], "rotation": 270, "texture": "#7"}
			}
		},
		{
			"name": "octagon",
			"from": [6.917, 13.20662, 7.52587],
			"to": [9.083, 18.27262, 8.42306],
			"rotation": {"angle": -22.5, "axis": "y", "origin": [8, 16.95376, 7.97447]},
			"faces": {
				"east": {"uv": [0, 0, 0.89719, 5.066], "rotation": 180, "texture": "#7"},
				"west": {"uv": [0, 0, 0.89719, 5.066], "texture": "#7"},
				"up": {"uv": [0, 0, 0.89719, 2.166], "rotation": 270, "texture": "#7"},
				"down": {"uv": [0, 0, 0.89719, 2.166], "rotation": 270, "texture": "#7"}
			}
		},
		{
			"name": "octagon",
			"from": [7.55141, 13.20662, 6.89147],
			"to": [8.44859, 18.27262, 9.05747],
			"rotation": {"angle": 22.5, "axis": "y", "origin": [8, 16.95376, 7.97447]},
			"faces": {
				"north": {"uv": [0, 0, 0.89718, 5.066], "rotation": 180, "texture": "#7"},
				"south": {"uv": [0, 0, 0.89718, 5.066], "texture": "#7"},
				"up": {"uv": [0, 0, 0.89718, 2.166], "rotation": 180, "texture": "#7"},
				"down": {"uv": [0, 0, 0.89718, 2.166], "texture": "#7"}
			}
		},
		{
			"name": "octagon",
			"from": [7.62224, 12.27212, 7.06247],
			"to": [8.37776, 19.29862, 8.88647],
			"rotation": {"angle": -22.5, "axis": "y", "origin": [8, 16.95376, 7.97447]},
			"faces": {
				"north": {"uv": [0, 0, 0.75552, 7.0265], "rotation": 180, "texture": "#7"},
				"south": {"uv": [0, 0, 0.75552, 7.0265], "texture": "#7"},
				"up": {"uv": [0, 0, 0.75552, 1.824], "rotation": 180, "texture": "#7"},
				"down": {"uv": [0, 0, 0.75552, 1.824], "texture": "#7"}
			}
		},
		{
			"name": "octagon",
			"from": [7.62224, 12.27212, 7.06247],
			"to": [8.37776, 19.29862, 8.88647],
			"rotation": {"angle": 22.5, "axis": "y", "origin": [8, 16.95376, 7.97447]},
			"faces": {
				"north": {"uv": [0, 0, 0.75552, 7.0265], "rotation": 180, "texture": "#7"},
				"south": {"uv": [0, 0, 0.75552, 7.0265], "texture": "#7"},
				"up": {"uv": [0, 0, 0.75552, 1.824], "rotation": 180, "texture": "#7"},
				"down": {"uv": [0, 0, 0.75552, 1.824], "texture": "#7"}
			}
		},
		{
			"name": "octagon",
			"from": [7.088, 12.27212, 7.5967],
			"to": [8.912, 19.29862, 8.35223],
			"rotation": {"angle": -22.5, "axis": "y", "origin": [8, 16.95376, 7.97447]},
			"faces": {
				"east": {"uv": [0, 0, 7.0265, 0.75553], "rotation": 270, "texture": "#7"},
				"west": {"uv": [0, 0, 7.0265, 0.75553], "rotation": 90, "texture": "#7"},
				"up": {"uv": [0, 0, 1.824, 0.75553], "rotation": 180, "texture": "#7"},
				"down": {"uv": [0, 0, 1.824, 0.75553], "texture": "#7"}
			}
		},
		{
			"name": "octagon",
			"from": [7.088, 12.27212, 7.5967],
			"to": [8.912, 19.29862, 8.35223],
			"rotation": {"angle": 22.5, "axis": "y", "origin": [8, 16.95376, 7.97447]},
			"faces": {
				"east": {"uv": [0, 0, 7.0265, 0.75553], "rotation": 270, "texture": "#7"},
				"west": {"uv": [0, 0, 7.0265, 0.75553], "rotation": 90, "texture": "#7"},
				"up": {"uv": [0, 0, 1.824, 0.75553], "rotation": 180, "texture": "#7"},
				"down": {"uv": [0, 0, 1.824, 0.75553], "texture": "#7"}
			}
		},
		{
			"name": "octagon",
			"from": [7.69307, 18.61462, 7.23347],
			"to": [8.30693, 20.43862, 8.71547],
			"rotation": {"angle": -22.5, "axis": "y", "origin": [8, 16.95376, 7.97447]},
			"faces": {
				"north": {"uv": [0, 0, 0.61386, 1.824], "rotation": 180, "texture": "#7"},
				"south": {"uv": [0, 0, 0.61386, 1.824], "texture": "#7"},
				"up": {"uv": [0, 0, 0.61386, 1.482], "rotation": 180, "texture": "#7"}
			}
		},
		{
			"name": "octagon",
			"from": [7.69307, 18.61462, 7.23347],
			"to": [8.30693, 20.43862, 8.71547],
			"rotation": {"angle": 22.5, "axis": "y", "origin": [8, 16.95376, 7.97447]},
			"faces": {
				"north": {"uv": [0, 0, 0.61386, 1.824], "rotation": 180, "texture": "#7"},
				"south": {"uv": [0, 0, 0.61386, 1.824], "texture": "#7"},
				"up": {"uv": [0, 0, 0.61386, 1.482], "rotation": 180, "texture": "#7"}
			}
		},
		{
			"name": "octagon",
			"from": [7.259, 18.61462, 7.66753],
			"to": [8.741, 20.43862, 8.2814],
			"rotation": {"angle": -22.5, "axis": "y", "origin": [8, 16.95376, 7.97447]},
			"faces": {
				"east": {"uv": [0, 0, 1.824, 0.61387], "rotation": 270, "texture": "#7"},
				"west": {"uv": [0, 0, 1.824, 0.61387], "rotation": 90, "texture": "#7"},
				"up": {"uv": [0, 0, 1.482, 0.61387], "rotation": 180, "texture": "#7"}
			}
		},
		{
			"name": "octagon",
			"from": [7.259, 18.61462, 7.66753],
			"to": [8.741, 20.43862, 8.2814],
			"rotation": {"angle": 22.5, "axis": "y", "origin": [8, 16.95376, 7.97447]},
			"faces": {
				"east": {"uv": [0, 0, 1.824, 0.61387], "rotation": 270, "texture": "#7"},
				"west": {"uv": [0, 0, 1.824, 0.61387], "rotation": 90, "texture": "#7"},
				"up": {"uv": [0, 0, 1.482, 0.61387], "rotation": 180, "texture": "#7"}
			}
		},
		{
			"name": "octagon",
			"from": [7.7639, 18.27262, 7.40447],
			"to": [8.2361, 21.12262, 8.54447],
			"rotation": {"angle": -22.5, "axis": "y", "origin": [8, 16.95376, 7.97447]},
			"faces": {
				"north": {"uv": [0, 0, 0.4722, 2.85], "rotation": 180, "texture": "#7"},
				"south": {"uv": [0, 0, 0.4722, 2.85], "texture": "#7"},
				"up": {"uv": [0, 0, 0.4722, 1.14], "rotation": 180, "texture": "#7"}
			}
		},
		{
			"name": "octagon",
			"from": [7.7639, 18.27262, 7.40447],
			"to": [8.2361, 21.12262, 8.54447],
			"rotation": {"angle": 22.5, "axis": "y", "origin": [8, 16.95376, 7.97447]},
			"faces": {
				"north": {"uv": [0, 0, 0.4722, 2.85], "rotation": 180, "texture": "#7"},
				"south": {"uv": [0, 0, 0.4722, 2.85], "texture": "#7"},
				"up": {"uv": [0, 0, 0.4722, 1.14], "rotation": 180, "texture": "#7"}
			}
		},
		{
			"name": "octagon",
			"from": [7.43, 18.27262, 7.73837],
			"to": [8.57, 21.12262, 8.21057],
			"rotation": {"angle": -22.5, "axis": "y", "origin": [8, 16.95376, 7.97447]},
			"faces": {
				"east": {"uv": [0, 0, 2.85, 0.4722], "rotation": 270, "texture": "#7"},
				"west": {"uv": [0, 0, 2.85, 0.4722], "rotation": 90, "texture": "#7"},
				"up": {"uv": [0, 0, 1.14, 0.4722], "rotation": 180, "texture": "#7"}
			}
		},
		{
			"name": "octagon",
			"from": [7.43, 18.27262, 7.73837],
			"to": [8.57, 21.12262, 8.21057],
			"rotation": {"angle": 22.5, "axis": "y", "origin": [8, 16.95376, 7.97447]},
			"faces": {
				"east": {"uv": [0, 0, 2.85, 0.4722], "rotation": 270, "texture": "#7"},
				"west": {"uv": [0, 0, 2.85, 0.4722], "rotation": 90, "texture": "#7"},
				"up": {"uv": [0, 0, 1.14, 0.4722], "rotation": 180, "texture": "#7"}
			}
		},
		{
			"name": "octagon",
			"from": [7.75985, 9.25862, 8.60147],
			"to": [8.24015, 10.89412, 9.28547],
			"rotation": {"angle": -22.5, "axis": "x", "origin": [8, 9.48662, 7.97447]},
			"faces": {
				"north": {"uv": [0, 0, 0.4803, 1.6355], "rotation": 180, "texture": "#7"},
				"east": {"uv": [0, 0, 1.6355, 0.684], "rotation": 270, "texture": "#7"},
				"south": {"uv": [0, 0, 0.4803, 1.6355], "texture": "#7"},
				"west": {"uv": [0, 0, 1.6355, 0.684], "rotation": 90, "texture": "#7"},
				"up": {"uv": [0, 0, 0.4803, 0.684], "rotation": 180, "texture": "#7"},
				"down": {"uv": [0, 0, 0.4803, 0.684], "texture": "#7"}
			}
		},
		{
			"name": "octagon",
			"from": [7.75985, 9.25862, 6.66347],
			"to": [8.24015, 10.89412, 7.34747],
			"rotation": {"angle": 22.5, "axis": "x", "origin": [8, 9.48662, 7.97447]},
			"faces": {
				"north": {"uv": [0, 1.6355, 0.4803, 0], "rotation": 180, "texture": "#7"},
				"east": {"uv": [0, 0.684, 1.6355, 0], "rotation": 270, "texture": "#7"},
				"south": {"uv": [0, 1.6355, 0.4803, 0], "texture": "#7"},
				"west": {"uv": [0, 0.684, 1.6355, 0], "rotation": 90, "texture": "#7"},
				"up": {"uv": [0, 0.684, 0.4803, 0], "rotation": 180, "texture": "#7"},
				"down": {"uv": [0, 0.684, 0.4803, 0], "texture": "#7"}
			}
		},
		{
			"name": "octagon",
			"from": [8.43617, 10.00026, 7.73075],
			"to": [9.18267, 11.76076, 8.21105],
			"rotation": {"angle": 22.5, "axis": "z", "origin": [9.80967, 10.22826, 7.9709]},
			"faces": {
				"north": {"uv": [0, 0.7465, 1.7605, 0], "rotation": 270, "texture": "#7"},
				"east": {"uv": [0, 1.7605, 0.4803, 0], "texture": "#7"},
				"south": {"uv": [0, 0.7465, 1.7605, 0], "rotation": 90, "texture": "#7"},
				"west": {"uv": [0, 1.7605, 0.4803, 0], "rotation": 180, "texture": "#7"},
				"up": {"uv": [0, 0.7465, 0.4803, 0], "rotation": 90, "texture": "#7"},
				"down": {"uv": [0, 0.7465, 0.4803, 0], "rotation": 90, "texture": "#7"}
			}
		},
		{
			"name": "octagon",
			"from": [6.81733, 10.00026, 7.73075],
			"to": [7.56383, 11.76076, 8.21105],
			"rotation": {"angle": -22.5, "axis": "z", "origin": [6.19033, 10.22826, 7.9709]},
			"faces": {
				"north": {"uv": [0, 0, 1.7605, 0.7465], "rotation": 270, "texture": "#7"},
				"east": {"uv": [0, 0, 0.4803, 1.7605], "texture": "#7"},
				"south": {"uv": [0, 0, 1.7605, 0.7465], "rotation": 90, "texture": "#7"},
				"west": {"uv": [0, 0, 0.4803, 1.7605], "rotation": 180, "texture": "#7"},
				"up": {"uv": [0, 0, 0.4803, 0.7465], "rotation": 90, "texture": "#7"},
				"down": {"uv": [0, 0, 0.4803, 0.7465], "rotation": 90, "texture": "#7"}
			}
		},
		{
			"name": "octagon",
			"from": [7.62608, 20.70652, 7.81958],
			"to": [8.37392, 21.85872, 8.12935],
			"rotation": {"angle": -22.5, "axis": "y", "origin": [8, 16.95376, 7.97447]},
			"faces": {
				"east": {"uv": [0, 0, 1.71, 0.37776], "rotation": 270, "texture": "#2"},
				"west": {"uv": [0, 0, 1.71, 0.37776], "rotation": 90, "texture": "#2"},
				"up": {"uv": [0, 0, 0.912, 0.37776], "rotation": 180, "texture": "#2"}
			}
		},
		{
			"name": "octagon",
			"from": [7.84511, 20.70652, 7.60055],
			"to": [8.15488, 21.85872, 8.34839],
			"rotation": {"angle": -22.5, "axis": "y", "origin": [8, 16.95376, 7.97447]},
			"faces": {
				"north": {"uv": [0, 0, 0.37776, 1.71], "rotation": 180, "texture": "#2"},
				"south": {"uv": [0, 0, 0.37776, 1.71], "texture": "#2"},
				"up": {"uv": [0, 0, 0.37776, 0.912], "rotation": 180, "texture": "#2"}
			}
		},
		{
			"name": "octagon",
			"from": [7.62608, 20.70652, 7.81958],
			"to": [8.37392, 21.85872, 8.12935],
			"rotation": {"angle": 22.5, "axis": "y", "origin": [8, 16.95376, 7.97447]},
			"faces": {
				"east": {"uv": [0, 0, 1.71, 0.37776], "rotation": 270, "texture": "#2"},
				"west": {"uv": [0, 0, 1.71, 0.37776], "rotation": 90, "texture": "#2"},
				"up": {"uv": [0, 0, 0.912, 0.37776], "rotation": 180, "texture": "#2"}
			}
		},
		{
			"name": "octagon",
			"from": [7.84512, 20.70652, 7.60055],
			"to": [8.15489, 21.85872, 8.34839],
			"rotation": {"angle": 22.5, "axis": "y", "origin": [8, 16.95376, 7.97447]},
			"faces": {
				"north": {"uv": [0, 0, 0.37776, 1.71], "rotation": 180, "texture": "#2"},
				"south": {"uv": [0, 0, 0.37776, 1.71], "texture": "#2"},
				"up": {"uv": [0, 0, 0.37776, 0.912], "rotation": 180, "texture": "#2"}
			}
		}
	],
	"display": {
		"thirdperson_righthand": {
			"rotation": [36, 45, 0],
			"translation": [0, 1.25, 0.75],
			"scale": [0.375, 0.375, 0.375]
		},
		"thirdperson_lefthand": {
			"rotation": [36, 45, 0],
			"translation": [0, 1.25, 0.75],
			"scale": [0.375, 0.375, 0.375]
		},
		"firstperson_righthand": {
			"rotation": [-42.76, 34.79, 17.39],
			"translation": [-0.5, 3, 0],
			"scale": [0.4, 0.4, 0.4]
		},
		"firstperson_lefthand": {
			"rotation": [-42.76, 34.79, 17.39],
			"translation": [-0.5, 3, 0],
			"scale": [0.4, 0.4, 0.4]
		},
		"ground": {
			"translation": [0, 2, 0],
			"scale": [0.7, 0.7, 0.7]
		},
		"gui": {
			"rotation": [0, 0, -45],
			"translation": [-1.75, -1.25, 0],
			"scale": [0.9, 0.9, 0.9]
		},
		"fixed": {
			"rotation": [0, 0, 45],
			"translation": [0, -1.5, -2.5],
			"scale": [0.9, 0.9, 0.9]
		}
	},
	"groups": [
		{
			"name": "group",
			"origin": [8, 15.25072, 1.00614],
			"color": 4,
			"children": [0, 1, 2, 3]
		},
		{
			"name": "ç�«ç®­(Rockets)",
			"origin": [8, 8, 8],
			"color": 4,
			"children": [
				{
					"name": "group",
					"origin": [8, 15.25072, 1.00614],
					"color": 4,
					"children": [4, 5, 6, 7]
				},
				8,
				9,
				10,
				11,
				12,
				13,
				14,
				15,
				16,
				17,
				18,
				19,
				20,
				21,
				22,
				23,
				24,
				25,
				26,
				27,
				28,
				29,
				30,
				31,
				32,
				33,
				34,
				35,
				{
					"name": "group",
					"origin": [8, 5.25063, -12.81158],
					"color": 0,
					"children": [36, 37, 38, 39]
				}
			]
		}
	],
	"loader": "forge:obj",
	"model": "tac:models/special/obj_test/m4_body.obj",
	"flip-v": true
}