{
	"credit": "Made with Blockbench",
	"texture_size": [128, 128],
	"textures": {
		"6": "block/color/bullets/awp_bullet"
	},
	"elements": [
		{
			"from": [7.81523, 4.50691, 7.81892],
			"to": [8.28398, 6.15691, 8.28767],
			"rotation": {"angle": 0, "axis": "x", "origin": [8.04786, 5.78524, 8.05344]},
			"faces": {
				"north": {"uv": [2.5, 0, 2, 1.5], "rotation": 180, "texture": "#6"},
				"east": {"uv": [0, 0, 1.5, 0.5], "rotation": 270, "texture": "#6"},
				"south": {"uv": [0.5, 3.5, 0, 2], "texture": "#6"},
				"west": {"uv": [0, 1, 1.5, 1.5], "rotation": 90, "texture": "#6"},
				"up": {"uv": [1, 2, 1.5, 2.5], "rotation": 180, "texture": "#6"},
				"down": {"uv": [2, 2, 2.5, 2.5], "texture": "#6"}
			}
		},
		{
			"from": [7.87382, 6.14364, 7.87751],
			"to": [8.22538, 6.54598, 8.22907],
			"rotation": {"angle": 0, "axis": "x", "origin": [8.04786, 5.78524, 8.05344]},
			"faces": {
				"north": {"uv": [3.5, 3, 3, 3.5], "rotation": 180, "texture": "#6"},
				"east": {"uv": [1, 3, 1.5, 3.5], "rotation": 270, "texture": "#6"},
				"south": {"uv": [3.5, 2.5, 3, 2], "texture": "#6"},
				"west": {"uv": [2, 3, 2.5, 3.5], "rotation": 90, "texture": "#6"},
				"up": {"uv": [3, 0, 3.5, 0.5], "rotation": 180, "texture": "#6"}
			}
		},
		{
			"from": [7.8875, 6.48348, 7.89119],
			"to": [8.21171, 6.74129, 8.2154],
			"rotation": {"angle": 0, "axis": "x", "origin": [8.04786, 5.78524, 8.05344]},
			"faces": {
				"north": {"uv": [4.5, 2, 4, 2.5], "rotation": 180, "texture": "#6"},
				"east": {"uv": [4, 0, 4.5, 0.5], "rotation": 270, "texture": "#6"},
				"south": {"uv": [2.5, 4.5, 2, 4], "texture": "#6"},
				"west": {"uv": [4, 1, 4.5, 1.5], "rotation": 90, "texture": "#6"},
				"up": {"uv": [0, 4, 0.5, 4.5], "rotation": 180, "texture": "#6"}
			}
		},
		{
			"from": [7.91679, 6.71004, 7.92048],
			"to": [8.18242, 6.94051, 8.18611],
			"rotation": {"angle": 0, "axis": "x", "origin": [8.04786, 5.78524, 8.05344]},
			"faces": {
				"north": {"uv": [1.5, 5, 1, 5.5], "rotation": 180, "texture": "#6"},
				"east": {"uv": [4, 3, 4.5, 3.5], "rotation": 270, "texture": "#6"},
				"south": {"uv": [5.5, 0.5, 5, 0], "texture": "#6"},
				"west": {"uv": [0, 5, 0.5, 5.5], "rotation": 90, "texture": "#6"},
				"up": {"uv": [3, 4, 3.5, 4.5], "rotation": 180, "texture": "#6"}
			}
		},
		{
			"from": [7.94609, 6.94051, 7.94978],
			"to": [8.15312, 7.13484, 8.15681],
			"rotation": {"angle": 0, "axis": "x", "origin": [8.04786, 5.78524, 8.05344]},
			"faces": {
				"north": {"uv": [4.5, 5, 4, 5.5], "rotation": 180, "texture": "#6"},
				"east": {"uv": [2, 5, 2.5, 5.5], "rotation": 270, "texture": "#6"},
				"south": {"uv": [5.5, 3.5, 5, 3], "texture": "#6"},
				"west": {"uv": [3, 5, 3.5, 5.5], "rotation": 90, "texture": "#6"},
				"up": {"uv": [5, 1, 5.5, 1.5], "rotation": 180, "texture": "#6"}
			}
		},
		{
			"from": [7.99004, 7.1202, 7.99373],
			"to": [8.10918, 7.27059, 8.11287],
			"rotation": {"angle": 0, "axis": "x", "origin": [8.04786, 5.78524, 8.05344]},
			"faces": {
				"north": {"uv": [6.5, 1, 6, 1.5], "rotation": 180, "texture": "#6"},
				"east": {"uv": [5, 5, 5.5, 5.5], "rotation": 270, "texture": "#6"},
				"south": {"uv": [1.5, 6.5, 1, 6], "texture": "#6"},
				"west": {"uv": [6, 0, 6.5, 0.5], "rotation": 90, "texture": "#6"},
				"up": {"uv": [5, 4, 5.5, 4.5], "rotation": 180, "texture": "#6"}
			}
		},
		{
			"from": [7.81523, 4.33114, 7.81892],
			"to": [8.28398, 4.41902, 8.28767],
			"rotation": {"angle": 0, "axis": "x", "origin": [8.04786, 5.78524, 8.05344]},
			"faces": {
				"north": {"uv": [6.5, 4, 6, 4.5], "rotation": 180, "texture": "#6"},
				"east": {"uv": [6, 2, 6.5, 2.5], "rotation": 270, "texture": "#6"},
				"south": {"uv": [4.5, 6.5, 4, 6], "texture": "#6"},
				"west": {"uv": [6, 3, 6.5, 3.5], "rotation": 90, "texture": "#6"},
				"up": {"uv": [2, 6, 2.5, 6.5], "rotation": 180, "texture": "#6"},
				"down": {"uv": [3, 6, 3.5, 6.5], "texture": "#6"}
			}
		},
		{
			"from": [7.87382, 4.38973, 7.87751],
			"to": [8.22538, 4.50692, 8.22907],
			"rotation": {"angle": 0, "axis": "x", "origin": [8.04786, 5.78524, 8.05344]},
			"faces": {
				"north": {"uv": [1.5, 7, 1, 7.5], "rotation": 180, "texture": "#6"},
				"east": {"uv": [6, 5, 6.5, 5.5], "rotation": 270, "texture": "#6"},
				"south": {"uv": [7.5, 0.5, 7, 0], "texture": "#6"},
				"west": {"uv": [0, 7, 0.5, 7.5], "rotation": 90, "texture": "#6"}
			}
		},
		{
			"from": [8.24326, 6.03683, 7.87751],
			"to": [8.40732, 6.18917, 8.22907],
			"rotation": {"angle": 22.5, "axis": "z", "origin": [8.04786, 5.78524, 8.05344]},
			"faces": {
				"north": {"uv": [4.5, 7, 4, 7.5], "rotation": 180, "texture": "#6"},
				"east": {"uv": [2, 7, 2.5, 7.5], "rotation": 270, "texture": "#6"},
				"south": {"uv": [7.5, 3.5, 7, 3], "texture": "#6"}
			}
		},
		{
			"from": [7.87422, 6.03898, 8.24802],
			"to": [8.22578, 6.19132, 8.41208],
			"rotation": {"angle": -22.5, "axis": "x", "origin": [8.04786, 5.78524, 8.05344]},
			"faces": {
				"north": {"uv": [7.5, 7, 7, 7.5], "rotation": 180, "texture": "#6"},
				"east": {"uv": [5, 7, 5.5, 7.5], "rotation": 270, "texture": "#6"},
				"south": {"uv": [7.5, 6.5, 7, 6], "texture": "#6"},
				"west": {"uv": [6, 7, 6.5, 7.5], "rotation": 90, "texture": "#6"},
				"up": {"uv": [7, 4, 7.5, 4.5], "rotation": 180, "texture": "#6"}
			}
		},
		{
			"from": [7.87382, 6.03744, 7.69545],
			"to": [8.22538, 6.18978, 7.85951],
			"rotation": {"angle": 22.5, "axis": "x", "origin": [8.04786, 5.78524, 8.05344]},
			"faces": {
				"north": {"uv": [8.5, 2, 8, 2.5], "rotation": 180, "texture": "#6"},
				"east": {"uv": [8, 0, 8.5, 0.5], "rotation": 270, "texture": "#6"},
				"west": {"uv": [8, 1, 8.5, 1.5], "rotation": 90, "texture": "#6"}
			}
		},
		{
			"from": [7.68685, 6.04057, 7.87751],
			"to": [7.85091, 6.19291, 8.22907],
			"rotation": {"angle": -22.5, "axis": "z", "origin": [8.04786, 5.78524, 8.05344]},
			"faces": {
				"north": {"uv": [8.5, 5, 8, 5.5], "rotation": 180, "texture": "#6"},
				"south": {"uv": [5.5, 8.5, 5, 8], "texture": "#6"},
				"west": {"uv": [8, 4, 8.5, 4.5], "rotation": 90, "texture": "#6"},
				"down": {"uv": [4, 8, 4.5, 8.5], "texture": "#6"}
			}
		}
	],
	"display": {
		"thirdperson_righthand": {
			"translation": [0, 2, -6],
			"scale": [0.6, 0.6, 0.6]
		},
		"thirdperson_lefthand": {
			"translation": [0, 2, -6],
			"scale": [0.6, 0.6, 0.6]
		},
		"firstperson_righthand": {
			"translation": [-4, 6, -4.5]
		},
		"firstperson_lefthand": {
			"translation": [-4, 6, -4.5]
		},
		"ground": {
			"scale": [0.6, 0.6, 0.6]
		},
		"gui": {
			"rotation": [30, -145, 0],
			"translation": [0.25, 0.75, 0],
			"scale": [0.55, 0.55, 0.55]
		},
		"fixed": {
			"rotation": [0, 90, 0],
			"translation": [0, 2, -2],
			"scale": [1.2, 1.2, 1.2]
		}
	},
	"groups": [
		{
			"name": "7.62mmx51 bullet",
			"origin": [8, 8, 8],
			"color": 0,
			"children": [
				{
					"name": "bullet",
					"origin": [0, 0, 0],
					"color": 0,
					"children": [0, 1, 2, 3, 4, 5, 6, 7, 8, 9, 10, 11]
				}
			]
		}
	]
}