{
	"credit": "Made with Blockbench",
	"texture_size": [256, 256],
	"textures": {
		"0": "block/color/bullets/fal_762",
		"particle": "block/color/bullets/fal_762"
	},
	"elements": [
		{
			"from": [7.80562, 6.16336, 7.80994],
			"to": [8.24437, 7.64414, 8.24869],
			"rotation": {"angle": 0, "axis": "x", "origin": [8.02499, 7.52074, 8.02931]},
			"faces": {
				"north": {"uv": [0, 0, 0.25, 0.75], "texture": "#0"},
				"east": {"uv": [1, 0, 1.25, 0.75], "texture": "#0"},
				"south": {"uv": [0, 1.5, 0.25, 2.25], "texture": "#0"},
				"west": {"uv": [1, 1.5, 1.25, 2.25], "texture": "#0"},
				"up": {"uv": [2.25, 0.25, 2, 0], "texture": "#0"},
				"down": {"uv": [2.25, 1, 2, 1.25], "texture": "#0"}
			}
		},
		{
			"from": [7.86047, 7.75383, 7.86478],
			"to": [8.18954, 8.24741, 8.19385],
			"rotation": {"angle": 0, "axis": "x", "origin": [8.02499, 7.52074, 8.02931]},
			"faces": {
				"north": {"uv": [2, 2, 2.25, 2.25], "texture": "#0"},
				"east": {"uv": [0, 3, 0.25, 3.25], "texture": "#0"},
				"south": {"uv": [3, 0, 3.25, 0.25], "texture": "#0"},
				"west": {"uv": [1, 3, 1.25, 3.25], "texture": "#0"},
				"up": {"uv": [3.25, 1.25, 3, 1], "texture": "#0"},
				"down": {"uv": [2.25, 3, 2, 3.25], "texture": "#0"}
			}
		},
		{
			"from": [7.86047, 7.55079, 7.77942],
			"to": [8.18954, 7.77017, 7.88911],
			"rotation": {"angle": 22.5, "axis": "x", "origin": [8.02499, 7.52074, 8.02931]},
			"faces": {
				"north": {"uv": [3, 2, 3.25, 2.25], "texture": "#0"},
				"east": {"uv": [3, 3, 3.25, 3.25], "texture": "#0"},
				"south": {"uv": [0, 4, 0.25, 4.25], "texture": "#0"},
				"west": {"uv": [4, 0, 4.25, 0.25], "texture": "#0"},
				"up": {"uv": [1.25, 4.25, 1, 4], "texture": "#0"},
				"down": {"uv": [4.25, 1, 4, 1.25], "texture": "#0"}
			}
		},
		{
			"from": [7.88789, 8.24741, 7.89221],
			"to": [8.1621, 8.57648, 8.16642],
			"rotation": {"angle": 0, "axis": "x", "origin": [8.02499, 7.52074, 8.02931]},
			"faces": {
				"north": {"uv": [2, 4, 2.25, 4.25], "texture": "#0"},
				"east": {"uv": [4, 2, 4.25, 2.25], "texture": "#0"},
				"south": {"uv": [3, 4, 3.25, 4.25], "texture": "#0"},
				"west": {"uv": [4, 3, 4.25, 3.25], "texture": "#0"},
				"up": {"uv": [4.25, 4.25, 4, 4], "texture": "#0"},
				"down": {"uv": [0.25, 5, 0, 5.25], "texture": "#0"}
			}
		},
		{
			"from": [7.86047, 7.55079, 8.16952],
			"to": [8.18954, 7.77017, 8.2792],
			"rotation": {"angle": -22.5, "axis": "x", "origin": [8.02499, 7.52074, 8.02931]},
			"faces": {
				"north": {"uv": [5, 0, 5.25, 0.25], "texture": "#0"},
				"east": {"uv": [1, 5, 1.25, 5.25], "texture": "#0"},
				"south": {"uv": [5, 1, 5.25, 1.25], "texture": "#0"},
				"west": {"uv": [2, 5, 2.25, 5.25], "texture": "#0"},
				"up": {"uv": [5.25, 2.25, 5, 2], "texture": "#0"},
				"down": {"uv": [3.25, 5, 3, 5.25], "texture": "#0"}
			}
		},
		{
			"from": [7.91532, 8.57648, 7.91963],
			"to": [8.13468, 8.8507, 8.139],
			"rotation": {"angle": 0, "axis": "x", "origin": [8.02499, 7.52074, 8.02931]},
			"faces": {
				"north": {"uv": [5, 3, 5.25, 3.25], "texture": "#0"},
				"east": {"uv": [4, 5, 4.25, 5.25], "texture": "#0"},
				"south": {"uv": [5, 4, 5.25, 4.25], "texture": "#0"},
				"west": {"uv": [5, 5, 5.25, 5.25], "texture": "#0"},
				"up": {"uv": [0.25, 6.25, 0, 6], "texture": "#0"},
				"down": {"uv": [6.25, 0, 6, 0.25], "texture": "#0"}
			}
		},
		{
			"from": [7.94273, 8.8507, 7.94704],
			"to": [8.10727, 8.97409, 8.11158],
			"rotation": {"angle": 0, "axis": "x", "origin": [8.02499, 7.52074, 8.02931]},
			"faces": {
				"north": {"uv": [1, 6, 1.25, 6.25], "texture": "#0"},
				"east": {"uv": [6, 1, 6.25, 1.25], "texture": "#0"},
				"south": {"uv": [2, 6, 2.25, 6.25], "texture": "#0"},
				"west": {"uv": [6, 2, 6.25, 2.25], "texture": "#0"},
				"up": {"uv": [3.25, 6.25, 3, 6], "texture": "#0"},
				"down": {"uv": [6.25, 3, 6, 3.25], "texture": "#0"}
			}
		},
		{
			"from": [7.98387, 8.96039, 7.98818],
			"to": [8.06614, 9.04265, 8.07045],
			"rotation": {"angle": 0, "axis": "x", "origin": [8.02499, 7.52074, 8.02931]},
			"faces": {
				"north": {"uv": [4, 6, 4.25, 6.25], "texture": "#0"},
				"east": {"uv": [6, 4, 6.25, 4.25], "texture": "#0"},
				"south": {"uv": [5, 6, 5.25, 6.25], "texture": "#0"},
				"west": {"uv": [6, 5, 6.25, 5.25], "texture": "#0"},
				"up": {"uv": [6.25, 6.25, 6, 6], "texture": "#0"},
				"down": {"uv": [0.25, 7, 0, 7.25], "texture": "#0"}
			}
		},
		{
			"from": [8.07778, 7.56818, 7.86478],
			"to": [8.18746, 7.78756, 8.19385],
			"rotation": {"angle": 0, "axis": "x", "origin": [8.02499, 7.52074, 8.02931]},
			"faces": {
				"north": {"uv": [7, 0, 7.25, 0.25], "texture": "#0"},
				"east": {"uv": [1, 7, 1.25, 7.25], "texture": "#0"},
				"south": {"uv": [7, 1, 7.25, 1.25], "texture": "#0"},
				"west": {"uv": [2, 7, 2.25, 7.25], "texture": "#0"},
				"up": {"uv": [7.25, 2.25, 7, 2], "texture": "#0"},
				"down": {"uv": [3.25, 7, 3, 7.25], "texture": "#0"}
			}
		},
		{
			"from": [7.86253, 7.56818, 7.86478],
			"to": [7.97221, 7.78756, 8.19385],
			"rotation": {"angle": 0, "axis": "x", "origin": [8.02499, 7.52074, 8.02931]},
			"faces": {
				"north": {"uv": [7, 3, 7.25, 3.25], "texture": "#0"},
				"east": {"uv": [4, 7, 4.25, 7.25], "texture": "#0"},
				"south": {"uv": [7, 4, 7.25, 4.25], "texture": "#0"},
				"west": {"uv": [5, 7, 5.25, 7.25], "texture": "#0"},
				"up": {"uv": [7.25, 5.25, 7, 5], "texture": "#0"},
				"down": {"uv": [6.25, 7, 6, 7.25], "texture": "#0"}
			}
		},
		{
			"from": [7.80562, 5.99883, 7.80994],
			"to": [8.24437, 6.08109, 8.24869],
			"rotation": {"angle": 0, "axis": "x", "origin": [8.02499, 7.52074, 8.02931]},
			"faces": {
				"north": {"uv": [7, 6, 7.25, 6.25], "texture": "#0"},
				"east": {"uv": [7, 7, 7.25, 7.25], "texture": "#0"},
				"south": {"uv": [0, 8, 0.25, 8.25], "texture": "#0"},
				"west": {"uv": [8, 0, 8.25, 0.25], "texture": "#0"},
				"up": {"uv": [1.25, 8.25, 1, 8], "texture": "#0"},
				"down": {"uv": [8.25, 1, 8, 1.25], "texture": "#0"}
			}
		},
		{
			"from": [7.86047, 6.05366, 7.86478],
			"to": [8.18954, 6.16336, 8.19385],
			"rotation": {"angle": 0, "axis": "x", "origin": [8.02499, 7.52074, 8.02931]},
			"faces": {
				"north": {"uv": [2, 8, 2.25, 8.25], "texture": "#0"},
				"east": {"uv": [8, 2, 8.25, 2.25], "texture": "#0"},
				"south": {"uv": [3, 8, 3.25, 8.25], "texture": "#0"},
				"west": {"uv": [8, 3, 8.25, 3.25], "texture": "#0"},
				"up": {"uv": [4.25, 8.25, 4, 8], "texture": "#0"},
				"down": {"uv": [8.25, 4, 8, 4.25], "texture": "#0"}
			}
		}
	],
	"display": {
		"thirdperson_righthand": {
			"translation": [-0.5, 0.5, -4.25],
			"scale": [0.55, 0.55, 0.55]
		},
		"thirdperson_lefthand": {
			"translation": [-0.5, 0.5, -4.25],
			"scale": [0.55, 0.55, 0.55]
		},
		"firstperson_righthand": {
			"translation": [-6, 3.5, -5],
			"scale": [1.1, 1.1, 1.1]
		},
		"firstperson_lefthand": {
			"translation": [-6, 3.5, -5],
			"scale": [1.1, 1.1, 1.1]
		},
		"ground": {
			"translation": [0, 3, 0],
			"scale": [0.55, 0.55, 0.55]
		},
		"gui": {
			"rotation": [30, -145, 0],
			"translation": [1, -1, 0],
			"scale": [0.55, 0.55, 0.55]
		},
		"fixed": {
			"rotation": [0, 90, 0],
			"translation": [-1, -0.25, -2],
			"scale": [1.1, 1.1, 1.1]
		}
	},
	"groups": [
		{
			"name": "fn_fal_standard_mag",
			"origin": [12.4375, 8, 8],
			"color": 0,
			"children": [
				{
					"name": "m+b",
					"origin": [12.4375, 8, 8],
					"color": 0,
					"children": [
						{
							"name": "7.62x51",
							"origin": [0, 0, 0],
							"color": 0,
							"children": [0, 1, 2, 3, 4, 5, 6, 7, 8, 9, 10, 11]
						}
					]
				}
			]
		}
	]
}