{
	"credit": "Made with Blockbench",
	"textures": {
		"5": "block/color/bullets/mm9"
	},
	"elements": [
		{
			"from": [7.78515, 9.20898, 8.73633],
			"to": [8.21484, 9.63867, 9.5371],
			"rotation": {"angle": 0, "axis": "y", "origin": [8, 9.42383, 9]},
			"faces": {
				"north": {"uv": [0.5, 4.5, 0, 4], "rotation": 180, "texture": "#5"},
				"east": {"uv": [0, 2, 0.5, 3], "rotation": 90, "texture": "#5"},
				"south": {"uv": [4.5, 0, 4, 0.5], "texture": "#5"},
				"west": {"uv": [2, 2, 2.5, 3], "rotation": 270, "texture": "#5"},
				"up": {"uv": [2, 0, 2.5, 1], "texture": "#5"},
				"down": {"uv": [0, 0, 0.5, 1], "rotation": 180, "texture": "#5"}
			}
		},
		{
			"from": [7.78515, 9.20898, 9.61523],
			"to": [8.21484, 9.63867, 9.67383],
			"rotation": {"angle": 0, "axis": "y", "origin": [8, 9.42383, 9]},
			"faces": {
				"north": {"uv": [6.5, 0.5, 6, 0], "rotation": 180, "texture": "#5"},
				"east": {"uv": [4, 2, 4.5, 2.5], "rotation": 90, "texture": "#5"},
				"south": {"uv": [2.5, 6, 2, 6.5], "texture": "#5"},
				"west": {"uv": [0, 6, 0.5, 6.5], "rotation": 270, "texture": "#5"},
				"up": {"uv": [4, 4, 4.5, 4.5], "texture": "#5"},
				"down": {"uv": [2, 4, 2.5, 4.5], "rotation": 180, "texture": "#5"}
			}
		},
		{
			"from": [7.84374, 9.26757, 9.5371],
			"to": [8.15624, 9.58007, 9.61523],
			"rotation": {"angle": 0, "axis": "y", "origin": [8, 9.42383, 9]},
			"faces": {
				"north": {"uv": [0.5, 8.5, 0, 8], "rotation": 180, "texture": "#5"},
				"east": {"uv": [4, 6, 4.5, 6.5], "rotation": 90, "texture": "#5"},
				"south": {"uv": [8.5, 0, 8, 0.5], "texture": "#5"},
				"west": {"uv": [6, 6, 6.5, 6.5], "rotation": 270, "texture": "#5"},
				"up": {"uv": [6, 4, 6.5, 4.5], "texture": "#5"},
				"down": {"uv": [6, 2, 6.5, 2.5], "rotation": 180, "texture": "#5"}
			}
		},
		{
			"from": [7.8379, 9.26173, 8.38477],
			"to": [8.16211, 9.58594, 8.54102],
			"rotation": {"angle": 0, "axis": "y", "origin": [8, 9.42383, 9]},
			"faces": {
				"north": {"uv": [6.5, 8.5, 6, 8], "rotation": 180, "texture": "#5"},
				"east": {"uv": [8, 2, 8.5, 2.5], "rotation": 90, "texture": "#5"},
				"south": {"uv": [8.5, 6, 8, 6.5], "texture": "#5"},
				"west": {"uv": [8, 4, 8.5, 4.5], "rotation": 270, "texture": "#5"},
				"up": {"uv": [4, 8, 4.5, 8.5], "texture": "#5"},
				"down": {"uv": [2, 8, 2.5, 8.5], "rotation": 180, "texture": "#5"}
			}
		},
		{
			"from": [7.81445, 9.23828, 8.54102],
			"to": [8.18554, 9.60937, 8.75585],
			"rotation": {"angle": 0, "axis": "y", "origin": [8, 9.42383, 9]},
			"faces": {
				"north": {"uv": [10.5, 2.5, 10, 2], "rotation": 180, "texture": "#5"},
				"east": {"uv": [0, 10, 0.5, 10.5], "rotation": 90, "texture": "#5"},
				"south": {"uv": [4.5, 10, 4, 10.5], "texture": "#5"},
				"west": {"uv": [2, 10, 2.5, 10.5], "rotation": 270, "texture": "#5"},
				"up": {"uv": [10, 0, 10.5, 0.5], "texture": "#5"},
				"down": {"uv": [8, 8, 8.5, 8.5], "rotation": 180, "texture": "#5"}
			}
		},
		{
			"from": [7.89258, 9.31641, 8.2871],
			"to": [8.10742, 9.53126, 8.42383],
			"rotation": {"angle": 0, "axis": "y", "origin": [8, 9.42383, 9]},
			"faces": {
				"north": {"uv": [10.5, 8.5, 10, 8], "rotation": 180, "texture": "#5"},
				"east": {"uv": [6, 10, 6.5, 10.5], "rotation": 90, "texture": "#5"},
				"south": {"uv": [10.5, 10, 10, 10.5], "texture": "#5"},
				"west": {"uv": [8, 10, 8.5, 10.5], "rotation": 270, "texture": "#5"},
				"up": {"uv": [10, 6, 10.5, 6.5], "texture": "#5"},
				"down": {"uv": [10, 4, 10.5, 4.5], "rotation": 180, "texture": "#5"}
			}
		}
	],
	"display": {
		"thirdperson_righthand": {
			"translation": [0, 0, -2.75],
			"scale": [0.55, 0.55, 0.55]
		},
		"thirdperson_lefthand": {
			"translation": [0, 0, -2.75],
			"scale": [0.55, 0.55, 0.55]
		},
		"firstperson_righthand": {
			"rotation": [0, 0, 5],
			"translation": [-6, 2.5, -3]
		},
		"firstperson_lefthand": {
			"rotation": [0, 0, 5],
			"translation": [-6, 2.5, -3]
		},
		"ground": {
			"translation": [0, 3, 0],
			"scale": [0.55, 0.55, 0.55]
		},
		"gui": {
			"rotation": [30, -145, 0],
			"translation": [1, -2, 0],
			"scale": [0.7, 0.7, 0.7]
		},
		"fixed": {
			"rotation": [0, 90, 0],
			"translation": [-1.75, -2, -2],
			"scale": [1.1, 1.1, 1.1]
		}
	},
	"groups": [
		{
			"name": "9mm",
			"origin": [0, 0, 0],
			"color": 0,
			"children": [0, 1, 2, 3, 4, 5]
		}
	]
}