{
	"credit": "Made with Blockbench",
	"texture_size": [128, 128],
	"textures": {
		"1": "block/color/bullets/g12_gauge",
		"particle": "block/color/bullets/g12_gauge"
	},
	"elements": [
		{
			"from": [7.8, 7.125, 7.8],
			"to": [8.55, 9.625, 8.55],
			"rotation": {"angle": 0, "axis": "x", "origin": [8, 7.71875, 8]},
			"faces": {
				"north": {"uv": [0, 0, 1, 2.5], "texture": "#1"},
				"east": {"uv": [2, 0, 3, 2.5], "texture": "#1"},
				"south": {"uv": [0, 4, 1, 6.5], "texture": "#1"},
				"west": {"uv": [4, 0, 5, 2.5], "texture": "#1"},
				"up": {"uv": [3, 5, 2, 4], "texture": "#1"},
				"down": {"uv": [5, 4, 4, 5], "texture": "#1"}
			}
		},
		{
			"from": [7.7375, 7, 7.7375],
			"to": [8.6125, 7.125, 8.6125],
			"rotation": {"angle": 0, "axis": "x", "origin": [8, 7.71875, 8]},
			"faces": {
				"north": {"uv": [6, 2, 7, 2.5], "texture": "#1"},
				"east": {"uv": [4, 6, 5, 6.5], "texture": "#1"},
				"south": {"uv": [6, 4, 7, 4.5], "texture": "#1"},
				"west": {"uv": [6, 6, 7, 6.5], "texture": "#1"},
				"up": {"uv": [7, 1, 6, 0], "texture": "#1"},
				"down": {"uv": [3, 6, 2, 7], "texture": "#1"}
			}
		}
	],
	"display": {
		"thirdperson_righthand": {
			"translation": [0, 0.5, -4.25],
			"scale": [0.55, 0.55, 0.55]
		},
		"thirdperson_lefthand": {
			"translation": [0, 0.5, -4.25],
			"scale": [0.55, 0.55, 0.55]
		},
		"firstperson_righthand": {
			"translation": [-4, 4.25, -4.75]
		},
		"firstperson_lefthand": {
			"translation": [-4, 4.25, -4.75]
		},
		"ground": {
			"translation": [0, 3, 0],
			"scale": [0.55, 0.55, 0.55]
		},
		"gui": {
			"rotation": [30, -145, 0],
			"translation": [-1, 0.5, 0],
			"scale": [0.85, 0.85, 0.85]
		},
		"fixed": {
			"rotation": [0, 90, 0],
			"translation": [2.75, 0, -2],
			"scale": [1.1, 1.1, 1.1]
		}
	},
	"groups": [
		{
			"name": "12_gauge",
			"origin": [0, 0, 0],
			"color": 0,
			"children": [0, 1]
		}
	]
}