{
	"credit": "Made with Blockbench",
	"texture_size": [64, 64],
	"textures": {
		"0": "block/color/bullets/snowball",
		"particle": "block/color/bullets/snowball"
	},
	"elements": [
		{
			"from": [0, -5, 8],
			"to": [16, 11, 8],
			"rotation": {"angle": 0, "axis": "y", "origin": [0, 8, 8]},
			"faces": {
				"north": {"uv": [0, 0, 16, 16], "texture": "#0"},
				"east": {"uv": [0, 0, 0.25, 4], "texture": "#0"},
				"south": {"uv": [0, 0, 16, 16], "texture": "#0"},
				"west": {"uv": [0, 0, 0.25, 4], "texture": "#0"},
				"up": {"uv": [0, 0, 0.25, 4], "rotation": 90, "texture": "#0"},
				"down": {"uv": [0, 0, 0.25, 4], "rotation": 270, "texture": "#0"}
			}
		}
	],
	"display": {
		"thirdperson_righthand": {
			"scale": [0.55, 0.55, 0.55]
		},
		"thirdperson_lefthand": {
			"scale": [0.55, 0.55, 0.55]
		},
		"ground": {
			"translation": [0, 3, 0],
			"scale": [0.55, 0.55, 0.55]
		},
		"gui": {
			"scale": [0.5, 0.5, 0.5]
		},
		"fixed": {
			"scale": [1.1, 1.1, 1.1]
		}
	}
}