{
	"credit": "Made with Blockbench",
	"texture_size": [64, 64],
	"textures": {
		"6": "block/color/bullets/bullet"
	},
	"elements": [
		{
			"from": [7.79688, 7.08906, 7.81388],
			"to": [8.20313, 8.61406, 8.22013],
			"rotation": {"angle": 0, "axis": "x", "origin": [8, 8.28926, 8.017]},
			"faces": {
				"north": {"uv": [4, 3, 3, 5], "rotation": 180, "texture": "#6"},
				"east": {"uv": [0, 0, 2, 1], "rotation": 270, "texture": "#6"},
				"south": {"uv": [4, 2, 3, 0], "texture": "#6"},
				"west": {"uv": [0, 2, 2, 3], "rotation": 90, "texture": "#6"},
				"up": {"uv": [0, 4, 1, 5], "rotation": 180, "texture": "#6"},
				"down": {"uv": [5, 0, 6, 1], "texture": "#6"}
			}
		},
		{
			"from": [7.85547, 8.60079, 7.87247],
			"to": [8.14453, 9.00313, 8.16153],
			"rotation": {"angle": 0, "axis": "x", "origin": [8, 8.28926, 8.017]},
			"faces": {
				"north": {"uv": [5, 6, 4, 7], "rotation": 180, "texture": "#6"},
				"east": {"uv": [5, 4, 6, 5], "rotation": 270, "texture": "#6"},
				"south": {"uv": [3, 7, 2, 6], "texture": "#6"},
				"west": {"uv": [0, 6, 1, 7], "rotation": 90, "texture": "#6"},
				"up": {"uv": [5, 2, 6, 3], "rotation": 180, "texture": "#6"},
				"down": {"uv": [0, 0, 0, 0], "texture": "#6"}
			}
		},
		{
			"from": [7.86915, 8.94063, 7.88615],
			"to": [8.13086, 9.26094, 8.14786],
			"rotation": {"angle": 0, "axis": "x", "origin": [8, 8.28926, 8.017]},
			"faces": {
				"north": {"uv": [1, 8, 0, 9], "rotation": 180, "texture": "#6"},
				"east": {"uv": [7, 0, 8, 1], "rotation": 270, "texture": "#6"},
				"south": {"uv": [8, 5, 7, 4], "texture": "#6"},
				"west": {"uv": [7, 2, 8, 3], "rotation": 90, "texture": "#6"},
				"up": {"uv": [6, 6, 7, 7], "rotation": 180, "texture": "#6"},
				"down": {"uv": [0, 0, 0, 0], "texture": "#6"}
			}
		},
		{
			"from": [7.89844, 9.16719, 7.91544],
			"to": [8.10157, 9.46016, 8.11857],
			"rotation": {"angle": 0, "axis": "x", "origin": [8, 8.28926, 8.017]},
			"faces": {
				"north": {"uv": [9, 8, 8, 9], "rotation": 180, "texture": "#6"},
				"east": {"uv": [4, 8, 5, 9], "rotation": 270, "texture": "#6"},
				"south": {"uv": [9, 7, 8, 6], "texture": "#6"},
				"west": {"uv": [6, 8, 7, 9], "rotation": 90, "texture": "#6"},
				"up": {"uv": [2, 8, 3, 9], "rotation": 180, "texture": "#6"},
				"down": {"uv": [0, 0, 0, 0], "texture": "#6"}
			}
		},
		{
			"from": [7.92774, 9.39766, 7.94474],
			"to": [8.07227, 9.59199, 8.08927],
			"rotation": {"angle": 0, "axis": "x", "origin": [8, 8.28926, 8.017]},
			"faces": {
				"north": {"uv": [3, 10, 2, 11], "rotation": 180, "texture": "#6"},
				"east": {"uv": [9, 2, 10, 3], "rotation": 270, "texture": "#6"},
				"south": {"uv": [1, 11, 0, 10], "texture": "#6"},
				"west": {"uv": [9, 4, 10, 5], "rotation": 90, "texture": "#6"},
				"up": {"uv": [9, 0, 10, 1], "rotation": 180, "texture": "#6"},
				"down": {"uv": [0, 0, 0, 0], "texture": "#6"}
			}
		},
		{
			"from": [7.97169, 9.57735, 7.98869],
			"to": [8.02833, 9.66524, 8.04533],
			"rotation": {"angle": 0, "axis": "x", "origin": [8, 8.28926, 8.017]},
			"faces": {
				"north": {"uv": [11, 8, 10, 9], "rotation": 180, "texture": "#6"},
				"east": {"uv": [6, 10, 7, 11], "rotation": 270, "texture": "#6"},
				"south": {"uv": [9, 11, 8, 10], "texture": "#6"},
				"west": {"uv": [10, 6, 11, 7], "rotation": 90, "texture": "#6"},
				"up": {"uv": [4, 10, 5, 11], "rotation": 180, "texture": "#6"},
				"down": {"uv": [0, 0, 0, 0], "texture": "#6"}
			}
		},
		{
			"from": [7.79688, 6.91329, 7.81388],
			"to": [8.20313, 7.00117, 8.22013],
			"rotation": {"angle": 0, "axis": "x", "origin": [8, 8.28926, 8.017]},
			"faces": {
				"north": {"uv": [3, 12, 2, 13], "rotation": 180, "texture": "#6"},
				"east": {"uv": [11, 0, 12, 1], "rotation": 270, "texture": "#6"},
				"south": {"uv": [1, 13, 0, 12], "texture": "#6"},
				"west": {"uv": [11, 4, 12, 5], "rotation": 90, "texture": "#6"},
				"up": {"uv": [10, 10, 11, 11], "rotation": 180, "texture": "#6"},
				"down": {"uv": [11, 2, 12, 3], "texture": "#6"}
			}
		},
		{
			"from": [7.85547, 6.97188, 7.87247],
			"to": [8.14453, 7.08907, 8.16153],
			"rotation": {"angle": 0, "axis": "x", "origin": [8, 8.28926, 8.017]},
			"faces": {
				"north": {"uv": [9, 12, 8, 13], "rotation": 180, "texture": "#6"},
				"east": {"uv": [4, 12, 5, 13], "rotation": 270, "texture": "#6"},
				"south": {"uv": [13, 7, 12, 6], "texture": "#6"},
				"west": {"uv": [6, 12, 7, 13], "rotation": 90, "texture": "#6"},
				"up": {"uv": [0, 0, 0, 0], "rotation": 180, "texture": "#6"},
				"down": {"uv": [0, 0, 0, 0], "texture": "#6"}
			}
		},
		{
			"from": [8.20949, 8.51017, 7.87247],
			"to": [8.31105, 8.66251, 8.16153],
			"rotation": {"angle": 22.5, "axis": "z", "origin": [8, 8.28926, 8.017]},
			"faces": {
				"north": {"uv": [13, 10, 12, 11], "rotation": 180, "texture": "#6"},
				"east": {"uv": [12, 8, 13, 9], "rotation": 270, "texture": "#6"},
				"south": {"uv": [13, 11, 12, 10], "texture": "#6"},
				"west": {"uv": [0, 0, 0, 0], "rotation": 90, "texture": "#6"},
				"up": {"uv": [0, 0, 0, 0], "rotation": 180, "texture": "#6"},
				"down": {"uv": [0, 0, 0, 0], "texture": "#6"}
			}
		},
		{
			"from": [7.85547, 8.51017, 8.22648],
			"to": [8.14453, 8.66251, 8.32804],
			"rotation": {"angle": -22.5, "axis": "x", "origin": [8, 8.28926, 8.017]},
			"faces": {
				"north": {"uv": [0, 0, 0, 0], "rotation": 180, "texture": "#6"},
				"east": {"uv": [12, 12, 13, 13], "rotation": 270, "texture": "#6"},
				"south": {"uv": [14, 3, 13, 2], "texture": "#6"},
				"west": {"uv": [13, 0, 14, 1], "rotation": 90, "texture": "#6"},
				"up": {"uv": [0, 0, 0, 0], "rotation": 180, "texture": "#6"},
				"down": {"uv": [0, 0, 0, 0], "texture": "#6"}
			}
		},
		{
			"from": [7.85547, 8.51017, 7.70595],
			"to": [8.14453, 8.66251, 7.80751],
			"rotation": {"angle": 22.5, "axis": "x", "origin": [8, 8.28926, 8.017]},
			"faces": {
				"north": {"uv": [3, 14, 2, 15], "rotation": 180, "texture": "#6"},
				"east": {"uv": [13, 4, 14, 5], "rotation": 270, "texture": "#6"},
				"south": {"uv": [0, 0, 0, 0], "texture": "#6"},
				"west": {"uv": [0, 14, 1, 15], "rotation": 90, "texture": "#6"},
				"up": {"uv": [0, 0, 0, 0], "rotation": 180, "texture": "#6"},
				"down": {"uv": [0, 0, 0, 0], "texture": "#6"}
			}
		},
		{
			"from": [7.68895, 8.51017, 7.87247],
			"to": [7.79051, 8.66251, 8.16153],
			"rotation": {"angle": -22.5, "axis": "z", "origin": [8, 8.28926, 8.017]},
			"faces": {
				"north": {"uv": [15, 6, 14, 7], "rotation": 180, "texture": "#6"},
				"east": {"uv": [0, 0, 0, 0], "rotation": 270, "texture": "#6"},
				"south": {"uv": [7, 15, 6, 14], "texture": "#6"},
				"west": {"uv": [4, 14, 5, 15], "rotation": 90, "texture": "#6"},
				"up": {"uv": [0, 0, 0, 0], "rotation": 180, "texture": "#6"},
				"down": {"uv": [0, 0, 0, 0], "texture": "#6"}
			}
		}
	],
	"display": {
		"thirdperson_righthand": {
			"translation": [0, 0.5, -4.5],
			"scale": [0.55, 0.55, 0.55]
		},
		"thirdperson_lefthand": {
			"translation": [0, 0.5, -4.5],
			"scale": [0.55, 0.55, 0.55]
		},
		"firstperson_righthand": {
			"translation": [-5.5, 3, -3.5]
		},
		"firstperson_lefthand": {
			"translation": [-5.5, 3, -3.5]
		},
		"ground": {
			"translation": [0, 3, 0],
			"scale": [0.55, 0.55, 0.55]
		},
		"gui": {
			"rotation": [30, -145, 0],
			"translation": [0.25, 0, 0],
			"scale": [0.5, 0.5, 0.5]
		},
		"fixed": {
			"rotation": [0, 90, 0],
			"translation": [1, -1, -2],
			"scale": [1.1, 1.1, 1.1]
		}
	},
	"groups": [
		{
			"name": "bullet",
			"origin": [0, 0, 0],
			"color": 0,
			"children": [0, 1, 2, 3, 4, 5, 6, 7, 8, 9, 10, 11]
		}
	]
}