{
 "parent": "item/handheld",
 "textures": {
  "layer0": "item/cyan_wool"
 },
 "overrides": [  
	{"predicate": {"custom_model_data":0}, "model":"item/weapons/rank8"},
  {"predicate": {"custom_model_data":1}, "model":"item/weapons/rank1"},
  {"predicate": {"custom_model_data":2}, "model":"item/weapons/rank2"},
  {"predicate": {"custom_model_data":3}, "model":"item/weapons/rank3"},
  {"predicate": {"custom_model_data": 3 }, "model":"item/weapons/rank3"},
{"predicate": {"custom_model_data": 4 }, "model":"item/weapons/rank4"},
{"predicate": {"custom_model_data": 5 }, "model":"item/weapons/rank5"},
{"predicate": {"custom_model_data": 6 }, "model":"item/weapons/rank6"},
{"predicate": {"custom_model_data": 7 }, "model":"item/weapons/rank7"},
{"predicate": {"custom_model_data": 8 }, "model":"item/weapons/rank8"},
{"predicate": {"custom_model_data": 9 }, "model":"item/weapons/rank9"},
{"predicate": {"custom_model_data": 10 }, "model":"item/weapons/rank10"},
{"predicate": {"custom_model_data": 11 }, "model":"item/weapons/rank11"},
{"predicate": {"custom_model_data": 12 }, "model":"item/weapons/rank12"},
{"predicate": {"custom_model_data": 13 }, "model":"item/weapons/rank13"},
{"predicate": {"custom_model_data": 14 }, "model":"item/weapons/rank14"},
{"predicate": {"custom_model_data": 15 }, "model":"item/weapons/rank15"},
{"predicate": {"custom_model_data": 16 }, "model":"item/weapons/rank16"},
{"predicate": {"custom_model_data": 17 }, "model":"item/weapons/rank17"},
{"predicate": {"custom_model_data": 18 }, "model":"item/weapons/rank18"},
{"predicate": {"custom_model_data": 19 }, "model":"item/weapons/rank19"},
{"predicate": {"custom_model_data": 20 }, "model":"item/weapons/rank20"},
{"predicate": {"custom_model_data": 21 }, "model":"item/weapons/rank21"},
{"predicate": {"custom_model_data": 22 }, "model":"item/weapons/rank22"},
{"predicate": {"custom_model_data": 23 }, "model":"item/weapons/rank23"},
{"predicate": {"custom_model_data": 24 }, "model":"item/weapons/rank24"},
{"predicate": {"custom_model_data": 25 }, "model":"item/weapons/rank25"},
{"predicate": {"custom_model_data": 26 }, "model":"item/weapons/rank26"},
{"predicate": {"custom_model_data": 27 }, "model":"item/weapons/rank27"},
{"predicate": {"custom_model_data": 28 }, "model":"item/weapons/rank28"},
{"predicate": {"custom_model_data": 29 }, "model":"item/weapons/rank29"},
{"predicate": {"custom_model_data": 30 }, "model":"item/weapons/rank30"},
{"predicate": {"custom_model_data": 31 }, "model":"item/weapons/rank31"},
{"predicate": {"custom_model_data": 32 }, "model":"item/weapons/rank32"},
{"predicate": {"custom_model_data": 33 }, "model":"item/weapons/rank33"},
{"predicate": {"custom_model_data": 34 }, "model":"item/weapons/rank34"},
{"predicate": {"custom_model_data": 35 }, "model":"item/weapons/rank35"},
{"predicate": {"custom_model_data": 36 }, "model":"item/weapons/rank36"},
{"predicate": {"custom_model_data": 37 }, "model":"item/weapons/rank37"},
{"predicate": {"custom_model_data": 38 }, "model":"item/weapons/rank38"},
{"predicate": {"custom_model_data": 39 }, "model":"item/weapons/rank39"},
{"predicate": {"custom_model_data": 40 }, "model":"item/weapons/rank40"},
{"predicate": {"custom_model_data": 41 }, "model":"item/weapons/rank41"},
{"predicate": {"custom_model_data": 42 }, "model":"item/weapons/rank42"},
{"predicate": {"custom_model_data": 43 }, "model":"item/weapons/rank43"},
{"predicate": {"custom_model_data": 44 }, "model":"item/weapons/rank44"},
{"predicate": {"custom_model_data": 45 }, "model":"item/weapons/rank45"},
{"predicate": {"custom_model_data": 46 }, "model":"item/weapons/rank46"},
{"predicate": {"custom_model_data": 47 }, "model":"item/weapons/rank47"},
{"predicate": {"custom_model_data": 48 }, "model":"item/weapons/rank48"},
{"predicate": {"custom_model_data": 49 }, "model":"item/weapons/rank49"},
{"predicate": {"custom_model_data": 50 }, "model":"item/weapons/rank50"},
{"predicate": {"custom_model_data": 51 }, "model":"item/weapons/rank51"},
{"predicate": {"custom_model_data": 52 }, "model":"item/weapons/rank52"},
{"predicate": {"custom_model_data": 53 }, "model":"item/weapons/rank53"},
{"predicate": {"custom_model_data": 54 }, "model":"item/weapons/rank54"},
{"predicate": {"custom_model_data": 55 }, "model":"item/weapons/rank55"},
{"predicate": {"custom_model_data": 56 }, "model":"item/weapons/rank56"},
{"predicate": {"custom_model_data": 57 }, "model":"item/weapons/rank57"},
{"predicate": {"custom_model_data": 58 }, "model":"item/weapons/rank58"},
{"predicate": {"custom_model_data": 59 }, "model":"item/weapons/rank59"},
{"predicate": {"custom_model_data":	2000}, "model":"item/weapons/completorank0"},
{"predicate": {"custom_model_data":	2001}, "model":"item/weapons/completorank1"},
{"predicate": {"custom_model_data":	2002}, "model":"item/weapons/completorank2"},
{"predicate": {"custom_model_data":	2003}, "model":"item/weapons/completorank3"},
{"predicate": {"custom_model_data":	2004}, "model":"item/weapons/completorank4"},
{"predicate": {"custom_model_data":	2005}, "model":"item/weapons/completorank5"},
{"predicate": {"custom_model_data":	2006}, "model":"item/weapons/completorank6"},
{"predicate": {"custom_model_data":	2007}, "model":"item/weapons/completorank7"},
{"predicate": {"custom_model_data":	2008}, "model":"item/weapons/completorank8"},
{"predicate": {"custom_model_data":	2009}, "model":"item/weapons/completorank9"},
{"predicate": {"custom_model_data":	2010}, "model":"item/weapons/completorank10"},
{"predicate": {"custom_model_data":	2011}, "model":"item/weapons/completorank11"},
{"predicate": {"custom_model_data":	2012}, "model":"item/weapons/completorank12"},
{"predicate": {"custom_model_data":	2013}, "model":"item/weapons/completorank13"},
{"predicate": {"custom_model_data":	2014}, "model":"item/weapons/completorank14"},
{"predicate": {"custom_model_data":	2015}, "model":"item/weapons/completorank15"},
{"predicate": {"custom_model_data":	2016}, "model":"item/weapons/completorank16"},
{"predicate": {"custom_model_data":	2017}, "model":"item/weapons/completorank17"},
{"predicate": {"custom_model_data":	2018}, "model":"item/weapons/completorank18"},
{"predicate": {"custom_model_data":	2019}, "model":"item/weapons/completorank19"},
{"predicate": {"custom_model_data":	2020}, "model":"item/weapons/completorank20"},
{"predicate": {"custom_model_data":	2021}, "model":"item/weapons/completorank21"},
{"predicate": {"custom_model_data":	2022}, "model":"item/weapons/completorank22"},
{"predicate": {"custom_model_data":	2023}, "model":"item/weapons/completorank23"},
{"predicate": {"custom_model_data":	2024}, "model":"item/weapons/completorank24"},
{"predicate": {"custom_model_data":	2025}, "model":"item/weapons/completorank25"},
{"predicate": {"custom_model_data":	2026}, "model":"item/weapons/completorank26"},
{"predicate": {"custom_model_data":	2027}, "model":"item/weapons/completorank27"},
{"predicate": {"custom_model_data":	2028}, "model":"item/weapons/completorank28"},
{"predicate": {"custom_model_data":	2029}, "model":"item/weapons/completorank29"},
{"predicate": {"custom_model_data":	2030}, "model":"item/weapons/completorank30"},
{"predicate": {"custom_model_data":	2031}, "model":"item/weapons/completorank31"},
{"predicate": {"custom_model_data":	2032}, "model":"item/weapons/completorank32"},
{"predicate": {"custom_model_data":	2033}, "model":"item/weapons/completorank33"},
{"predicate": {"custom_model_data":	2034}, "model":"item/weapons/completorank34"},
{"predicate": {"custom_model_data":	2035}, "model":"item/weapons/completorank35"},
{"predicate": {"custom_model_data":	2036}, "model":"item/weapons/completorank36"},
{"predicate": {"custom_model_data":	2037}, "model":"item/weapons/completorank37"},
{"predicate": {"custom_model_data":	2038}, "model":"item/weapons/completorank38"},
{"predicate": {"custom_model_data":	2039}, "model":"item/weapons/completorank39"},
{"predicate": {"custom_model_data":	2040}, "model":"item/weapons/completorank40"},
{"predicate": {"custom_model_data":	2041}, "model":"item/weapons/completorank41"},
{"predicate": {"custom_model_data":	2042}, "model":"item/weapons/completorank42"},
{"predicate": {"custom_model_data":	2043}, "model":"item/weapons/completorank43"},
{"predicate": {"custom_model_data":	2044}, "model":"item/weapons/completorank44"},
{"predicate": {"custom_model_data":	2045}, "model":"item/weapons/completorank45"},
{"predicate": {"custom_model_data":	2046}, "model":"item/weapons/completorank46"},
{"predicate": {"custom_model_data":	2047}, "model":"item/weapons/completorank47"},
{"predicate": {"custom_model_data":	2048}, "model":"item/weapons/completorank48"},
{"predicate": {"custom_model_data":	2049}, "model":"item/weapons/completorank49"},
{"predicate": {"custom_model_data":	2050}, "model":"item/weapons/completorank50"},
{"predicate": {"custom_model_data":	2051}, "model":"item/weapons/completorank51"},
{"predicate": {"custom_model_data":	2052}, "model":"item/weapons/completorank52"},
{"predicate": {"custom_model_data":	2053}, "model":"item/weapons/completorank53"},
{"predicate": {"custom_model_data":	2054}, "model":"item/weapons/completorank54"},
{"predicate": {"custom_model_data":	2055}, "model":"item/weapons/completorank55"},
{"predicate": {"custom_model_data":	2056}, "model":"item/weapons/completorank56"},
{"predicate": {"custom_model_data":	2057}, "model":"item/weapons/completorank57"},
{"predicate": {"custom_model_data":	2058}, "model":"item/weapons/completorank58"},
{"predicate": {"custom_model_data":	2059}, "model":"item/weapons/completorank59"}

 ]
}