{
	"parent": "item/handheld",
	"textures": {
		"layer0": "item/fire_charge"
	},
	"overrides": [
        {"predicate": {"custom_model_data":  0}, "model":"item/municoes/rpg7_missile"},
        {"predicate": {"custom_model_data":  1}, "model":"item/municoes/rpg7_missile"},
        {"predicate": {"custom_model_data":  2}, "model":"item/bullet/ai_awp_bullet"},
        {"predicate": {"custom_model_data":  3}, "model":"item/bullet/mosberg590_bullet"},
        {"predicate": {"custom_model_data":  4}, "model":"item/municoes/rpg7_missile"},
        {"predicate": {"custom_model_data":  5}, "model":"item/bullet/fn_fal_bullet"},
        {"predicate": {"custom_model_data":  6}, "model":"item/municoes/rpg7_missile"},
        {"predicate": {"custom_model_data":  7}, "model":"item/bullet/spr15_bullet"}
	]
}