{
	"parent": "item/handheld",
	"textures": {
		"layer0": "item/music_disc_13"
	},
	"overrides": [
        {"predicate": {"custom_model_data":0}, "model":"item/music_disc_13"},
    {"predicate": {"custom_model_data":  10}, "model":"item/weapons/minigun"},
    {"predicate": {"custom_model_data":  11}, "model":"item/weapons/type95"},
    {"predicate": {"custom_model_data":  12}, "model":"item/weapons/awp"},
    {"predicate": {"custom_model_data":  13}, "model":"item/weapons/vector"},
    {"predicate": {"custom_model_data":  14}, "model":"item/weapons/mk18"},
    {"predicate": {"custom_model_data":  16}, "model":"item/weapons/mk14"},
    {"predicate": {"custom_model_data":  17}, "model":"item/weapons/mrad"},
    {"predicate": {"custom_model_data":  18}, "model":"item/weapons/aa12"},
    {"predicate": {"custom_model_data":  19}, "model":"item/weapons/m1014"},
    {"predicate": {"custom_model_data":  20}, "model":"item/weapons/m870"},
    {"predicate": {"custom_model_data":  21}, "model":"item/weapons/mp7"},
    {"predicate": {"custom_model_data":  22}, "model":"item/weapons/mp5a5"},
    {"predicate": {"custom_model_data":  23}, "model":"item/weapons/m32"},
    {"predicate": {"custom_model_data":  24}, "model":"item/weapons/hk416a5"},
    {"predicate": {"custom_model_data":  25}, "model":"item/weapons/ak47"},
    {"predicate": {"custom_model_data":  26}, "model":"item/weapons/m4a1"},
    {"predicate": {"custom_model_data":  27}, "model":"item/weapons/scarl"},
    {"predicate": {"custom_model_data":  28}, "model":"item/weapons/qbz"},
    {"predicate": {"custom_model_data":  29}, "model":"item/weapons/mac10"},
    {"predicate": {"custom_model_data":  30}, "model":"item/weapons/m249"},
    {"predicate": {"custom_model_data":  31}, "model":"item/weapons/m60"},
    {"predicate": {"custom_model_data":  32}, "model":"item/weapons/rpg"},
    {"predicate": {"custom_model_data":  34}, "model":"item/weapons/glock17"},
    {"predicate": {"custom_model_data":  35}, "model":"item/weapons/m92fs"},
    {"predicate": {"custom_model_data":  36}, "model":"item/weapons/g34"},
    {"predicate": {"custom_model_data":  37}, "model":"item/weapons/deagle50"},
    {"predicate": {"custom_model_data":  38}, "model":"item/weapons/mk20"},
    {"predicate": {"custom_model_data":1010}, "model":"item/weapons/minigunaiming"},
    {"predicate": {"custom_model_data":1011}, "model":"item/weapons/type95aiming"},
    {"predicate": {"custom_model_data":1012}, "model":"item/weapons/reticle_pmii"},
    {"predicate": {"custom_model_data":1013}, "model":"item/weapons/vectoraiming"},
    {"predicate": {"custom_model_data":1014}, "model":"item/weapons/mk18aiming"},
    {"predicate": {"custom_model_data":1016}, "model":"item/weapons/reticle_pmii"},
    {"predicate": {"custom_model_data":1017}, "model":"item/weapons/reticle_pmii"},
    {"predicate": {"custom_model_data":1018}, "model":"item/weapons/aa12aiming"},
    {"predicate": {"custom_model_data":1019}, "model":"item/weapons/m1014aiming"},
    {"predicate": {"custom_model_data":1020}, "model":"item/weapons/m870aiming"},
    {"predicate": {"custom_model_data":1021}, "model":"item/weapons/mp7aiming"},
    {"predicate": {"custom_model_data":1022}, "model":"item/weapons/mp5a5aiming"},
    {"predicate": {"custom_model_data":1023}, "model":"item/weapons/m32aiming"},
    {"predicate": {"custom_model_data":1024}, "model":"item/weapons/hk416a5aiming"},
    {"predicate": {"custom_model_data":1025}, "model":"item/weapons/ak47aiming"},
    {"predicate": {"custom_model_data":1026}, "model":"item/weapons/m4a1aiming"},
    {"predicate": {"custom_model_data":1027}, "model":"item/weapons/scarlaiming"},
    {"predicate": {"custom_model_data":1028}, "model":"item/weapons/qbzaiming"},
    {"predicate": {"custom_model_data":1029}, "model":"item/weapons/mac10aiming"},
    {"predicate": {"custom_model_data":1030}, "model":"item/weapons/m249aiming"},
    {"predicate": {"custom_model_data":1031}, "model":"item/weapons/m60aiming"},
    {"predicate": {"custom_model_data":1032}, "model":"item/weapons/rpgaiming"},
    {"predicate": {"custom_model_data":1034}, "model":"item/weapons/glock17aiming"},
    {"predicate": {"custom_model_data":1035}, "model":"item/weapons/m92fsaiming"},
    {"predicate": {"custom_model_data":1036}, "model":"item/weapons/g34aiming"},
    {"predicate": {"custom_model_data":1037}, "model":"item/weapons/deagle50aiming"},
    {"predicate": {"custom_model_data":1038}, "model":"item/weapons/reticle_pmii"},
    {"predicate": {"custom_model_data":2010}, "model":"item/weapons/minigunsprinting"},
    {"predicate": {"custom_model_data":2011}, "model":"item/weapons/type95sprinting"},
    {"predicate": {"custom_model_data":2012}, "model":"item/weapons/awpsprinting"},
    {"predicate": {"custom_model_data":2013}, "model":"item/weapons/vectorsprinting"},
    {"predicate": {"custom_model_data":2014}, "model":"item/weapons/mk18sprinting"},
    {"predicate": {"custom_model_data":2016}, "model":"item/weapons/mk14sprinting"},
    {"predicate": {"custom_model_data":2017}, "model":"item/weapons/mradsprinting"},
    {"predicate": {"custom_model_data":2018}, "model":"item/weapons/aa12sprinting"},
    {"predicate": {"custom_model_data":2019}, "model":"item/weapons/m1014sprinting"},
    {"predicate": {"custom_model_data":2020}, "model":"item/weapons/m870sprinting"},
    {"predicate": {"custom_model_data":2021}, "model":"item/weapons/mp7sprinting"},
    {"predicate": {"custom_model_data":2022}, "model":"item/weapons/mp5a5sprinting"},
    {"predicate": {"custom_model_data":2023}, "model":"item/weapons/m32sprinting"},
    {"predicate": {"custom_model_data":2024}, "model":"item/weapons/hk416a5sprinting"},
    {"predicate": {"custom_model_data":2025}, "model":"item/weapons/ak47sprinting"},
    {"predicate": {"custom_model_data":2026}, "model":"item/weapons/m4a1sprinting"},
    {"predicate": {"custom_model_data":2027}, "model":"item/weapons/scarlsprinting"},
    {"predicate": {"custom_model_data":2028}, "model":"item/weapons/qbzsprinting"},
    {"predicate": {"custom_model_data":2029}, "model":"item/weapons/mac10sprinting"},
    {"predicate": {"custom_model_data":2030}, "model":"item/weapons/m249sprinting"},
    {"predicate": {"custom_model_data":2031}, "model":"item/weapons/m60sprinting"},
    {"predicate": {"custom_model_data":2032}, "model":"item/weapons/rpgsprinting"},
    {"predicate": {"custom_model_data":2034}, "model":"item/weapons/glock17sprinting"},
    {"predicate": {"custom_model_data":2035}, "model":"item/weapons/m92fssprinting"},
    {"predicate": {"custom_model_data":2036}, "model":"item/weapons/g34sprinting"},
    {"predicate": {"custom_model_data":2037}, "model":"item/weapons/deagle50sprinting"},
    {"predicate": {"custom_model_data":2038}, "model":"item/weapons/mk20sprinting"}
	]
}