{"providers":[{"type":"bitmap","file":"happyhud:font/assets/vanilla/back.png","height":45,"ascent":-100500,"chars":[""]},{"type":"bitmap","file":"happyhud:font/assets/vanilla/repair.png","height":128,"ascent":-101500,"chars":[""]},{"type":"bitmap","file":"happyhud:font/assets/vanilla/barra_ammo.png","height":15,"ascent":-108500,"chars":[""]},{"type":"bitmap","file":"happyhud:font/assets/vanilla/rpg.png","height":128,"ascent":-111500,"chars":[""]},{"type":"bitmap","file":"happyhud:font/assets/vanilla/sniper.png","height":113,"ascent":-112500,"chars":[""]},{"type":"bitmap","file":"happyhud:font/assets/vanilla/shotgun.png","height":128,"ascent":-113500,"chars":[""]},{"type":"bitmap","file":"happyhud:font/assets/vanilla/pistol.png","height":100,"ascent":-114500,"chars":[""]},{"type":"bitmap","file":"happyhud:font/assets/vanilla/fuzil.png","height":128,"ascent":-115500,"chars":[""]},{"type":"bitmap","file":"happyhud:font/assets/vanilla/light.png","height":128,"ascent":-116500,"chars":[""]},{"type":"bitmap","file":"happyhud:font/assets/vanilla/gradient-fill.png","height":2,"ascent":-117500,"chars":[""]}]}